from,to,distance,road_type,road_name,oneway
30037862,30037863,465.2133727293667,primary,Anna Salai (Mount Road),True
30037863,5528559497,19.111457307712495,primary,U turn in Guindy,True
30037863,301300008,81.68795551929793,primary,Anna Salai (Mount Road),True
30037866,3388925676,30.672977593504122,secondary,Velachery Road,True
30037866,256035580,89.24728124408051,primary,Towards Adayar,True
30037875,269768278,107.48060264561357,tertiary,,False
30037875,11778113354,42.12071546590074,primary,Anna Salai (Mount Road),True
30038751,364628444,98.86011480252266,residential,"1st Street, Balaji Nagar",False
30038751,364628438,82.39157490755278,primary,Inner Ring Road,True
30038752,369643898,206.46798392360196,primary,Inner Ring Road,True
30038752,11427772826,72.256637837369,residential,Pillaiyar Koil 1st Street,False
30038753,364637104,41.3382943198962,primary,Inner Ring Road,True
30038753,364628475,61.9218460394575,residential,Aovaiyaar Street,False
30051794,264031934,50.900064120876976,tertiary,Greenways Road,False
30051794,246825423,102.55018139040784,tertiary,Greenways Road,False
30051794,264031859,171.51126001464127,tertiary,Kamarajar Salai,False
30051796,264031598,147.2413085416015,tertiary,Kamarajar Salai,False
30051796,262680735,60.57770818164879,tertiary,Kamarajar Salai,False
30051796,262680772,100.38368298190008,residential,Park View Street,False
30051796,264031726,60.30506662641143,tertiary,Srinivasa Road,True
30237417,264040247,159.8780063560127,residential,,False
30237417,264040114,181.32134942062592,primary,DGS Dhinakaran Road,True
30268464,268790432,1038.8507774966536,primary,Sardar Patel Road,True
30268466,269219771,372.2819223005109,residential,West Canal Bank Road,False
30268466,249493615,82.2226671329705,primary,Sardar Patel Road,True
30268467,11936247015,12.083029371603708,primary,Rajiv Gandhi IT Expressway,True
243051152,30268466,24.10787380055623,primary,Sardar Patel Road,True
243051152,6816790397,13.656088694132858,primary,Rajiv Gandhi Salai,True
243051703,312031412,10.848982211382484,tertiary,Kasturibai Nagar 3rd Cross Street,False
243051703,9931546811,106.83225852708823,primary,Sardar Patel Road,True
243051706,249493611,13.238618137189956,residential,2nd Cross Street,False
243051706,11155218183,152.05289449313597,primary,Sardar Patel Road,True
243051708,249493600,25.656709244098874,primary,Sardar Patel Road,True
243051708,249497610,24.085469731131823,residential,,True
243051711,249493597,112.53792077149743,primary,Durgabai Deshmukh Road,True
243051711,249497690,44.45924376155015,primary_link,,True
243051718,12049269105,27.555371916726696,tertiary,Greenways Road,False
243051718,12049269093,30.20208931743238,primary,Durgabai Deshmukh Road,True
243064541,2215260391,86.48377583750607,primary,Durgabai Deshmukh Road,True
243064543,264031857,58.34227498538941,secondary,RK Mutt Road,True
243064543,1012658101,119.85936944275575,residential,Kuttigramani Street,False
243064543,246825948,46.5755454684211,primary,Broadie's Castle Road,True
243064547,9555938654,7.930004739781978,residential,,False
243064547,264040580,66.06708414453293,residential,Thiruvengadam Street,True
243323043,264040572,110.86744059618323,residential,Norton Road,False
243323043,264040569,92.52475562718348,tertiary,South Canal Bank Road,False
243325994,2407565891,29.517634021464996,residential,Theradi Street,False
243325994,2407565892,96.29762641677289,residential,"['East Mada Street', 'Theradi Street']",False
243325994,2407565892,97.70344086362354,"['residential', 'living_street']","['சன்னதி தெரு', 'தேரடி தெரு']",False
243326004,338406860,12.895431120939078,secondary,Velachery Main Road,False
243326004,4450473918,184.85466148335814,primary,Taramani Link Road,True
243326004,338461410,109.37630524790046,secondary,Velachery Main Road,False
246824741,2212827553,10.022541707674808,tertiary,Ponniamman Koil Road,False
246824741,335997558,86.25405257510684,secondary,Gandhi Mandapam Road,True
246824741,269219636,278.88413181229436,residential,Ranjith Road,False
246824743,269219209,38.14498305355729,residential,,False
246825423,30051794,102.55018139040784,tertiary,Greenways Road,False
246825423,12049269105,20.93785479743335,tertiary,Greenways Road,False
246825424,262680543,28.67826652965769,tertiary,Greenways Road,False
246825424,262680675,257.26426219059414,tertiary,PS Kumarasamy Raja Road,False
246825424,11792407272,91.9355675463059,residential,,False
246825428,262680786,74.5466232339879,residential,East Avenue,False
246825428,11645078611,33.635896450640985,tertiary,PS Kumarasamy Raja Road,False
246825428,246825431,191.80349650999796,tertiary,"['Greenways Road', 'PS Kumarasamy Raja Road']",False
246825431,2407564056,78.52852248535163,residential,South Kesawapuram Street,False
246825431,262680785,118.2011570406605,tertiary,Greenways Road,False
246825431,246825428,191.80349650999796,tertiary,"['Greenways Road', 'PS Kumarasamy Raja Road']",False
246825948,310503287,139.3384722303142,primary,Broadie's Castle Road,True
246825949,264040103,90.64108689949539,primary,DGS Dhinakaran Road,True
246827325,9181580882,78.92723060795225,tertiary,Srinivasa Road,True
246827325,264031599,90.33878122393003,residential,2nd Main Road,False
246827326,9502019360,124.70914763663974,tertiary,Srinivasa Road,True
246827326,410695946,63.70564155775552,residential,2nd Cross Street,False
246827326,264031582,96.46897159572936,residential,School View Road,False
246866333,333719120,9.843084667082909,residential,,False
246866333,301299659,261.3105208010784,primary,East Coast Road,True
246866335,334547778,44.67602507270785,residential,Rajaji Nagar Main Road,False
246866335,246866333,204.80002589363363,primary,East Coast Road,True
246866969,338470506,11.354181378911873,tertiary,,False
246866969,1454664553,16.322331338989077,primary,Taramani Link Road,True
246867074,1183430847,7.643467556120243,tertiary,,False
246867074,1676204864,898.1980775921483,tertiary,Taramani Road,True
247074863,13284331470,209.5177054398532,secondary,1st Main Road,True
247074863,269768005,191.130124287629,primary,Anna Salai (Mount Road),True
247713922,14148225611,106.91690053451515,primary,Anna Salai (Mount Road),True
247714021,280088653,18.0287822642838,secondary,Alandur Road,False
247714021,2241065790,137.20972255508593,residential,,False
247714021,247714023,215.37398490533008,secondary,Alandur Road,False
247714023,2241063790,26.022473055825085,tertiary,,False
247714023,247714177,311.5443838697412,secondary,Alandur Road,False
247714023,247714021,215.37398490533005,secondary,Alandur Road,False
247714027,247714030,126.42891036614658,secondary,Alandur Road,True
247714027,2241058223,151.88862012701355,primary,Anna Salai (Mount Road),True
247714030,2241058288,23.4982040188497,tertiary,,False
247714030,2241058223,87.69333128357438,secondary,,True
247714030,247714177,330.29124562287564,secondary,Alandur Road,False
247714167,369149711,138.42858288924336,residential,,False
247714167,11738746804,23.296688206526888,secondary,Water Works Road,True
247714170,256029493,137.2836692965167,residential,,False
247714170,12756718991,40.092538700588776,secondary,Water Works Road,True
247714174,368386197,83.41733447699,secondary,,False
247714174,256029539,161.39413638091574,residential,,False
247714174,256029544,184.92129171631515,residential,,False
247714174,6496915031,63.920474727136465,secondary,,False
247714176,368386147,4.444955246021609,secondary,,False
247714176,368386197,30.320750771813906,secondary,,False
247714176,256029549,163.38258467510337,residential,,False
247714177,2241062418,24.337808719006393,secondary,,False
247714177,247714023,311.5443838697412,secondary,Alandur Road,False
247714177,247714030,330.29124562287564,secondary,Alandur Road,False
247714535,313444644,116.55945548312222,secondary,Racecourse Road,True
247714547,11944753128,101.39485641158917,secondary,Racecourse Road,True
247714547,5733272620,349.9490478767513,residential,,False
247714655,13909222840,8.97939164336872,residential,,False
247714655,11238112990,135.85686499705204,secondary,Racecourse Road,True
247714661,247714662,7.489914144924624,residential,,False
247714661,11330205225,41.91567186130867,secondary,Racecourse Road,True
247714662,247714661,7.489914144924624,residential,,False
247714662,247714665,174.59669677259683,secondary,"['Racecourse Road', 'Race Course Road']",True
247714665,11925287669,8.430617007710653,secondary,Five Furlong Road,True
247714667,11632563840,6.089358600310938,secondary,Five Furlong Road,False
247714667,339291586,119.73711140475157,tertiary,Pillayar koil street,False
247714667,2168960252,215.0918595857822,secondary,Five Furlong Road,False
247714672,366081884,10.323222194171734,secondary,Five Furlong Road,False
247714672,2168960252,540.7527616030984,secondary,Five Furlong Road,False
247714672,300195705,202.04463729403523,secondary,Velachery Main Road,True
248700536,250363605,28.429772425551253,secondary,New Boag Road,False
248700536,250363595,75.58389045218046,residential,,False
249112798,7111954110,13.851421586235693,secondary,Velachery Main Road,True
249112798,325206177,225.8108405086178,primary,Velachery Bypass Road,True
249493597,6451636063,67.14204694345872,primary,Durgabai Deshmukh Road,True
249493597,249497618,10.805088511285946,residential,Gandhi Nagar 4th Main Road,True
249493598,249497600,159.90768551284685,residential,B. Ramachandra Adithanar Road,False
249493598,249493616,80.65752971937941,tertiary,Canal Bank Road,False
249493598,249497602,70.07880407535507,tertiary,Canal Bank Road,False
249493600,11158572903,11.500799111154981,primary,Sardar Patel Road,True
249493601,249493602,103.18001076771749,residential,2nd Cross Street,False
249493601,9179599578,47.78387088683095,residential,2nd Cross Street,False
249493601,11042266858,161.2426481509993,residential,Gandhi Nagar 3rd Main Road,False
249493601,249497608,321.54280765253134,residential,Gandhi Nagar 3rd Main Road,False
249493602,249493601,103.18001076771749,residential,2nd Cross Street,False
249493602,249497629,97.83892850528616,residential,B. Ramachandra Adithanar Road,False
249493602,249497592,375.46606158906457,residential,B. Ramachandra Adithanar Road,False
249493602,9179599586,193.80397741564207,residential,Crescent Park 1st Main Road,False
249493611,9179599582,54.897850998261156,residential,2nd Cross Street,False
249493611,243051706,13.238618137189956,residential,2nd Cross Street,False
249493611,11155218183,154.87660813683485,residential,Gandhi Nagar 1st Main Road,True
249493614,11510668897,11.386169230952943,tertiary,Canal Bank Road,False
249493614,249497606,330.72344208939796,residential,Gandhi Nagar 1st Main Road,True
249493614,249497584,103.18405608025498,tertiary,Canal Bank Road,False
249493615,11510668897,13.501404692573429,tertiary,Canal Bank Road,False
249493615,12756764775,68.81553088205139,primary,Sardar Patel Road,True
249493616,249493598,80.65752971937941,tertiary,Canal Bank Road,False
249493616,249497600,229.95835636509437,residential,3rd Canal Cross Street,False
249493616,334701849,99.25912352216653,tertiary,East Kottur Canal Bank Road,False
249493617,9179599583,46.37738989367628,residential,3rd Cross Street,False
249493617,249497628,116.30016585802917,residential,B. Ramachandra Adithanar Road,False
249493617,249497600,139.67419114975363,residential,B. Ramachandra Adithanar Road,False
249493617,249497620,111.1785064188328,residential,Crescent Avenue,False
249497584,249497604,72.75510349888833,tertiary,Canal Bank Road,False
249497584,249497599,179.3335359383078,residential,Gandhi Nagar 2nd Main Road,False
249497584,249493614,103.18405608025498,tertiary,Canal Bank Road,False
249497585,249497607,318.7543159105477,residential,Gandhi Nagar 2nd Main Road,False
249497585,9179599578,54.864491565096344,residential,2nd Cross Street,False
249497585,9179599582,48.21405353745596,residential,2nd Cross Street,False
249497585,249497587,290.4129720500738,residential,Gandhi Nagar 2nd Main Road,False
249497587,249497619,94.34620968527491,residential,1st Cross Street,False
249497587,249497593,122.55975829159321,residential,Gandhi Nagar 2nd Main Road,False
249497587,249497585,290.4129720500738,residential,Gandhi Nagar 2nd Main Road,False
249497587,249497610,99.23403623375314,residential,1st Cross Street,False
249497592,249497593,103.18400608792535,residential,Gandhi Nagar 2nd Main Road,False
249497592,6451636068,77.13808313441314,residential,B. Ramachandra Adithanar Road,False
249497592,249493602,375.46606158906457,residential,B. Ramachandra Adithanar Road,False
249497592,11772949114,88.9076078555459,residential,PS Road,False
249497593,249497619,103.50107691990931,residential,Gandhi Nagar 3rd Main Road,False
249497593,249497592,103.18400608792537,residential,Gandhi Nagar 2nd Main Road,False
249497593,249497587,122.5597582915932,residential,Gandhi Nagar 2nd Main Road,False
249497598,249497603,32.113740828495445,residential,4th Cross Street,False
249497598,249497605,32.446055388917735,residential,4th Cross Street,False
249497598,249497608,139.90273319778456,residential,Gandhi Nagar 3rd Main Road,False
249497599,9179599575,55.252726942803015,residential,4th Cross Street,False
249497599,249497607,141.44895695496947,residential,Gandhi Nagar 2nd Main Road,False
249497599,249497584,179.3335359383078,residential,Gandhi Nagar 2nd Main Road,False
249497600,249497603,69.50847021257914,residential,4th Cross Street,False
249497600,249493617,139.67419114975363,residential,B. Ramachandra Adithanar Road,False
249497600,249493598,159.90768551284685,residential,B. Ramachandra Adithanar Road,False
249497600,249493616,229.9583563650944,residential,3rd Canal Cross Street,False
249497602,249497603,167.24263009714278,residential,2nd Canal Cross Street,False
249497602,249497604,65.45310994247484,tertiary,Canal Bank Road,False
249497602,249493598,70.07880407535507,tertiary,Canal Bank Road,False
249497603,249497602,167.24263009714278,residential,2nd Canal Cross Street,False
249497603,249497600,69.50847021257914,residential,4th Cross Street,False
249497603,249497598,32.113740828495445,residential,4th Cross Street,False
249497604,249497605,172.33033265555434,residential,1st Canal Cross Street,False
249497604,249497602,65.45310994247484,tertiary,Canal Bank Road,False
249497604,249497584,72.75510349888833,tertiary,Canal Bank Road,False
249497605,249497604,172.33033265555434,residential,1st Canal Cross Street,False
249497605,249497598,32.446055388917735,residential,4th Cross Street,False
249497605,9179599575,14.622312799933665,residential,4th Cross Street,False
249497606,9179599579,51.77844138348357,residential,3rd Cross Street,False
249497606,249493611,319.30172684022125,residential,Gandhi Nagar 1st Main Road,True
249497607,9179599577,55.35905822212792,residential,3rd Cross Street,False
249497607,9179599579,49.902301589684356,residential,3rd Cross Street,False
249497607,249497585,318.7543159105477,residential,Gandhi Nagar 2nd Main Road,False
249497607,249497599,141.44895695496947,residential,Gandhi Nagar 2nd Main Road,False
249497608,9179599583,57.73792861016911,residential,3rd Cross Street,False
249497608,9179599577,44.341424001718906,residential,3rd Cross Street,False
249497608,249497598,139.90273319778456,residential,Gandhi Nagar 3rd Main Road,False
249497608,249493601,321.54280765253134,residential,Gandhi Nagar 3rd Main Road,False
249497609,249497872,112.05637970198407,residential,2nd Main Road,False
249497609,249497866,101.71497138515568,residential,Crescent Avenue,False
249497609,249497620,111.09692754312752,residential,Crescent Avenue,False
249497609,249497633,78.44392350814553,residential,2nd Main Road,False
249497610,249497587,99.23403623375314,residential,1st Cross Street,False
249497610,13327985346,27.91332118434433,residential,Gandhi Nagar 1st Main Road,True
249497618,6451636068,26.356639672407905,residential,Gandhi Nagar 4th Main Road,True
249497619,249497587,94.34620968527491,residential,1st Cross Street,False
249497619,11042266858,100.0532207056185,residential,Gandhi Nagar 3rd Main Road,False
249497619,249497593,103.50107691990931,residential,Gandhi Nagar 3rd Main Road,False
249497620,249497609,111.09692754312752,residential,Crescent Avenue,False
249497620,249497628,105.70383654517303,residential,3rd Main Road,False
249497620,249493617,111.1785064188328,residential,Crescent Avenue,False
249497628,249497629,107.99745128757615,residential,B. Ramachandra Adithanar Road,False
249497628,249493617,116.30016585802917,residential,B. Ramachandra Adithanar Road,False
249497628,249497620,105.70383654517306,residential,3rd Main Road,False
249497629,249493602,97.83892850528616,residential,B. Ramachandra Adithanar Road,False
249497629,249497628,107.99745128757615,residential,B. Ramachandra Adithanar Road,False
249497629,12100200896,84.15414297354252,residential,2nd Main Road,False
249497633,249497609,78.44392350814553,residential,2nd Main Road,False
249497633,12100200896,49.216044824130385,residential,2nd Main Road,False
249497633,9179599586,103.08038135094063,residential,,False
249497655,312024954,127.9409090781234,residential,Govindarajapuram 1st Street,False
249497655,9931546811,11.209490696587839,residential,,False
249497655,312024952,42.760472959244936,primary,Sardar Patel Road,True
249497656,11066130875,39.9718164875652,residential,Kasturibai Nagar 1st Cross Street,False
249497656,257432741,195.69420242795508,primary,Sardar Patel Road,True
249497661,257431351,273.77597954502744,secondary,Adyar Flyover,True
249497661,12156971224,500.5345707671456,primary,Adyar Flyover,False
249497661,12156971222,293.0728807295028,primary,Adyar Flyover,False
249497688,313774937,31.416634466500806,residential,Arunachalapuram Main Road,False
249497688,249497690,79.75423349938238,primary,Sardar Patel Road,True
249497690,249497692,42.639936159068306,primary,Sardar Patel Road,True
249497692,249497710,48.56274478971779,secondary,,True
249497692,249497694,52.32836272361678,primary,Sardar Patel Road,True
249497694,13911105867,132.56140261918316,primary,Sardar Patel Road,True
249497694,249497703,64.60427501131771,secondary,,True
249497698,11158572902,22.333593757625625,primary,Sardar Patel Road,True
249497698,12686795214,30.187277218298476,primary_link,,True
249497699,12686795213,15.32125822747184,secondary_link,,False
249497699,335535129,119.9571103080998,residential,1st Street,True
249497699,313775096,150.08578822965833,secondary_link,,True
249497703,243051711,89.57004293495083,primary,Durgabai Deshmukh Road,True
249497710,310580344,102.03207732979223,secondary,Besant Avenue Road,False
249497710,249497694,65.92730164042803,secondary,,True
249497716,249493600,21.019471420620945,secondary,Dr Muthulakshmi Salai,True
249497716,12156971222,259.3939411200253,primary,Sardar Patel Road,True
249497865,249497866,113.37104287081422,residential,Crescent Park 1st Main Road,False
249497866,249497609,101.71497138515568,residential,Crescent Avenue,False
249497866,249497865,113.37104287081422,residential,Crescent Park 1st Main Road,False
249497866,9179599586,115.65447574002951,residential,Crescent Park 1st Main Road,False
249497872,249497609,112.05637970198407,residential,2nd Main Road,False
249497874,2218345819,49.076495591578336,tertiary,East Kottur Canal Bank Road,False
249497874,249497877,61.644472595401936,tertiary,East Kottur Canal Bank Road,False
249497874,11773362725,47.58790346207418,residential,,False
249497877,11773362725,40.20538143811799,residential,,False
249497877,249497874,61.644472595401936,tertiary,East Kottur Canal Bank Road,False
249497877,334701818,109.44321829505161,tertiary,East Kottur Canal Bank Road,False
250363446,2237675832,12.395745205061804,residential,Shastri Street,False
250363446,10738744587,72.2727705958496,secondary,70 Feet Road,True
250363496,250363515,46.29537148171149,residential,Hospital Road,False
250363496,250363498,169.61939174423625,residential,,False
250363497,2168668966,31.350955854282557,secondary,70 Feet Road,True
250363497,7035475575,7.977529449713781,residential,,False
250363497,250363589,128.78126101388463,residential,Hospital Road,False
250363498,250363513,42.48392277602654,residential,Gandhi Street,False
250363498,250363496,169.61939174423625,residential,,False
250363498,2237675844,89.10244430998931,residential,,False
250363499,7035475569,10.293389997419075,residential,Gandhi Street,False
250363499,2237675838,35.77739475885476,secondary,70 Feet Road,True
250363499,250363500,81.7919133605777,residential,North Road,False
250363500,250363552,48.77321575603056,residential,West Road,False
250363500,11491395660,269.6791669630039,residential,North Road,False
250363500,250363499,81.7919133605777,residential,North Road,False
250363513,7035475569,121.96864215008188,residential,Gandhi Street,False
250363513,250363498,42.48392277602654,residential,Gandhi Street,False
250363513,250363516,41.64490813611779,residential,2nd Street,False
250363513,2237675844,44.46925159412057,residential,2nd Street,False
250363515,7035475575,111.40613474931438,residential,Hospital Road,False
250363515,250363496,46.29537148171149,residential,Hospital Road,False
250363515,250363519,31.638890567832966,residential,2nd Street,False
250363516,250363518,48.94121586202748,residential,2nd Street,False
250363516,250363513,41.64490813611779,residential,2nd Street,False
250363516,7035475577,119.36705688547137,residential,,False
250363518,250363519,48.08710674589465,residential,2nd Street,False
250363518,250363516,48.94121586202748,residential,2nd Street,False
250363518,250363523,40.22641258402678,residential,,False
250363519,250363515,31.638890567832966,residential,2nd Street,False
250363519,250363518,48.08710674589465,residential,2nd Street,False
250363519,250363522,37.07550575862883,residential,,False
250363522,250363524,37.66466625412252,residential,,False
250363522,250363519,37.07550575862883,residential,,False
250363522,250363523,46.91376788212397,residential,,False
250363523,250363518,40.22641258402678,residential,,False
250363523,250363525,36.54232540935592,residential,,False
250363523,250363522,46.91376788212397,residential,,False
250363524,7035475572,37.93942757191279,residential,,False
250363524,250363522,37.66466625412252,residential,,False
250363524,250363525,47.846954928602734,residential,,False
250363525,250363523,36.54232540935592,residential,,False
250363525,7035475576,40.47425158928048,residential,,False
250363525,250363524,47.846954928602734,residential,,False
250363542,269768067,35.94802701028729,residential,,False
250363542,250363586,254.44971337806092,residential,East Road,False
250363542,3048092023,93.48142361067619,residential,,False
250363542,1723299453,183.40508957235045,residential,,False
250363545,11491395648,49.92688304299447,residential,East Road,False
250363545,250363586,69.74422187878046,residential,East Road,False
250363545,250363552,282.15346023361417,residential,1st Cross Street,False
250363552,250363580,61.79056881488845,residential,West Road,False
250363552,250363500,48.77321575603056,residential,West Road,False
250363552,250363545,282.15346023361417,residential,1st Cross Street,False
250363577,250363580,35.15676211817456,residential,West Road,False
250363577,2239155981,35.61251366243856,residential,,False
250363577,269768067,257.92208242665754,residential,West Road,False
250363580,250363577,35.15676211817456,residential,West Road,False
250363580,250363552,61.79056881488845,residential,West Road,False
250363580,1723299453,214.3526568298695,residential,2nd Cross Street,False
250363586,1723299453,73.19241097126466,residential,2nd Cross Street,False
250363586,250363545,69.74422187878046,residential,East Road,False
250363586,250363542,254.44971337806092,residential,East Road,False
250363589,250363592,61.76219817493533,residential,Muthurangam Road,False
250363589,250363597,31.287798642830737,residential,Hospital Road,False
250363589,250363497,128.78126101388463,residential,Hospital Road,False
250363592,250363589,61.76219817493533,residential,Muthurangam Road,False
250363595,250363603,44.319851788372986,residential,,False
250363595,248700536,75.58389045218046,residential,,False
250363595,250363597,28.307075561728322,residential,Hospital Road,False
250363597,250363608,51.11000112283066,residential,,False
250363597,250363605,75.24506281081577,residential,,False
250363597,250363589,31.287798642830737,residential,Hospital Road,False
250363597,250363595,28.307075561728322,residential,Hospital Road,False
250363603,250363595,44.319851788372986,residential,,False
250363605,248700536,28.429772425551253,secondary,New Boag Road,False
250363605,250363597,75.24506281081577,residential,,False
250363608,250363597,51.11000112283066,residential,,False
251172939,338466168,65.78307053114212,residential,New Colony 1st Street,False
251172939,4294274223,13.045303304621289,tertiary,New Colony Main Road,False
251172939,338466165,77.26677218487038,primary,Taramani Link Road,True
251172944,251172939,174.85608696671903,primary,Taramani Link Road,True
251172944,4226494690,8.561461913090302,primary_link,,False
251172944,338223241,55.386790547350124,residential,Ayodhya Colony,False
251296646,338466558,124.5931399356386,residential,Raniyammal Street,False
251296646,338466414,31.62955777478461,primary,Taramani Link Road,True
252391738,269219247,93.75645539624446,residential,Murugappa Road,False
252391738,9189133175,138.77202022224208,residential,Ranjith Road,False
252391738,269219217,123.89946736396652,residential,Ranjith Road,False
252391739,269219247,139.39325165279794,residential,Murugappa Road,False
252391739,6496905521,9.378091222167704,residential,,False
252391739,269219300,97.93299959336385,secondary,Gandhi Mandapam Road,True
256029411,364879856,59.06942999104124,residential,,False
256029411,11033780594,17.15405738545707,tertiary,,True
256029471,364879668,25.87002569579297,residential,,False
256029471,364879856,52.78219078720353,residential,,False
256029471,7826394668,79.84827359738563,residential,,False
256029482,364879855,67.94205081054275,residential,,False
256029482,256029539,69.53112471601104,residential,,False
256029482,11033780594,150.49784950689173,tertiary,,False
256029482,12995827023,89.08377968444475,tertiary,,False
256029493,7826394670,30.896385580487408,residential,,False
256029493,247714170,137.2836692965167,residential,,False
256029493,12756718992,40.65685991999858,residential,,False
256029493,364879855,50.35728261009592,residential,,False
256029528,11033781227,43.30598747015527,residential,,False
256029528,2241058327,43.01561589735148,residential,,False
256029528,2241062381,197.35685989332805,residential,,False
256029529,256029530,144.12132115082088,residential,,False
256029529,12741357173,17.90555675195663,secondary,Water Works Road,True
256029530,2241062381,49.33055915446764,residential,,False
256029530,12756718992,43.24227198040469,residential,,False
256029530,7826394671,29.041690553082173,residential,,False
256029530,256029529,144.12132115082088,residential,,False
256029531,364879668,58.60462445245943,residential,,False
256029531,7826394669,78.64942496154248,residential,,False
256029531,2241058327,44.46667432538162,residential,,False
256029531,6496066205,124.87247138661144,residential,,False
256029539,256029482,69.53112471601104,residential,,False
256029539,256029549,51.12199330112801,residential,,False
256029539,247714174,161.39413638091574,residential,,False
256029542,256029543,160.205538889242,residential,,False
256029542,11033780591,49.15504081484616,tertiary,,False
256029542,2241058288,59.010253844662145,tertiary,,False
256029543,256029549,57.0925430201031,residential,,False
256029543,2241060224,60.61823198773745,residential,,False
256029543,256029542,160.205538889242,residential,,False
256029544,369632138,64.09362659433408,tertiary,Corporation Water Works Road,False
256029544,369632146,40.20055955078027,tertiary,Corporation Water Works Road,False
256029544,247714174,184.92129171631515,residential,,False
256029549,256029539,51.12199330112801,residential,,False
256029549,256029543,57.0925430201031,residential,,False
256029549,247714176,163.38258467510337,residential,,False
256029549,11033780593,150.3570570441878,residential,,False
256029755,343711369,13.879382782863626,secondary,Mosque Street,False
256029755,2239237809,62.31567682540984,residential,Hospital Road,False
256029755,7042650198,16.888808776862117,residential,Hospital Road,False
256029763,256029764,46.946937082538426,residential,Hospital Road,False
256029763,2239237809,89.88157372793388,residential,Hospital Road,False
256029764,301300026,12.495390154487053,residential,Hospital Road,False
256029764,256029763,46.946937082538426,residential,Hospital Road,False
256029776,301300045,27.64255016523201,residential,Hospital Road,False
256029776,301300026,25.144024942899055,residential,Hospital Road,False
256031614,1412280354,58.719420066490606,residential,Hospital Road,False
256031614,416016127,59.82099859792946,residential,VGP Road,False
256035491,278613467,37.7977663759546,primary,Anna Salai (Mount Road),True
256035543,256035544,52.10202339793764,residential,,False
256035543,2168668922,47.91643805933756,residential,Soodiammanpet Street,False
256035543,10548419779,57.88998605707821,residential,Pillaiyar Koil Street,False
256035544,256035543,52.10202339793764,residential,,False
256035547,2168668912,29.00186857626843,residential,,False
256035548,11774985688,2.712821068843103,residential,,False
256035548,2168668912,26.451514813940477,residential,,False
256035553,256035558,25.547625812548347,living_street,,False
256035554,2237675805,32.787665411730636,residential,,False
256035554,11774985697,69.77032356557193,residential,,False
256035554,11774985688,14.5926075891127,residential,,False
256035558,11774985685,19.485713385572367,residential,,False
256035558,256035553,25.547625812548343,living_street,,False
256035558,11774985697,11.089105602708832,living_street,,False
256035561,12704454323,120.92649642292974,primary,"['Mambalam Canal Bridge', 'Anna Salai (Mount Road)']",True
256035574,269767394,14.655484655524454,residential,4th Street,False
256035577,2168668880,72.92742866429614,residential,Jothiammal Nagar,False
256035577,7652452428,203.7834790926626,residential,Jothiammal Nagar,False
256035577,2168668876,188.12083001966278,residential,,False
256035578,269767393,21.48406718881797,residential,,False
256035578,2168668870,85.11156199732855,residential,,False
256035578,1411621698,154.15704331964147,residential,,False
256035580,269767368,69.48661981067366,primary,Taluk Office Road,True
256035584,5528559495,54.74561362331659,primary,Sardar Patel Road,True
256035584,256039826,57.48240151544705,primary,Anna Salai (Mount Road),True
256039826,247714535,546.9461766411004,primary,Anna Salai (Mount Road),True
256039827,256039832,92.73370847487729,primary_link,,True
256039827,30037862,249.1686470790584,primary,"['Guindy Bridge', 'Anna Salai (Mount Road)']",True
256039832,2241058223,457.24985401928944,residential,,False
256039832,11160175939,280.34607433224556,residential,,False
256039853,12159256548,41.05373495667487,primary,"['Grand Southern Trunk Road Flyover', 'Kathipara Interchange Flyover']",True
256119277,11038553188,60.30919201468252,primary,Grand Southern Trunk Road,True
256124380,256039892,199.8301174263476,primary_link,Kathipara Interchange Ramp,True
256124380,256039853,147.378212282605,primary_link,Kathipara Interchange Flyover Ramp,True
257430009,312031437,83.2628793977349,residential,Arangannai Salai,False
257430009,257430010,68.40274085431837,residential,Arangannai Salai,False
257430009,6445985885,30.92773738112517,residential,3rd Main Road,False
257430009,257430053,350.673794897508,residential,3rd Main Road,False
257430010,312031440,200.78747222434424,residential,4th Main Road,False
257430010,257430009,68.40274085431837,residential,Arangannai Salai,False
257430010,257430011,53.98428734684556,residential,Arangannai Salai,False
257430011,4843378601,190.56990163973043,residential,5th Main Road,False
257430011,257430010,53.98428734684556,residential,Arangannai Salai,False
257430011,312031446,49.13388868786249,residential,Arangannai Salai,False
257430014,313774888,40.978702796636156,residential,14th Cross Street,False
257430014,335515590,53.90826527960665,residential,Indira Nagar 13th Cross Street,False
257430014,313774884,153.22179038515512,residential,Indira Nagar 13th Cross Street,False
257430016,313774900,186.35877126907175,residential,11th Cross Street,False
257430016,313774898,58.096371916720834,residential,Indira Nagar 13th Cross Street,False
257430016,312025154,244.60659371744327,residential,"['Indira Nagar 13th Cross Street', '12th Cross Street']",False
257430019,310535740,9.01770001255232,tertiary,Shastri Nagar 1st Avenue,False
257430019,257432738,138.1600027997482,secondary,Dr Muthulakshmi Salai,True
257430019,11061455135,129.40959136061903,residential,Kamaraj Avenue 2nd Street,False
257430022,6451802676,91.48406764788,secondary,Dr Muthulakshmi Salai,True
257430022,310535742,11.984985368247441,secondary,Mahatma Gandhi Road,True
257430024,12541133530,120.25516104357129,secondary,Dr. Muthulakshmi Road,True
257430024,319489459,82.32862723743588,residential,4th Avenue,False
257430025,13875637493,23.895884902431497,secondary,Dr. Muthulakshmi Road,True
257430025,319489298,75.82282923296074,residential,29th Cross Street,False
257430036,313774920,7.039937333434999,secondary,Besant Avenue Road,False
257430036,313775244,27.07678965179513,secondary,Besant Avenue Road,False
257430036,257430152,509.60532360193866,tertiary,Blue Cross Street,False
257430044,299805457,48.386583564444194,residential,Besant Nagar 4th Avenue,False
257430044,257432704,54.58686534353955,secondary,Besant Avenue Road,False
257430044,10281695761,8.954700736541676,secondary,Besant Avenue Road,False
257430045,299808129,14.479596883199317,tertiary,,True
257430045,10281695769,51.04468806321043,secondary,,True
257430047,12901410646,6.556525234863886,secondary,Mahatma Gandhi Road,True
257430048,319495761,50.5580333497136,residential,,False
257430048,299805278,56.854132993430795,tertiary,Besant Nagar 1st Main Road,False
257430048,299805265,151.19114464827163,secondary,Mahatma Gandhi Road,False
257430048,334267130,160.77476485197397,secondary,Mahatma Gandhi Road,False
257430049,313786545,64.78990250680721,secondary,Mahatma Gandhi Road,False
257430049,299805288,59.66622699106758,residential,Ellaiamman Koil Street,False
257430049,313786539,60.549310071456624,residential,TM Maistry Street,False
257430049,299805265,156.1685486228395,secondary,Mahatma Gandhi Road,False
257430050,313786561,4.764534220732853,secondary,Mahatma Gandhi Road,False
257430050,310535969,79.03602874515688,secondary,Mahatma Gandhi Road,False
257430050,313783492,80.16324045886824,tertiary,Shastri Nagar1st Main Road,True
257430051,313786557,119.59541296971346,secondary,Mahatma Gandhi Road,False
257430051,10310854926,76.22588633721315,secondary,Mahatma Gandhi Road,True
257430052,257430053,86.9181003667909,tertiary,Kasturibai Nagar 3rd Cross Street,False
257430052,4839873137,33.32797432944864,residential,,False
257430052,312031437,351.8903768961465,residential,,False
257430052,12484349560,86.21595229336764,tertiary,Kasturibai Nagar 3rd Cross Street,False
257430053,257430060,85.777957381773,tertiary,Kasturibai Nagar 3rd Cross Street,False
257430053,257430052,86.9181003667909,tertiary,Kasturibai Nagar 3rd Cross Street,False
257430053,312024915,152.88379766816598,residential,3rd Main Road,False
257430053,257430009,350.67379489750795,residential,3rd Main Road,False
257430060,312024792,66.55871821565532,tertiary,Kasturibai Nagar 3rd Cross Street,False
257430060,257430053,85.777957381773,tertiary,Kasturibai Nagar 3rd Cross Street,False
257430060,257432742,164.48690801222025,residential,1st Street,False
257430060,312031463,46.997996261342436,residential,4th Main Road,False
257430061,257430062,75.46162192533293,tertiary,Kasturibai Nagar 3rd Cross Street,False
257430061,312024966,61.3561491040225,tertiary,Kasturibai Nagar 3rd Cross Street,False
257430061,257432740,162.32128907193842,residential,4th Street,False
257430062,257430063,68.38350136276904,tertiary,Kasturibai Nagar 3rd Cross Street,False
257430062,257430061,75.46162192533293,tertiary,Kasturibai Nagar 3rd Cross Street,False
257430062,257432743,163.45283989266932,residential,Kamaraj Avenue 1st Street,False
257430062,257432745,349.2243397312794,residential,Kamaraj Avenue 1st Street,False
257430063,312025053,54.59778180789491,tertiary,Kasturibai Nagar 3rd Cross Street,False
257430063,257430062,68.38350136276904,tertiary,Kasturibai Nagar 3rd Cross Street,False
257430063,335515546,97.59781368528006,residential,Kamaraj Avenue 2nd Street,False
257430063,257430108,163.14197824049535,residential,Kamaraj Avenue 2nd Street,False
257430065,335515602,47.81498531063552,residential,6th Cross Street,False
257430065,312025199,53.437447821917026,tertiary,Indira Nagar 1st Avenue,False
257430065,313785320,109.31588289459779,tertiary,Indira Nagar 3rd Avenue,False
257430067,2166860189,13.970625921551093,tertiary,Indira Nagar 3rd Avenue,False
257430067,319490838,36.811538503811704,tertiary,Indira Nagar 3rd Avenue,False
257430067,319489471,59.4926844104106,residential,4th Avenue,False
257430069,319490835,66.27792189996543,residential,18th Cross Street,False
257430069,319490838,81.01883233307834,tertiary,Indira Nagar 3rd Avenue,False
257430069,2166813756,47.80060462718394,tertiary,Indira Nagar 3rd Avenue,False
257430077,2587530829,9.121958488311858,tertiary,Indira Nagar 3rd Avenue,False
257430077,257430024,266.32035801753085,secondary,Dr. Muthulakshmi Road,True
257430080,257430081,54.190488511979844,tertiary,Indira Nagar 2nd Avenue,False
257430080,257430022,108.53840087342374,tertiary,Indira Nagar 2nd Avenue,True
257430081,335515605,20.45816836873735,residential,LB Road 1st Street,False
257430081,257430080,54.190488511979844,tertiary,Indira Nagar 2nd Avenue,False
257430081,319489486,173.83018742086878,residential,LB Road 1st Street,False
257430081,319489477,178.80446426631082,"['residential', 'tertiary']","['3rd Main Road', 'Indira Nagar 2nd Avenue']",False
257430090,360894427,85.31162422685178,tertiary,5th Avenue,False
257430090,10281695761,189.66515573425394,secondary,Besant Avenue Road,True
257430090,10281695784,311.32568152086446,secondary,3rd Avenue,False
257430096,291295940,26.727503272091717,tertiary,5th Avenue,False
257430096,299800692,64.20471297487784,tertiary,5th Avenue,False
257430102,257430096,67.55452976109875,tertiary,Elliot's Beach Promenade,True
257430102,10567935621,38.59976659375387,tertiary,Elliot's Beach Promenade,False
257430107,10308628838,4.921728164997842,tertiary,Annai Velankanni Road,True
257430107,319496128,74.02085079116782,residential,,False
257430108,312025051,52.95652992352263,residential,Kasturibai Nagar 2nd Cross Street,False
257430108,257432743,67.70084164339362,residential,Kasturibai Nagar 2nd Cross Street,False
257430108,335503145,55.5060432936255,residential,Kamaraj Avenue 2nd Street,False
257430108,257430063,163.14197824049535,residential,Kamaraj Avenue 2nd Street,False
257430109,10558728114,25.528475281930604,residential,,False
257430109,6773718418,40.6174038027136,tertiary,Shastri Nagar 1st Avenue,False
257430109,313783487,100.9601502816268,tertiary,Shastri Nagar 1st Avenue,False
257430111,257433295,86.34845003810858,residential,Jeevarathinam Nagar Main Road,False
257430111,11601281940,81.15848419670193,tertiary,Shastri Nagar 1st Avenue,False
257430111,11402478338,29.27549987183936,tertiary,Shastri Nagar 1st Avenue,False
257430115,2172869870,58.16481942804143,residential,Ellaiamman Koil Street,False
257430115,291294776,27.685694259017644,tertiary,Shastri Nagar 1st Avenue,False
257430115,11772701095,38.43660830070891,residential,Damodarapuram Main Road,False
257430115,313783546,208.10727582743937,tertiary,Shastri Nagar 1st Avenue,False
257430116,291295144,26.09078686427952,residential,1st cross street,False
257430116,335535149,61.46120141591596,residential,1st cross street,False
257430116,257430045,271.34252310768466,tertiary,Besant Nagar 1st Avenue Service Road,True
257430152,257430036,509.60532360193866,tertiary,Blue Cross Street,False
257430152,313775332,160.59242612424381,residential,Damodarapuram Main Road,False
257430152,291295436,171.80095138705315,residential,Besant Nagar 4th Avenue,False
257430158,9179599520,72.78828271043437,residential,Ellaiamman Koil Street,False
257430158,299805348,52.70939040942978,residential,Ellaiamman Koil Street,False
257430158,313783547,164.18343588111463,residential,Shastri Nagar 7th Cross Street,False
257430158,299805339,115.37573362597361,residential,State Bank Colony Road,False
257430159,11402614798,45.74857637600827,residential,Ellaiamman Koil Street,False
257430159,299805319,8.169850424528313,residential,Ellaiamman Koil Street,False
257430159,313783569,99.61395742859105,residential,8th Cross Street,False
257430160,319497847,45.25344598060875,residential,TM Maistry Street,False
257430160,334648144,44.502717421163595,residential,Gangai Amman Koil Street,False
257430160,6536963552,97.32534692681176,residential,Gangai Amman Koil Street,False
257430160,257430168,46.88418319860121,residential,Beach Road,False
257430162,319493783,38.32134448047995,residential,Muthulakshmi Street,False
257430162,334267036,19.43520028969437,residential,Muthulakshmi Street,False
257430162,11041730091,55.439074793761506,living_street,4th Street,False
257430164,257432757,126.52352055411029,residential,Kalakshetra Road,False
257430164,319493845,240.38144257015625,residential,Muthulakshmi Street,False
257430164,9179560486,74.53119883110051,residential,Anna Street,False
257430165,9179560480,33.96622196505523,residential,East Mada Street,False
257430165,257432758,111.98436965847898,residential,North Mada Street,False
257430165,11047952911,68.60259256873103,residential,Anna Street,False
257430167,257440290,90.28770106044792,residential,Muthulakshmi Street,False
257430167,319500480,187.5689582579364,residential,Beach Road,False
257430167,257440311,72.94127493263728,residential,,False
257430167,9179561418,42.389211896476525,residential,Beach Road,False
257430168,334648145,25.619070997157067,residential,Kamaraj Street,False
257430168,9179561418,96.72801554511221,residential,Beach Road,False
257430168,257430160,46.88418319860121,residential,Beach Road,False
257430170,319500581,14.311397927911576,residential,East Mada Street,False
257430170,6341503681,109.06501599490028,residential,,False
257430170,6341503684,20.4432208106737,residential,East Mada Street,False
257431350,312024663,71.03051948022933,secondary,Dr Muthulakshmi Salai,True
257431350,335480516,126.48623897570582,residential,Tiruvengadam Street,False
257431351,310535739,191.66676913032177,secondary,Dr Muthulakshmi Salai,True
257432613,10285691912,60.6407221739836,residential,Besant Nagar 17th Cross Street,False
257432613,10559615666,60.98331426581803,residential,Besant Nagar 24th Cross Street,False
257432613,10285692131,71.90610325737396,residential,Besant Nagar 3rd Main Road,False
257432613,299800822,57.341166429207625,residential,Besant Nagar 3rd Main Road,False
257432615,299800531,95.98215427126928,secondary,Besant Nagar 2nd Avenue,False
257432615,299800830,84.14000076832691,secondary,Besant Nagar 2nd Avenue,False
257432615,10285692131,106.86038980212352,residential,Besant Nagar 3rd Main Road,False
257432616,10285691915,87.37390442244002,residential,Besant Nagar 16th Cross Street,False
257432616,12901410643,36.43118705875555,secondary,Besant Nagar 2nd Avenue,False
257432616,299800531,164.70393578014563,secondary,Besant Nagar 2nd Avenue,False
257432634,10292613444,6.055106114358329,tertiary,Elliot's Beach Promenade,True
257432634,10285678608,7.637576120393235,residential,Besant Nagar 16th Cross Street,False
257432702,10567935614,18.05194984310257,tertiary,Besant Nagar 4th Main Road,False
257432702,257432709,50.21341892340194,residential,Besant Nagar 24th Cross Street,False
257432702,257432704,172.19798867125223,tertiary,Besant Nagar 4th Main Road,False
257432704,257430044,54.58686534353955,secondary,Besant Avenue Road,False
257432704,257432702,172.1979886712522,tertiary,Besant Nagar 4th Main Road,False
257432704,10281695769,129.84666450745877,secondary,Besant Avenue Road,False
257432708,299800669,93.19169467624823,tertiary,5th Avenue,False
257432708,10567935656,54.79389871025153,residential,Besant Nagar 32nd Cross Street,False
257432708,360894427,88.8206137401088,tertiary,5th Avenue,False
257432709,257432710,195.2928477766098,residential,Besant Nagar 28th Cross Street,False
257432709,257432702,50.21341892340194,residential,Besant Nagar 24th Cross Street,False
257432709,299800791,43.346335050133064,residential,Besant Nagar 24th Cross Street,False
257432710,257432709,195.2928477766098,residential,Besant Nagar 28th Cross Street,False
257432710,299800783,42.30983434603431,residential,Besant Nagar 6th Avenue,False
257432710,10285678607,53.30571695324393,residential,Besant Nagar 6th Avenue,False
257432711,299800806,45.40961185893951,residential,Besant Nagar 6th Avenue,False
257432711,10559615669,64.78759910630075,residential,Besant Nagar 25th Cross Street,False
257432711,10285691900,61.741068203930006,residential,Besant Nagar 6th Avenue,False
257432714,299800822,73.52184834584735,residential,Besant Nagar 3rd Main Road,False
257432714,10285691900,65.27965883686227,residential,Besant Nagar 3rd Main Road,False
257432714,10559615669,61.45027436787388,residential,Besant Nagar 16th Cross Street,False
257432714,10285691913,61.64611228760324,residential,Besant Nagar 16th Cross Street,False
257432727,257433295,61.965752417551506,residential,Jeevarathinam Nagar Main Road,False
257432727,310580366,54.72541054307135,residential,Jeevarathinam Nagar 2nd Street,False
257432727,313775203,72.56942287047069,residential,Parameswari Nagar 2nd Street,False
257432729,312024810,48.27145038325135,residential,Kasturibai Nagar 1st Cross Street,False
257432729,11414318734,85.89446424734989,residential,Tiruvengadam Street,False
257432729,9179599572,162.37857876968124,residential,,False
257432729,11066130869,55.084535623765504,residential,Kasturibai Nagar 1st Cross Street,False
257432730,312024958,60.13979111415333,residential,Kasturibai Nagar 1st Cross Street,False
257432730,312025128,50.04896464650822,residential,Kasturibai Nagar 1st Cross Street,False
257432730,12721867639,75.63779322062221,residential,Balaraman Street,False
257432730,257432740,129.51532504222791,residential,4th Street,False
257432738,335503107,39.04269068236895,secondary,Dr Muthulakshmi Salai,True
257432738,12721867639,145.5751296302127,residential,Balaraman Street,False
257432740,312025126,47.052983071723915,residential,Kasturibai Nagar 2nd Cross Street,False
257432740,312024971,57.74101382389831,residential,Kasturibai Nagar 2nd Cross Street,False
257432740,257430061,162.32128907193842,residential,4th Street,False
257432740,257432730,129.51532504222791,residential,4th Street,False
257432741,6446097872,10.612818164192834,residential,Kasturibai Nagar 2nd Cross Street,False
257432741,249497655,28.579013287571378,primary,Sardar Patel Road,True
257432741,312024925,93.7389946269164,residential,Kasturibai Nagar 2nd Cross Street,False
257432742,312024804,68.2578214229037,residential,Kasturibai Nagar 2nd Cross Street,False
257432742,9179599572,49.26003546296202,residential,Kasturibai Nagar 2nd Cross Street,False
257432742,312024810,155.20344568651004,residential,1st Street,False
257432742,257430060,164.48690801222025,residential,1st Street,False
257432743,257430108,67.70084164339362,residential,Kasturibai Nagar 2nd Cross Street,False
257432743,312025126,31.075563856912176,residential,Kasturibai Nagar 2nd Cross Street,False
257432743,257430062,163.45283989266932,residential,Kamaraj Avenue 1st Street,False
257432745,335480446,62.28890314066018,residential,Arangannai Salai,False
257432745,313774873,158.1614773692111,residential,Indira Nagar 13th Cross Street,False
257432745,257430062,349.2243397312794,residential,Kamaraj Avenue 1st Street,False
257432748,313774864,63.950927514382585,tertiary,Kasturibai Nagar 3rd Cross Street,False
257432748,291192573,176.025647251262,tertiary,Indira Nagar 1st Avenue,False
257432748,312025199,60.17125008269315,tertiary,Indira Nagar 1st Avenue,False
257432750,310535741,10.015689204427257,tertiary,Indira Nagar 1st Avenue,False
257432750,11601327273,37.546571291483396,tertiary,Indira Nagar 1st Avenue,False
257432750,312025026,80.00774722348282,secondary,Dr Muthulakshmi Salai,True
257432751,313783544,92.5783763382122,residential,7th Lane,False
257432751,313783541,32.08138232769738,tertiary,Shastri Nagar1st Main Road,True
257432751,313783547,130.80601467786482,residential,Shastri Nagar 7th Cross Street,False
257432752,313783571,66.97777038456272,residential,8th Cross Street,False
257432752,257432753,186.68646804229869,residential,5th Cross Street,False
257432752,313783493,51.02841040696405,tertiary,Shastri Nagar1st Main Road,True
257432753,1730498151,25.333992871195615,residential,Shastri Nagar 1st Cross Street,False
257432753,257432752,186.68646804229869,residential,5th Cross Street,False
257432753,9179593788,37.193340281815814,residential,,False
257432753,313783492,248.04562666466478,residential,6th Cross Street,True
257432754,11047877883,98.08538145819368,residential,Kalakshetra Road,False
257432754,310535966,18.428619807465157,residential,Kalakshetra Road,False
257432754,2167054629,145.53171611991922,residential,Sivasundar 2nd Avenue,False
257432757,257430164,126.52352055411029,residential,Kalakshetra Road,False
257432757,2167054630,37.893687848386364,residential,Pilliyar Koil Street,False
257432757,319493827,100.15611412062968,residential,Kalakshetra Road,False
257432757,319493811,140.36120627374808,residential,Kamaraj Street,False
257432758,334267270,114.87269007837607,residential,Pilliyar Koil Street,False
257432758,6341503681,125.92103316560038,residential,West Mada Street,False
257432758,257430165,111.98436965847898,residential,North Mada Street,False
257432758,2274368828,74.47911695680111,residential,North Mada Street,False
257432760,319493845,125.89167681075995,residential,1st Street,False
257432760,11591485617,3.668332666647131,residential,Kamaraj Street,False
257432760,11801341350,19.780768070641404,residential,Kamaraj Street,False
257432761,319493757,57.98389631354698,residential,1st Cross Street,False
257432761,319493784,12.677362234792374,residential,Kamaraj Street,False
257432761,319493771,40.94892565281304,residential,Kamaraj Street,False
257432770,4839937392,35.809945537836924,residential,,False
257432770,333719175,71.02081989345798,residential,Vasudeva Nagar Ext,False
257432770,333732415,16.446043479310998,residential,South Avenue,False
257432773,2167054620,19.552412568248,primary,South Avenue,True
257432773,310535965,93.35737278258749,residential,3rd Main Road,True
257432774,319490089,58.7698405496085,residential,,False
257432774,11645087672,41.538414033728316,secondary,Kalki Krishnamurty Road,False
257432774,319490085,187.17140803216472,secondary,Kalki Krishnamurty Road,False
257432778,319490085,42.02186137582319,secondary,Kalki Krishnamurty Road,False
257432778,257439279,35.51093992038414,secondary,Kalki Krishnamurty Road,False
257432778,11419958403,135.34204276891418,residential,,False
257433290,313775242,38.1490850283561,residential,1st Street,False
257433290,310580380,60.9977476025121,residential,1st Street,False
257433290,313775310,78.19280555595728,residential,Venkateswara Nagar 3rd Street,False
257433293,313775229,102.1330994183323,residential,4th Street,False
257433295,257430111,86.34845003810858,residential,Jeevarathinam Nagar Main Road,False
257433295,257432727,61.965752417551506,residential,Jeevarathinam Nagar Main Road,False
257433295,257433297,185.37146240340027,residential,Jeevarathinam Nagar 1st Street,False
257433295,11772714207,81.86414019793631,residential,,False
257433297,257433295,185.37146240340027,residential,Jeevarathinam Nagar 1st Street,False
257433297,310580380,62.62370890883056,residential,,False
257433297,313775239,121.38101774804012,"['residential', 'living_street']",2nd Street,False
257439198,257439279,95.12577336313467,secondary,Kalki Krishnamurty Road,False
257439198,257439255,58.37771520801404,residential,Kamaraj Nagar West 5th Street,False
257439198,333719061,61.23430850902429,secondary,Kalki Krishnamurty Road,True
257439202,333719061,10.19311799367569,residential,Avvai Nagar Main Road,False
257439202,257439198,52.69500951402602,secondary,Kalki Krishnamurty Road,True
257439255,257439313,32.06674452282509,residential,,False
257439255,257439198,58.37771520801404,residential,Kamaraj Nagar West 5th Street,False
257439255,257439302,151.82980686161278,residential,Kamaraj Nagar West 5th Street,False
257439272,2167054617,3.6404548016628864,primary,South Avenue,True
257439272,333732366,68.76030176264511,residential,8th Street,True
257439279,6804537854,66.85526506345172,secondary,4th Main Road,False
257439279,257432778,35.51093992038414,secondary,Kalki Krishnamurty Road,False
257439279,257439198,95.12577336313467,secondary,Kalki Krishnamurty Road,False
257439290,319490085,183.36473881622445,residential,,False
257439290,11655443007,46.651874185242676,residential,,False
257439290,257439302,52.33720870262537,residential,,False
257439302,257439306,36.30268832308655,residential,,False
257439302,257439290,52.33720870262537,residential,,False
257439302,257439255,151.82980686161278,residential,Kamaraj Nagar West 5th Street,False
257439306,257439302,36.30268832308655,residential,,False
257439306,2167013025,35.010086716836035,residential,,False
257439306,11419958413,80.99581708760334,residential,,False
257439313,11419958413,43.0070462256018,residential,,False
257439313,257439255,32.06674452282509,residential,,False
257439313,2167013025,59.00671113227345,residential,,False
257440271,257440296,60.327014166405505,residential,Tiger Varadachari Road,False
257440271,257440304,59.400259144949565,residential,Tiger Varadachari Road,False
257440271,319497839,69.6502072912766,residential,MG Ramachandran Road,False
257440271,319495772,242.94680384445817,residential,MG Ramachandran Road,False
257440275,319495778,127.93613307890834,residential,Arundale Beach Road,False
257440275,319500445,130.93370086597656,residential,Arundale Beach Road,False
257440275,257440296,93.51063124675882,residential,Kumannan Street,False
257440275,319500447,73.78774818767323,residential,Kumannan Street,False
257440279,319500451,102.42046246986763,residential,Cauvery Street,False
257440279,319500457,49.97539443864608,residential,Cauvery Street,False
257440279,319495787,49.43922078576942,residential,Nava Bharath Colony 1st Street,False
257440279,319500468,48.817352184592046,residential,Nava Bharath Colony 1st Street,False
257440286,319500470,58.53883233658723,residential,Thirumurugan Street,False
257440286,319500452,109.58811784055973,residential,Coastal Road,False
257440286,12068011115,85.31928910936041,residential,,False
257440290,334267036,63.011031682424445,residential,Muthulakshmi Street,False
257440290,257430167,90.28770106044792,residential,Muthulakshmi Street,False
257440290,319500486,195.13628061782157,residential,Arundale Beach Road,False
257440296,257440271,60.327014166405505,residential,Tiger Varadachari Road,False
257440296,257440275,93.51063124675882,residential,Kumannan Street,False
257440296,319500476,207.36982258898675,residential,Beach Road,False
257440296,319495777,124.95336996314217,residential,Beach Road,False
257440304,257440271,59.400259144949565,residential,Tiger Varadachari Road,False
257440304,319495760,57.465466673748196,residential,Tiger Varadachari Road,False
257440304,319495770,245.91609704313439,residential,Rukmani Road,False
257440304,11772936284,131.78554067508497,residential,Rukmani Road,False
257440311,319497840,62.29063673926347,residential,,False
257440311,257430167,72.94127493263728,residential,,False
257440311,319495772,228.48283139816652,residential,MG Ramachandran Road,False
257440311,319497847,198.68403085642177,residential,Mahalxmi Avenue,False
257532684,13571597841,202.77087737237002,primary,Sardar Patel Road,True
258143348,2168356860,13.782179767434734,trunk,Grand Southern Trunk Road,True
258143348,10593460219,24.563324986176745,tertiary_link,,False
262680543,246825424,28.67826652965769,tertiary,Greenways Road,False
262680543,11792407271,102.36815935736213,residential,,False
262680543,262680551,54.76249273382409,tertiary,Greenways Road,False
262680551,11792407288,102.66727824367591,residential,Greenways Road Extension,False
262680551,262680543,54.76249273382409,tertiary,Greenways Road,False
262680551,2270289085,25.408982530160255,tertiary,Greenways Road,False
262680559,11792407177,3.972765877877171,residential,Greenways Road Extension,False
262680559,9181580857,24.604882111328394,residential,Greenways Road Extension,False
262680559,11792407181,70.37386049802826,residential,,False
262680563,11792407177,83.36160445065073,residential,Greenways Road Extension,False
262680563,262680567,72.9823452558273,residential,Bhagirathy Street,False
262680563,2270302194,108.96488893827137,residential,Bhagirathy Street,False
262680567,262680574,37.750186040391235,tertiary,Kamarajar Salai,False
262680567,264031790,36.68184318738744,tertiary,Kamarajar Salai,False
262680567,264031751,52.820334252615886,living_street,,False
262680567,262680563,72.9823452558273,residential,Bhagirathy Street,False
262680574,262680567,37.750186040391235,tertiary,Kamarajar Salai,False
262680574,262680575,166.94801674751113,residential,Venkatraman Street,False
262680574,262680735,46.030307228185606,tertiary,Kamarajar Salai,False
262680575,262680574,166.94801674751113,residential,Venkatraman Street,False
262680575,262680579,11.301554342712915,residential,,False
262680575,11792407182,20.983825096002082,residential,,False
262680579,262680580,66.6914771448308,residential,,False
262680579,2270302194,34.51779926555556,residential,,False
262680579,262680575,11.301554342712915,residential,,False
262680580,262680579,66.6914771448308,residential,,False
262680580,262680653,130.95097088546328,residential,,False
262680580,11792407188,35.03378990692608,residential,,False
262680653,262680675,202.26638759804896,residential,Bishop Garden Street,False
262680653,262680796,8.921751314014491,residential,Bishop Garden Street,False
262680653,262680580,130.95097088546328,residential,,False
262680675,11045724646,94.55156395016324,tertiary,PS Kumarasamy Raja Road,False
262680675,262680653,202.26638759804896,residential,Bishop Garden Street,False
262680675,246825424,257.26426219059414,tertiary,PS Kumarasamy Raja Road,False
262680734,262680735,142.0384657325295,residential,Vishwanathan Street,False
262680734,11792407182,24.579769757950704,residential,,False
262680734,262680776,148.9048543702444,residential,Bishop Garden Extension,False
262680735,30051796,60.57770818164879,tertiary,Kamarajar Salai,False
262680735,262680734,142.0384657325295,residential,Vishwanathan Street,False
262680735,262680574,46.030307228185606,tertiary,Kamarajar Salai,False
262680772,30051796,100.38368298190008,residential,Park View Street,False
262680776,262680778,45.959266127005684,residential,Bishop Garden Extension,False
262680776,11792407233,104.57521291641739,residential,,False
262680776,262680734,148.90485437024438,residential,Bishop Garden Extension,False
262680777,262680778,64.13360632766144,residential,Bishop Garden Extension,False
262680778,262680779,95.68422466455995,residential,2nd Street,False
262680778,262680776,45.959266127005684,residential,Bishop Garden Extension,False
262680778,262680777,64.13360632766144,residential,Bishop Garden Extension,False
262680779,262680778,95.68422466455995,residential,2nd Street,False
262680783,4324942497,24.294525742618518,residential,Crescent Avenue,False
262680783,4324942496,49.82409020264524,residential,West Avenue,False
262680783,262680795,212.4144893500417,residential,"['East Avenue', 'North Avenue']",False
262680785,4324942496,43.19472878465092,residential,West Avenue,False
262680785,410672246,25.039131184295204,tertiary,Greenways Road,False
262680785,246825431,118.20115704066052,tertiary,Greenways Road,False
262680786,246825428,74.5466232339879,residential,East Avenue,False
262680786,262680790,58.5695346822793,residential,East Avenue,False
262680786,262680792,177.917325938574,residential,Crescent Avenue,False
262680790,262680786,58.5695346822793,residential,East Avenue,False
262680790,262680795,66.02391080641398,residential,East Avenue,False
262680790,262680791,103.0036849582648,residential,Central Avenue,False
262680791,262680792,51.30756156166144,residential,Central Avenue,False
262680791,262680790,103.0036849582648,residential,Central Avenue,False
262680791,262680795,125.5198334948171,residential,Park Avenue,False
262680792,4324942497,36.00229942875499,residential,Crescent Avenue,False
262680792,262680791,51.30756156166144,residential,Central Avenue,False
262680792,262680786,177.91732593857398,residential,Crescent Avenue,False
262680795,262680790,66.02391080641398,residential,East Avenue,False
262680795,262680783,212.41448935004166,residential,"['East Avenue', 'North Avenue']",False
262680795,262680791,125.51983349481709,residential,Park Avenue,False
262680796,262680797,61.99716580056307,residential,,False
262680796,262680653,8.921751314014491,residential,Bishop Garden Street,False
262680796,11792407184,174.8337777035048,residential,Bishop Garden Street,False
262680797,262680796,61.99716580056307,residential,,False
262680841,11792407204,18.758534951410404,living_street,,False
262680841,2270302207,60.51181199860363,living_street,Karikalan Street,False
262680841,11792407206,34.26158786581627,living_street,,False
264030929,310504050,13.535613087951988,tertiary,Foreshore Estate Link,False
264031376,264040569,27.377155611439527,tertiary,South Canal Bank Road,False
264031581,264031650,20.848746167229123,residential,School View Road,False
264031582,264040509,27.368791725106295,residential,School View Road,False
264031582,9181580881,117.73725845155181,residential,4th Cross Street,False
264031582,246827326,96.46897159572936,residential,School View Road,False
264031584,9504215843,30.24180393659955,residential,Perumal Koil Garden,False
264031584,264031585,10.785403224289341,residential,Perumal Koil Garden,False
264031584,9504215837,73.42603252355853,residential,,False
264031585,264031650,34.114664930105924,residential,,False
264031585,264031584,10.785403224289341,residential,Perumal Koil Garden,False
264031585,9504215836,129.59884567683815,residential,Perumal Koil Garden,False
264031587,264031650,77.70952620729979,residential,School View Road,False
264031587,264031600,54.66324050569763,residential,School View Road,False
264031587,264031588,195.8604485347681,residential,2nd Cross Street,False
264031588,9504215829,57.9895650070461,residential,2nd Main Road,False
264031588,264031660,40.76661820373342,residential,2nd Main Road,False
264031588,264031589,178.60944683588855,residential,,False
264031588,264031587,195.8604485347681,residential,2nd Cross Street,False
264031589,1279913813,21.99623487812428,tertiary,Sringeri Mutt Road,False
264031589,264031594,58.709603443528756,tertiary,Sringeri Mutt Road,False
264031589,264031588,178.60944683588855,residential,,False
264031593,9504215829,185.61584202606483,residential,,False
264031593,1279913826,22.794227756413,tertiary,Sringeri Mutt Road,False
264031593,2215260438,149.62430942378535,residential,,False
264031594,264031709,63.918217320983956,residential,,False
264031594,264031589,58.709603443528756,tertiary,Sringeri Mutt Road,False
264031594,264031595,57.08003947532923,tertiary,Sringeri Mutt Road,False
264031595,264031718,137.65070263544675,residential,,False
264031595,264031594,57.08003947532923,tertiary,Sringeri Mutt Road,False
264031595,264031598,17.172177413022833,tertiary,Sringeri Mutt Road,False
264031598,30051796,147.2413085416015,tertiary,Kamarajar Salai,False
264031598,264031595,17.172177413022833,tertiary,Sringeri Mutt Road,False
264031598,2270302210,38.823317074607594,tertiary,Kamarajar Salai,False
264031599,264031671,32.14520236720529,residential,2nd Main Road,False
264031599,246827325,90.33878122393003,residential,2nd Main Road,False
264031599,264031718,50.275513295841705,residential,,False
264031599,9181580881,76.90507896924916,residential,4th Cross Street,False
264031600,264031605,196.64797008039054,residential,3rd Cross Street,False
264031600,264031587,54.66324050569763,residential,School View Road,False
264031600,11693047241,14.295249936863874,residential,School View Road,False
264031605,264031660,15.37534118235368,residential,2nd Main Road,False
264031605,264031671,27.38756054614731,residential,2nd Main Road,False
264031605,264031600,196.64797008039054,residential,3rd Cross Street,False
264031650,264031585,34.114664930105924,residential,,False
264031650,264031581,20.848746167229123,residential,School View Road,False
264031650,264031587,77.70952620729979,residential,School View Road,False
264031653,13600662631,32.96170270894831,residential,2nd Main Road,False
264031660,264031588,40.76661820373342,residential,2nd Main Road,False
264031660,264031605,15.37534118235368,residential,2nd Main Road,False
264031660,1279913989,140.3349734267493,living_street,,False
264031671,264031605,27.38756054614731,residential,2nd Main Road,False
264031671,264031599,32.14520236720529,residential,2nd Main Road,False
264031671,264031706,100.65725649124181,living_street,,False
264031706,264031671,100.65725649124181,living_street,,False
264031709,264031594,63.918217320983956,residential,,False
264031718,264031599,50.275513295841705,residential,,False
264031718,264031595,137.65070263544675,residential,,False
264031718,264031726,103.37571752399039,living_street,,False
264031726,11792407312,12.115953654130173,tertiary,Srinivasa Road,True
264031726,264031718,103.37571752399039,living_street,,False
264031751,264031798,46.26957638502507,living_street,,False
264031751,262680567,52.820334252615886,living_street,,False
264031751,264031802,26.477401205270255,living_street,,False
264031790,262680567,36.68184318738744,tertiary,Kamarajar Salai,False
264031790,264031859,52.5002698473796,tertiary,Kamarajar Salai,False
264031790,1012658101,219.08323963427006,residential,Kuttigramani Street,False
264031798,264031751,46.26957638502507,living_street,,False
264031802,264031751,26.477401205270255,living_street,,False
264031802,264031848,113.46382824348906,living_street,,False
264031802,11792407312,120.09412668615022,living_street,,False
264031848,264031802,113.46382824348905,living_street,,False
264031850,264031857,128.91364800234612,living_street,,False
264031850,1012658101,43.10406461131944,residential,2nd Cross Street,False
264031850,264031855,8.746612661916068,residential,2nd Cross Street,False
264031853,264031855,68.7274590565204,residential,,False
264031855,264031853,68.7274590565204,residential,,False
264031855,264031850,8.746612661916068,residential,2nd Cross Street,False
264031855,410695946,41.083658340764174,residential,2nd Cross Street,False
264031857,264031850,128.91364800234612,living_street,,False
264031857,9502019360,79.8188837019411,secondary,RK Mutt Road,True
264031859,11045711130,33.14530623758822,living_street,,False
264031859,264031790,52.5002698473796,tertiary,Kamarajar Salai,False
264031859,30051794,171.5112600146413,tertiary,Kamarajar Salai,False
264031876,2215260399,41.861455915534975,living_street,,False
264031891,243064543,56.42113153202621,primary,Durgabai Deshmukh Road,True
264031891,264031896,56.09695766090687,living_street,,False
264031896,264031905,28.519642860279408,living_street,,False
264031896,2215260399,152.66576854200494,living_street,,False
264031896,264031891,56.09695766090687,living_street,,False
264031905,264031896,28.519642860279408,living_street,,False
264031905,2215260391,42.63168570872246,living_street,,False
264031905,264031907,62.1319916610788,living_street,,False
264031907,264031910,57.30452978982568,living_street,,False
264031907,264031905,62.1319916610788,living_street,,False
264031907,2215260399,56.1935867464111,living_street,,False
264031910,264031907,57.30452978982568,living_street,,False
264031934,2270289085,26.19072511020044,tertiary,Greenways Road,False
264031934,30051794,50.900064120876976,tertiary,Greenways Road,False
264031934,11792407294,149.40522677766853,living_street,,False
264040103,264040104,119.84412426923868,residential,,False
264040103,310501715,26.853363031821075,primary,DGS Dhinakaran Road,True
264040104,264040103,119.84412426923868,residential,,False
264040106,264040107,128.65946257821395,residential,,False
264040106,310503318,47.56116496061017,primary,DGS Dhinakaran Road,True
264040107,264040109,63.29406034097189,residential,,False
264040107,264040106,128.65946257821395,residential,,False
264040107,9181580883,57.129121677808996,residential,,False
264040109,264040107,63.29406034097189,residential,,False
264040114,11054180300,89.30150516885043,residential,,False
264040114,264040106,238.40665845311904,primary,DGS Dhinakaran Road,True
264040182,11054180301,203.04326725944006,residential,,False
264040224,264040508,169.30389856627065,residential,TP Scheme Road,False
264040224,264040568,90.54268272776719,residential,,False
264040224,11043868028,63.17952990584274,living_street,TP Scheme Road,False
264040225,264040561,44.108252973604614,living_street,,False
264040225,11043868028,27.949226895365754,living_street,TP Scheme Road,False
264040225,264040573,44.49039750294151,"['residential', 'living_street']","['TP Scheme Road', 'Norton Road']",False
264040247,30237417,159.8780063560127,residential,,False
264040311,12067412556,9.700046282425907,primary,DGS Dhinakaran Road,True
264040311,12067451062,192.30652200807492,tertiary,Thandavarayan Street,True
264040315,2188756778,7.0561200683885685,residential,South Beach Avenue,False
264040315,12067451061,122.99365901305916,tertiary,Thandavarayan Street,True
264040319,7048509550,16.578637364727406,primary,Santhome High Road,True
264040319,2188756965,8.165490426478252,tertiary,Janaki Avenue,False
264040319,264040684,65.463263926547,tertiary,Janaki Avenue,False
264040349,264040379,109.8825487304958,residential,Karpagam Avenue 1st Street,False
264040349,264040356,47.06225863005305,tertiary,Karpagam Avenue,False
264040349,310504063,167.35870986392192,tertiary,Karpagam Avenue,False
264040350,264040376,26.48856086472696,residential,Karpagam Avenue 1st Street,False
264040350,264040379,24.45284712756964,residential,Karpagam Avenue 1st Street,False
264040350,264040357,45.57848628701526,residential,Karpagam Avenue 2nd Main Road,False
264040352,332030621,52.18998631299424,residential,Karpagam Avenue 4th Street,False
264040352,264040355,45.63099957162206,tertiary,Karpagam Avenue,False
264040352,1272541221,54.67850089579148,tertiary,Karpagam Avenue,False
264040352,1750638810,65.85219834004238,residential,Sai Nagar Colony,False
264040353,264040354,54.29213299159683,residential,Karpagam Avenue 3rd Street,False
264040354,264040357,45.91236411787872,residential,Karpagam Avenue 2nd Main Road,False
264040354,264040355,134.5895944836206,residential,Karpagam Avenue 3rd Street,False
264040354,264040353,54.29213299159683,residential,Karpagam Avenue 3rd Street,False
264040354,359370703,76.7755149451666,residential,"['Karpagam Avenue 2nd Main Road', 'Karpagam Avenue 4th Street']",False
264040355,264040354,134.5895944836206,residential,Karpagam Avenue 3rd Street,False
264040355,264040356,46.84399861596502,tertiary,Karpagam Avenue,False
264040355,264040352,45.63099957162206,tertiary,Karpagam Avenue,False
264040356,264040357,134.01713668723636,residential,Karpagam Avenue 2nd Street,False
264040356,264040349,47.06225863005305,tertiary,Karpagam Avenue,False
264040356,264040355,46.84399861596502,tertiary,Karpagam Avenue,False
264040357,264040354,45.91236411787872,residential,Karpagam Avenue 2nd Main Road,False
264040357,264040350,45.57848628701526,residential,Karpagam Avenue 2nd Main Road,False
264040357,264040358,81.88372310183135,residential,Karpagam Avenue 2nd Street,False
264040357,264040356,134.01713668723636,residential,Karpagam Avenue 2nd Street,False
264040358,264040357,81.88372310183135,residential,Karpagam Avenue 2nd Street,False
264040360,6790452753,0.8032389885140282,residential,Rohini Gardens,False
264040360,6790452754,35.29079751913043,residential,Rohini Gardens,False
264040360,11041651028,52.32877566533263,residential,,False
264040376,1750659211,59.82528793942664,residential,Karpagam Avenue 1st Street,False
264040376,264040350,26.48856086472696,residential,Karpagam Avenue 1st Street,False
264040376,264040379,189.19773387099,residential,1st Cross Street,False
264040379,264040350,24.45284712756964,residential,Karpagam Avenue 1st Street,False
264040379,264040349,109.8825487304958,residential,Karpagam Avenue 1st Street,False
264040379,264040376,189.19773387099,residential,1st Cross Street,False
264040506,264040508,48.042781207960026,residential,Kandaswami Street,False
264040506,264040568,166.47095665576654,residential,Raja Street,False
264040506,9502019362,87.38660532801272,residential,Kandaswami Street,False
264040508,264040224,169.30389856627065,residential,TP Scheme Road,False
264040508,264040506,48.042781207960026,residential,Kandaswami Street,False
264040508,9502019361,211.49923213767264,residential,TP Scheme Road,False
264040509,264040582,53.02798289894341,residential,School Road,False
264040509,11693047241,14.297954876472758,residential,School View Road,False
264040509,264031582,27.368791725106295,residential,School View Road,False
264040510,264040582,84.1793855951376,residential,School Road,False
264040510,9502019376,10.042054116248941,residential,,False
264040510,11792333867,9.287176432342427,secondary,RK Mutt Road,True
264040512,9502019364,60.940624772217944,living_street,2nd Street,False
264040557,9502019363,60.000214754742515,residential,3rd Street,False
264040561,264040225,44.108252973604614,living_street,,False
264040568,264040506,166.47095665576654,residential,Raja Street,False
264040568,264040224,90.54268272776719,residential,,False
264040568,9181606853,48.66444526684772,"['residential', 'living_street']","['Velayuda Raja Street', 'Raja Street']",False
264040569,9181606856,55.9738110452419,residential,,False
264040569,264031376,27.377155611439527,tertiary,South Canal Bank Road,False
264040569,243323043,92.52475562718348,tertiary,South Canal Bank Road,False
264040570,9181606856,46.09525340617501,residential,,False
264040570,264040572,60.72306715964179,living_street,Robertson Lane,False
264040570,3216996445,143.83629038026703,living_street,Robertson Lane,False
264040572,264040573,56.72534873437238,residential,Norton Road,False
264040572,243323043,110.86744059618323,residential,Norton Road,False
264040572,264040570,60.72306715964179,living_street,Robertson Lane,False
264040573,264040572,56.72534873437238,residential,Norton Road,False
264040573,11043868020,95.29171935210243,living_street,,False
264040573,264040225,44.49039750294151,"['residential', 'living_street']","['TP Scheme Road', 'Norton Road']",False
264040580,4634160961,152.77390348693757,residential,Thiruvengadam Street Ext,False
264040580,264031581,118.02840117697465,residential,Thiruvengadam Street,True
264040582,264040510,84.1793855951376,residential,School Road,False
264040582,264040509,53.02798289894341,residential,School Road,False
264040582,11693047242,11.579661620834138,residential,,False
264040676,264040677,162.61728944828164,residential,Kasturi Avenue,False
264040677,264040678,74.48005843101478,residential,South Beach Avenue,False
264040677,2188756778,77.86053476080505,residential,South Beach Avenue,False
264040677,264040676,162.61728944828164,residential,Kasturi Avenue,False
264040678,264040677,74.48005843101478,residential,South Beach Avenue,False
264040678,264040679,173.35024595252895,residential,,False
264040678,2188756862,97.86599289575845,residential,South Beach Avenue,False
264040679,264040678,173.35024595252895,residential,,False
264040682,264040683,88.54109331072085,residential,,False
264040682,264040684,48.54164556700917,tertiary,Janaki Avenue,False
264040682,2188756862,51.54338460750928,tertiary,Janaki Avenue,False
264040683,264040682,88.54109331072085,residential,,False
264040684,264040319,65.463263926547,tertiary,Janaki Avenue,False
264040684,264040685,106.48109811071842,residential,,False
264040684,264040682,48.54164556700917,tertiary,Janaki Avenue,False
264040685,264040684,106.48109811071842,residential,,False
268789809,268789822,89.16217454339014,primary,Rajiv Gandhi IT Expressway,True
268789809,14094110631,50.60098044315991,primary,,True
268789815,2173017135,96.57128042694356,residential,Sriram Nagar Main Road,False
268789815,6799326136,82.53602059329145,primary,Sardar Patel Road,True
268789820,13774656784,12.738783469738772,primary,Sardar Patel Road,True
268789822,12124624594,205.54435855435096,primary,Sardar Patel Road,True
268789823,257532684,17.215864314866447,primary,Gandhi Mandapam Flyover,True
268789823,2198054394,505.46782075108973,primary,Gandhi Mandapam Flyover,False
268790432,2198054394,13.092945462360149,primary,Gandhi Mandapam Flyover,True
268790432,2212827520,243.363769223362,primary,Sardar Patel Road,True
269219209,246824743,38.14498305355729,residential,,False
269219209,11508783004,76.61805055490728,residential,,False
269219209,347454092,152.27926510267375,residential,,False
269219211,11508783004,87.3721216471091,residential,,False
269219211,1875599381,57.61169246953361,residential,,False
269219211,269219223,150.91267007872972,residential,,False
269219215,269219242,35.26826160685273,residential,Dhandayudhapandi 2nd Street,False
269219215,2173017275,69.1695194323025,residential,,False
269219215,269219257,22.9365861198995,residential,Ranjith Road,False
269219215,1875599379,44.03683145076356,living_street,,False
269219217,269219261,76.7705126743853,residential,Surya Nagar,False
269219217,252391738,123.89946736396652,residential,Ranjith Road,False
269219217,269219636,85.12580151643833,residential,Ranjith Road,False
269219221,347454092,27.868215839025055,residential,,False
269219221,347454091,117.79124960228398,residential,,False
269219223,347454091,80.90171858911638,residential,,False
269219223,1875599384,169.84751992657615,residential,,False
269219223,269219211,150.9126700787297,residential,,False
269219230,347454092,37.799483880828994,residential,,False
269219237,246824743,32.09657860939532,secondary,Gandhi Mandapam Road,True
269219237,269219240,216.7262585795696,residential,Dhandayudhapandi 1st Street,False
269219240,269219245,52.455621852452545,residential,Arunachalam Road,False
269219240,269219242,94.89425270595953,residential,Dhandayudhapandi 1st Street,False
269219240,269219237,216.7262585795696,residential,Dhandayudhapandi 1st Street,False
269219242,269219245,75.77478590163663,residential,Dhandayudhapandi 2nd Street,False
269219242,269219215,35.26826160685273,residential,Dhandayudhapandi 2nd Street,False
269219242,269219240,94.89425270595953,residential,Dhandayudhapandi 1st Street,False
269219244,269219237,58.1636338631304,secondary,Gandhi Mandapam Road,True
269219244,269219245,187.1286540619043,residential,Dhandayudhapandi 2nd Street,False
269219245,269219242,75.77478590163663,residential,Dhandayudhapandi 2nd Street,False
269219245,269219246,65.96879754187496,residential,Arunachalam Road,False
269219245,269219240,52.455621852452545,residential,Arunachalam Road,False
269219245,269219244,187.1286540619043,residential,Dhandayudhapandi 2nd Street,False
269219246,2218346081,156.52364141392798,residential,Arunachalam Road,False
269219246,269219245,65.96879754187496,residential,Arunachalam Road,False
269219246,9189133168,68.7326919605768,residential,Vellaiyan Road,False
269219246,269219251,73.95227295682653,residential,Vellaiyan Road,False
269219247,252391739,139.39325165279794,residential,Murugappa Road,False
269219247,252391738,93.75645539624446,residential,Murugappa Road,False
269219247,335997558,218.98797386315283,residential,"['Arunachalam Road', 'Valliammai Road']",False
269219247,2218346081,143.78366784573507,residential,Arunachalam Road,False
269219248,269219244,95.3497072849717,secondary,Gandhi Mandapam Road,True
269219248,269219251,74.23223679953144,residential,Vellaiyan Road,False
269219251,269219254,230.85229505931127,residential,Ambadi Road,False
269219251,269219246,73.95227295682653,residential,Vellaiyan Road,False
269219251,269219248,74.23223679953144,residential,Vellaiyan Road,False
269219254,269219251,230.85229505931127,residential,Ambadi Road,False
269219256,11648530710,22.71338867079122,residential,,False
269219256,9189133178,34.47755933616132,residential,,False
269219256,11648530707,19.690661866843577,residential,,False
269219257,269219259,58.68851121675287,residential,,False
269219257,269219215,22.9365861198995,residential,Ranjith Road,False
269219257,9189133175,164.5824337708358,residential,Ranjith Road,False
269219259,269219257,58.68851121675287,residential,,False
269219259,11648522719,99.17711847214794,residential,,False
269219259,2173017275,40.16750128740914,residential,,False
269219260,11648522719,23.19789311040365,residential,,False
269219261,269219263,65.33589365067994,residential,Surya Nagar,False
269219261,269219217,76.7705126743853,residential,Surya Nagar,False
269219261,11777067336,197.77904577653942,residential,Surya Nagar Street,False
269219263,6585596278,78.89507257678011,residential,Surya Nagar,False
269219263,269219261,65.33589365067994,residential,Surya Nagar,False
269219263,11648671823,259.8209384990822,residential,,False
269219287,269219399,15.636062488445464,residential,Kotturpuram 4th Main Road,False
269219287,10116438776,89.70313408675534,residential,4th Main Road Ext,False
269219287,269219375,64.39501386479498,residential,Kotturpuram 4th Main Road,False
269219288,2212827560,9.259792602495423,residential,Kotturpuram 1st Main Road,False
269219288,269219248,172.77040075570412,secondary,Gandhi Mandapam Road,True
269219292,6496890935,153.6723450549187,residential,2nd Main Road,False
269219292,269219380,46.99284565015325,residential,Crescent Street,False
269219292,269219381,49.706973764798846,residential,Crescent Street,False
269219292,269219372,115.53713027229651,residential,2nd Loop Street,False
269219294,6496890934,102.37959364063815,residential,3rd Main Road,False
269219294,269219299,16.61022678658311,residential,2nd Main Road,False
269219294,6496890935,136.23578662839122,residential,2nd Main Road,False
269219295,2218346060,49.27647567281685,residential,3rd Loop Street,False
269219295,269219299,41.2122911256654,residential,,False
269219295,410705972,133.249495277004,residential,Kotturpuram 4th Main Road,False
269219299,269219294,16.61022678658311,residential,2nd Main Road,False
269219299,2212827559,106.89425466695707,residential,Link Street,False
269219299,269219295,41.2122911256654,residential,,False
269219300,2212827559,9.61013463932307,residential,Link Street,False
269219300,269219288,73.57205931795369,secondary,Gandhi Mandapam Road,True
269219372,269219374,45.00774746426099,residential,2nd Loop Street,False
269219372,269219292,115.53713027229651,residential,2nd Loop Street,False
269219372,269219380,48.70544693523938,residential,,False
269219374,269219372,45.00774746426099,residential,2nd Loop Street,False
269219375,269219380,55.73451919219657,residential,Crescent Street,False
269219375,9181580937,29.071583784723124,residential,,False
269219375,269219379,27.362947767322375,residential,Kotturpuram 4th Main Road,False
269219375,269219287,64.39501386479498,residential,Kotturpuram 4th Main Road,False
269219377,410705972,31.651362347613574,residential,Kotturpuram 4th Main Road,False
269219377,269219379,81.71592409313608,residential,Kotturpuram 4th Main Road,False
269219377,269219379,101.31474767889435,residential,,False
269219379,269219377,81.71592409313608,residential,Kotturpuram 4th Main Road,False
269219379,269219377,101.31474767889435,residential,,False
269219379,269219375,27.362947767322375,residential,Kotturpuram 4th Main Road,False
269219380,6496890934,151.60531939047786,residential,3rd Main Road,False
269219380,269219375,55.73451919219657,residential,Crescent Street,False
269219380,269219292,46.99284565015325,residential,Crescent Street,False
269219380,269219372,48.70544693523938,residential,,False
269219381,410703484,39.885678342383756,residential,1st Loop Street,False
269219381,269219292,49.706973764798846,residential,Crescent Street,False
269219381,2212827560,365.31818949811924,residential,Kotturpuram 1st Main Road,False
269219399,269219287,15.636062488445464,residential,Kotturpuram 4th Main Road,False
269219399,9181580934,63.342186172770944,residential,Naidu Street,False
269219399,9181580929,63.06462362438903,residential,Lock Street,False
269219417,2218346037,7.858248773253873,residential,Naidu Street,False
269219417,9181580930,64.62256687242085,residential,Naidu Street,False
269219417,269219506,80.71879134945182,residential,New Street,False
269219420,269219442,72.38543291808655,residential,Naidu Street,False
269219420,2218346036,42.808130525666805,residential,Naidu Street,False
269219420,2218346065,145.364027128616,residential,,False
269219442,11242928858,42.60497178621971,residential,Naidu Street,False
269219442,269219420,72.38543291808655,residential,Naidu Street,False
269219442,2218346016,34.233979802055124,residential,,False
269219451,2218346016,69.53881882434352,residential,Yadaval Street,False
269219451,2218346026,14.010556494344355,residential,Naidu Street,False
269219451,11242928858,35.03788145801139,residential,Naidu Street,False
269219478,2212827553,88.63880851698066,tertiary,Ponniamman Koil Road,False
269219478,269219483,101.69022545812994,tertiary,Ponniamman Koil Road,False
269219478,2218346026,94.03559510224116,residential,Naidu Street,False
269219483,269219486,67.24448462989668,tertiary,Ponniamman Koil Road,False
269219483,2212827552,183.52464886749107,living_street,Upparapalayam Street,False
269219483,269219478,101.69022545812994,tertiary,Ponniamman Koil Road,False
269219486,269219513,71.58442163267078,residential,Mandapam Street,False
269219486,269219483,67.24448462989668,tertiary,Ponniamman Koil Road,False
269219486,269219671,78.65546904571613,tertiary,Ponniamman Koil Road,False
269219487,269219489,64.79296891393082,tertiary,Ponniamman Koil Road,False
269219487,269219671,37.31912490777589,tertiary,Ponniamman Koil Road,False
269219487,269219511,138.82806134918965,residential,New Street,False
269219489,269219487,64.79296891393082,tertiary,Ponniamman Koil Road,False
269219489,2218345874,24.702178513032493,tertiary,Ellaiamman Koil Street,True
269219499,269219554,160.83456338397409,residential,Pondicherry Road,False
269219499,269219556,121.19293529242593,residential,Pondicherry Road,False
269219499,269219600,56.01877407322123,tertiary,Ellaiamman Koil Street,False
269219499,2218345874,178.69697442762813,tertiary,Ellaiamman Koil Street,False
269219500,2218345862,48.36818027500949,residential,South Lock Street,False
269219500,269219558,110.46045330172038,residential,West Canal Bank Road,False
269219500,269219600,125.54515533686775,tertiary,Ellaiamman Koil Street,False
269219500,2218345819,187.7365007629965,tertiary,"['Canal Bank Road', 'East Kottur Canal Bank Road']",False
269219505,2218346016,8.960917062460123,residential,Yadaval Street,False
269219505,269219513,58.256954241718276,residential,Mandapam Street,False
269219505,269219506,130.22154580551788,residential,Yadaval Street,False
269219506,269219511,31.096361134612437,residential,New Street,False
269219506,269219505,130.22154580551788,residential,Yadaval Street,False
269219506,269219417,80.71879134945183,residential,New Street,False
269219511,269219623,122.57098656130752,residential,4th Street,False
269219511,269219506,31.096361134612437,residential,New Street,False
269219511,269219487,138.82806134918965,residential,New Street,False
269219513,269219486,71.58442163267078,residential,Mandapam Street,False
269219513,269219505,58.256954241718276,residential,Mandapam Street,False
269219513,12069421470,60.73798161304688,residential,Avvai Colony,False
269219515,12069421470,21.05097980189474,residential,Avvai Colony,False
269219516,11777104048,23.960658956109473,residential,,False
269219516,11648748804,16.686270864683618,residential,Lock Street,False
269219516,269219655,44.78094384243513,residential,Lock Street,False
269219550,11777104051,88.44109458277292,residential,Pondicherry Road,False
269219550,2218346030,120.13752540922061,residential,,False
269219550,269219553,80.37921889570515,residential,Pondicherry Road,False
269219553,269219601,56.270614183448785,residential,Karunanidhi 1st Street,False
269219553,269219556,34.419797960759226,residential,Pondicherry Road,False
269219553,269219550,80.37921889570515,residential,Pondicherry Road,False
269219554,269219499,160.83456338397409,residential,Pondicherry Road,False
269219554,269219803,8.741344908788443,residential,Perumal Koil Street,False
269219554,269219561,92.2070950412645,residential,Perumal Koil Street,False
269219555,269219556,65.90193437676493,residential,,False
269219556,269219555,65.90193437676493,residential,,False
269219556,269219553,34.419797960759226,residential,Pondicherry Road,False
269219556,269219499,121.19293529242593,residential,Pondicherry Road,False
269219558,269219560,50.449950790513476,residential,Perumal Koil Street,False
269219558,269219500,110.46045330172038,residential,West Canal Bank Road,False
269219558,269219781,79.21788628348206,residential,West Canal Bank Road,False
269219560,269219561,66.76244407851264,residential,Perumal Koil Street,False
269219560,269219558,50.449950790513476,residential,Perumal Koil Street,False
269219560,11625951330,24.828934248579085,residential,Perumal Koil Lane,False
269219561,269219554,92.2070950412645,residential,Perumal Koil Street,False
269219561,269219560,66.76244407851264,residential,Perumal Koil Street,False
269219561,6445486637,100.6437811345113,residential,,False
269219562,269219568,56.278563765772034,residential,Perumal Koil Street,False
269219562,9181580951,11.127393844937492,residential,Perumal Koil Street,False
269219562,269219575,147.25432407798846,residential,Guruvappa Street,False
269219568,269219562,56.278563765772034,residential,Perumal Koil Street,False
269219568,11773155530,78.5178112591593,residential,Lake View Road,False
269219568,2173017231,87.12826608629855,residential,Lake View Road,False
269219573,2218345867,72.78849017302386,residential,Tulukanathamman Street,False
269219573,12048840907,56.09349941111398,residential,Lake View Road,False
269219573,269219575,69.09567518549383,residential,Lake View Road,False
269219575,2173017231,7.5185199508466205,residential,Lake View Road,False
269219575,269219562,147.25432407798846,residential,Guruvappa Street,False
269219575,269219573,69.09567518549383,residential,Lake View Road,False
269219575,12048820658,137.98177059202766,living_street,,False
269219600,269219500,125.54515533686775,tertiary,Ellaiamman Koil Street,False
269219600,269219499,56.01877407322123,tertiary,Ellaiamman Koil Street,False
269219600,11625951332,68.14576679864673,residential,Perumal Koil Lane,False
269219601,269219605,52.45384286397699,residential,Karunanidhi 1st Street,False
269219601,269219553,56.270614183448785,residential,Karunanidhi 1st Street,False
269219601,269219603,125.23395124143232,residential,2nd Street,False
269219602,269219605,57.06423471018765,residential,Karunanidhi 1st Street,False
269219602,269219610,11.599589484844257,residential,Tiruvalluvar Nagar 1st Street,False
269219602,269219612,25.633841782632153,residential,Tiruvalluvar Nagar 1st Street,False
269219603,269219601,125.23395124143232,residential,2nd Street,False
269219605,269219602,57.06423471018765,residential,Karunanidhi 1st Street,False
269219605,269219601,52.45384286397699,residential,Karunanidhi 1st Street,False
269219605,269219606,111.4545551946078,residential,3rd Street,False
269219605,269219667,91.46064152788368,residential,4th Street,False
269219606,269219605,111.4545551946078,residential,3rd Street,False
269219607,269219623,38.27876874220474,residential,Tiruvalluvar Nagar 1st Street,False
269219610,269219602,11.599589484844257,residential,Tiruvalluvar Nagar 1st Street,False
269219610,11777104049,151.4868259509533,residential,Tiruvalluvar Nagar 1st Street,False
269219610,269219611,115.51555545114485,residential,2nd Street,False
269219611,269219610,115.51555545114485,residential,2nd Street,False
269219612,269219602,25.633841782632153,residential,Tiruvalluvar Nagar 1st Street,False
269219612,269219623,42.42871931960682,residential,Tiruvalluvar Nagar 1st Street,False
269219612,269219613,106.13312782134132,residential,3rd Street,False
269219613,269219612,106.13312782134132,residential,3rd Street,False
269219623,269219612,42.42871931960682,residential,Tiruvalluvar Nagar 1st Street,False
269219623,269219607,38.27876874220474,residential,Tiruvalluvar Nagar 1st Street,False
269219623,269219511,122.57098656130752,residential,4th Street,False
269219635,269219636,75.66971944142082,residential,Ranjith Road,False
269219636,246824741,278.8841318122944,residential,Ranjith Road,False
269219636,269219635,75.66971944142082,residential,Ranjith Road,False
269219636,269219217,85.12580151643833,residential,Ranjith Road,False
269219655,11777104049,24.685785749653935,residential,Tiruvalluvar Nagar 1st Street,False
269219655,6305292376,31.45433778233214,residential,Lock Street,False
269219655,269219516,44.78094384243513,residential,Lock Street,False
269219667,269219605,91.46064152788368,residential,4th Street,False
269219671,269219678,54.91493862016857,residential,,False
269219671,269219487,37.31912490777589,tertiary,Ponniamman Koil Road,False
269219671,269219486,78.65546904571613,tertiary,Ponniamman Koil Road,False
269219678,269219671,54.91493862016857,residential,,False
269219678,2218345867,45.09447596331511,residential,Tulukanathamman Street,False
269219678,2218345822,146.44783202268871,residential,,False
269219758,11773362750,36.47754637535046,residential,2nd Cross Street,False
269219758,11773362693,374.02859229796974,residential,"['Mandapam Road', 'Lake View Road']",False
269219758,10172868202,42.275985140289066,residential,Lake View Road,False
269219771,269219787,119.88873331066063,residential,West Canal Bank Road,False
269219771,11773362693,77.61947309098306,residential,Mandapam Road,False
269219771,30268466,372.2819223005109,residential,West Canal Bank Road,False
269219781,11773362715,46.81769155545782,residential,West Canal Bank Road,False
269219781,269219558,79.21788628348206,residential,West Canal Bank Road,False
269219781,2218345800,57.59050836013567,residential,Teachers Colony,False
269219787,269219771,119.88873331066063,residential,West Canal Bank Road,False
269219787,9181580968,65.66050469587259,residential,West Canal Bank Road,False
269219787,9181580971,121.1288156579382,residential,"['2nd Street', '3rd Street']",False
269219794,9181580971,112.34348397924296,residential,Bharathi Avenue 1st Street,False
269219803,11625863549,15.233922086517284,residential,Perumal Koil Street,False
269219803,269219554,8.741344908788443,residential,Perumal Koil Street,False
269219803,269219806,102.67218845885489,residential,Peruaml Kovil 1st Street,False
269219806,11773155477,26.497443456114617,residential,Peruaml Kovil 1st Street,False
269219806,11773155477,124.33414682642636,residential,,False
269219806,269219803,102.67218845885489,residential,Peruaml Kovil 1st Street,False
269219806,11773155511,173.41526706820787,residential,,False
269219824,11773155476,19.0495879840616,residential,Peruaml Kovil 1st Street,False
269219824,11773155489,26.869576190114497,residential,Peruaml Kovil 1st Street,False
269219824,11773155511,58.23823388012821,residential,,False
269219826,11773155474,48.0729295317352,residential,,False
269219826,9181580966,56.838759550609126,residential,Peruaml Kovil 1st Street,False
269219826,11773155476,42.650576071350145,residential,Peruaml Kovil 1st Street,False
269219848,9181580971,61.76593866961045,residential,2nd Street,False
269219848,9181580962,65.05135116518237,residential,2nd Street,False
269219848,11773362752,49.02321104201639,residential,,False
269766793,269766796,70.02023917660709,residential,South Avenue,False
269766793,301299919,24.99401090427755,primary,Taluk Office Road,True
269766796,269766793,70.02023917660709,residential,South Avenue,False
269766796,269766830,110.70811979341282,residential,West Mada Street,False
269766796,269766946,175.32357215249206,residential,South Avenue,False
269766801,269766973,180.74574694534894,residential,Temple Avenue,False
269766801,269767116,32.48592139243265,residential,East Mada Street,False
269766801,269767098,42.94151969771667,residential,East Mada Street,False
269766801,269767011,151.94951471336745,residential,Rangarajapuram 4th Street,False
269766805,2241063800,7.0672505957747465,residential,North Mada Street,False
269766805,269767116,48.32453148752436,residential,East Mada Street,False
269766805,269766987,181.81386980474704,residential,North Mada Street,False
269766824,269767382,74.29699617014525,residential,West Mada Street,False
269766824,269766834,79.1223296744797,residential,West Mada Street,False
269766824,269766987,172.4747193312461,residential,North Mada Street,False
269766827,269766956,181.00159365413964,residential,South Mada Street,False
269766827,269767090,15.92203722677441,residential,East Mada Street,False
269766827,269767181,33.87008605095886,residential,East Mada Street,False
269766830,269766834,89.65528291610784,residential,West Mada Street,False
269766830,269766796,110.70811979341282,residential,West Mada Street,False
269766830,9189140906,30.9004846556312,residential,,False
269766830,269766956,174.19957547000246,residential,South Mada Street,False
269766834,269766973,173.26477414817606,residential,Temple Avenue,False
269766834,269766824,79.1223296744797,residential,West Mada Street,False
269766834,269766830,89.65528291610784,residential,West Mada Street,False
269766929,269767382,45.56816337674746,residential,North Avenue,False
269766946,269767181,245.5187259385868,residential,"['East Mada Street', 'South Avenue']",False
269766946,269766796,175.32357215249206,residential,South Avenue,False
269766946,269766956,109.59912081739154,residential,ஸ்ரீநகர் காலனி குறுக்கு தெரு,False
269766956,269766827,181.00159365413964,residential,South Mada Street,False
269766956,269766973,91.05699367478022,residential,ஸ்ரீநகர் காலனி குறுக்கு தெரு,False
269766956,269766830,174.19957547000246,residential,South Mada Street,False
269766956,269766946,109.59912081739154,residential,ஸ்ரீநகர் காலனி குறுக்கு தெரு,False
269766973,269766801,180.74574694534894,residential,Temple Avenue,False
269766973,269766834,173.26477414817606,residential,Temple Avenue,False
269766973,269766956,91.05699367478022,residential,ஸ்ரீநகர் காலனி குறுக்கு தெரு,False
269766973,269766987,76.9787740420486,residential,ஸ்ரீநகர் காலனி குறுக்கு தெரு,False
269766987,269766973,76.9787740420486,residential,ஸ்ரீநகர் காலனி குறுக்கு தெரு,False
269766987,269766824,172.4747193312461,residential,North Mada Street,False
269766987,269767382,244.4421546018346,residential,"['ஸ்ரீநகர் காலனி குறுக்கு தெரு', 'North Avenue']",False
269766987,269766805,181.81386980474704,residential,North Mada Street,False
269767011,269766801,151.94951471336745,residential,Rangarajapuram 4th Street,False
269767011,11402926021,21.023089027591652,residential,Ponni Amman Koil Street,False
269767011,269767110,39.76546196137793,residential,Ponni Amman Koil Street,False
269767019,269767133,142.2902603920117,residential,Ponni Amman Koil Street,False
269767027,2241063800,139.31214752720467,residential,North Mada Street,False
269767027,269767110,34.15526699617259,residential,Ponni Amman Koil Street,False
269767027,11402842258,30.56229662124596,living_street,Ponni Amman Koil Street,False
269767036,269767098,157.66289410480994,residential,,False
269767036,269767070,30.07779326202707,residential,Ponni Amman Koil Street,False
269767036,11402926021,28.304258350335587,residential,Ponni Amman Koil Street,False
269767070,269767090,161.65065393141185,residential,2nd Street,False
269767070,269767075,47.61040078640126,residential,Ponni Amman Koil Street,False
269767070,269767036,30.07779326202707,residential,Ponni Amman Koil Street,False
269767075,2241062480,81.98778743898485,residential,Rangarajapuram 1st Street,False
269767075,269767070,47.61040078640126,residential,Ponni Amman Koil Street,False
269767075,10722598783,24.984599722052977,residential,,False
269767090,269767098,26.898853757426625,residential,East Mada Street,False
269767090,269766827,15.92203722677441,residential,East Mada Street,False
269767090,269767070,161.65065393141185,residential,2nd Street,False
269767098,269766801,42.94151969771667,residential,East Mada Street,False
269767098,269767090,26.898853757426625,residential,East Mada Street,False
269767098,269767036,157.66289410480996,residential,,False
269767110,269767116,150.58675795219725,residential,,False
269767110,269767011,39.76546196137793,residential,Ponni Amman Koil Street,False
269767110,269767027,34.15526699617259,residential,Ponni Amman Koil Street,False
269767116,269767110,150.58675795219725,residential,,False
269767116,269766805,48.32453148752436,residential,East Mada Street,False
269767116,269766801,32.48592139243265,residential,East Mada Street,False
269767133,2241063800,78.08407792591163,residential,,False
269767133,269767138,56.078730945586166,residential,Ponni Amman Koil Street,False
269767133,269767019,142.2902603920117,residential,Ponni Amman Koil Street,False
269767138,269767133,56.078730945586166,residential,Ponni Amman Koil Street,False
269767181,269766827,33.87008605095886,residential,East Mada Street,False
269767181,2241062480,82.95352487034977,residential,Rangarajapuram 1st Street,False
269767181,269766946,245.51872593858678,residential,"['East Mada Street', 'South Avenue']",False
269767197,2168668834,95.08247018722513,residential,,False
269767197,2168668838,7.03021349181233,residential,LDG Road,False
269767197,2241065633,213.6658282343042,residential,LDG Road,False
269767207,2241068036,18.775404383584668,residential,LDG Road,False
269767207,2168668838,91.58074943576048,residential,LDG Road,False
269767207,2168668851,99.79451612431176,residential,,False
269767212,2168668843,23.805465211240033,residential,,False
269767212,2241068036,24.603429390312616,residential,LDG Road,False
269767212,9189073692,129.78547750800632,residential,LDG Road,False
269767231,269767236,43.213167196138194,primary,Taluk Office Road,True
269767231,308198209,35.48541247775513,primary_link,,False
269767231,9189073692,38.72176985290647,residential,LDG Road,False
269767236,256035580,78.31068488892518,primary,Taluk Office Road,True
269767236,269767276,43.65951096696142,residential,,False
269767276,269767353,122.16253402940893,residential,Lour Doss Grotto Road,False
269767276,2241065780,99.51160767632237,residential,,False
269767276,269767236,43.65951096696142,residential,,False
269767353,2241065633,29.97129757235682,residential,LDG Road,False
269767353,269767276,122.16253402940893,residential,Lour Doss Grotto Road,False
269767353,269767368,84.34314109688319,residential,LDG Road,False
269767368,9189140910,40.668223074055255,primary,Taluk Office Road,True
269767368,269767353,84.34314109688319,residential,LDG Road,False
269767382,269766824,74.29699617014525,residential,West Mada Street,False
269767382,269766929,45.56816337674746,residential,North Avenue,False
269767382,269766987,244.4421546018346,residential,"['ஸ்ரீநகர் காலனி குறுக்கு தெரு', 'North Avenue']",False
269767388,2168668870,40.50811105268544,residential,,False
269767388,269767390,23.087076089285258,residential,,False
269767388,269767402,38.12805066317032,residential,,False
269767389,269767390,20.81314315704649,residential,,False
269767389,2168668861,40.75721319930835,residential,4th Street,False
269767389,269767403,36.91681221613538,residential,4th Street,False
269767390,269767389,20.81314315704649,residential,,False
269767390,269767388,23.087076089285258,residential,,False
269767390,4415623860,40.23924489420043,residential,9th Street,False
269767393,2168668860,21.490331080913517,residential,,False
269767393,256035578,21.48406718881797,residential,,False
269767393,4415623860,85.47140210471656,residential,9th Street,False
269767394,269767396,58.63646945133373,residential,,False
269767394,256035574,14.655484655524454,residential,4th Street,False
269767394,2168668860,2.999837882592507,residential,4th Street,False
269767396,269767394,58.63646945133373,residential,,False
269767402,269767403,43.37646500400371,residential,5th Street,False
269767402,269767388,38.12805066317032,residential,,False
269767402,269767405,36.76080488844538,residential,,False
269767403,269767402,43.37646500400371,residential,5th Street,False
269767403,269767389,36.91681221613538,residential,4th Street,False
269767403,269767407,37.738353232609555,residential,4th Street,False
269767405,269767407,42.40086828206897,residential,3rd Street,False
269767405,269767402,36.76080488844538,residential,,False
269767405,11307400830,78.39693546868605,residential,1st Street,False
269767407,269767405,42.40086828206897,residential,3rd Street,False
269767407,269767403,37.738353232609555,residential,4th Street,False
269767407,11307400830,37.28603981123322,residential,4th Street,False
269767408,12069585341,20.555988281422195,living_street,,False
269767408,11777067317,66.71030593683996,residential,Todhunter Nagar 2nd Cross Road,False
269767408,2216189371,26.12518203642644,residential,Todhunter Nagar 2nd Cross Road,False
269767409,269767410,91.99303593751567,residential,,False
269767409,13399298675,23.99178117974105,residential,Jothiammal Nagar,False
269767409,2168668880,96.65540876844966,residential,Jothiammal Nagar,False
269767410,269767409,91.99303593751567,residential,,False
269767410,2168668876,95.47045130153819,residential,,False
269767410,269767422,149.027636405205,residential,,False
269767422,269767410,149.027636405205,residential,,False
269767422,1411621698,34.36346268082448,residential,Jothiammal Nagar,False
269767422,10574445786,20.98448406677673,residential,Jothiammal Nagar,False
269768005,303511150,21.83241135001994,secondary,CIT Nagar 3rd Main Road,False
269768005,30037875,297.350568185355,primary,Anna Salai (Mount Road),True
269768027,303511137,86.82330910802374,residential,,False
269768027,4410824052,201.59428789799455,residential,First Street,False
269768027,2168668920,321.5337478280983,residential,,False
269768064,269768067,114.79278858762706,residential,,False
269768067,250363542,35.94802701028729,residential,,False
269768067,269768064,114.79278858762706,residential,,False
269768067,250363577,257.9220824266575,residential,West Road,False
269768278,30037875,107.48060264561357,tertiary,,False
269768278,1410716401,194.16683325088238,tertiary,4th Main Road,False
277501411,416016093,10.548799437130128,residential,,False
277501411,2239237829,34.961795432655904,residential,,False
277501411,1497332702,82.34490319469032,residential,VGP Road,False
277911182,338461507,8.927852166230519,tertiary,,False
277911182,338466244,11.331818269637589,tertiary,,False
277911182,338466562,38.7594524117876,primary,Taramani Link Road,True
277911188,1364815699,83.72883663278847,residential,Gandhi Street,False
277911188,330653704,92.68969132563002,tertiary,Peeliamman Koil Street,False
277911188,277911189,25.737350933353117,tertiary,Gandhi Street,False
277911189,338466567,41.75902222930674,residential,Gandhi Street,False
277911189,338466595,132.8096617563701,residential,Kambar Street,False
277911189,338466244,75.42009542923233,tertiary,,False
277911189,277911188,25.737350933353113,tertiary,Gandhi Street,False
277911462,277911463,67.66498017093379,tertiary,New Colony Main Road,False
277911462,330780893,6.308780469132242,tertiary,New Colony Main Road,False
277911462,11431866539,103.00914447327705,residential,Bharathiyar Street,False
277911463,338466186,37.54491297922152,residential,Kokilam Street,False
277911463,277911462,67.66498017093379,tertiary,New Colony Main Road,False
277911463,277911465,129.01041759491525,tertiary,Ambika street,False
277911465,330648898,23.768985580399523,tertiary,Ambika street,False
277911465,11431797653,32.772738448681096,residential,Ambika Cross Street,False
277911465,277911463,129.01041759491522,tertiary,Ambika street,False
277911466,330648898,43.73388092909577,tertiary,Ambika street,False
277911466,330648881,31.658775723924872,residential,Gandhi Road to IIT Krishna Gate Road,False
277911466,330648854,21.6587672448127,tertiary,Gandhi Road,False
277911467,330648719,59.17108105864688,tertiary,Gandhi Road,False
277911467,3426339608,19.328078675390984,tertiary,Gandhi Road,False
277911467,330648822,125.65041969351343,residential,ParasuRaman Street,False
277911468,300312040,134.69609207699088,residential,ThiruVedi Amman Koil Street,False
277911468,3419458093,53.49813144048713,tertiary,Gandhi Road,False
277911468,330648719,55.36180146219431,tertiary,Gandhi Road,False
277911472,338440189,77.5536000847872,tertiary,Dhroupathy Amman Koil Street,False
277911472,300195623,86.93002529918587,secondary,Velachery Main Road,False
277911472,2442518721,99.87962053328806,secondary,Velachery Main Road,False
277911472,3493019110,102.53127152210234,tertiary,Gandhi Road,False
277911475,325206636,60.62814771368303,residential,,False
277911475,11050686281,20.817235208445663,tertiary,Dhroupathy Amman Koil Street,False
277911475,11770224848,31.924727483460266,tertiary,Dhroupathy Amman Koil Street,False
277911476,325206256,74.74174219050731,tertiary,Dhroupathy Amman Koil Street,False
277911476,11050686281,101.81005632477051,tertiary,Dhroupathy Amman Koil Street,False
277911476,277911477,78.65614558020238,residential,,False
277911477,12702176405,36.06897040742061,primary,Velachery Bypass Road,True
277911477,277911476,78.65614558020238,residential,,False
277911479,338406725,79.5520770165391,residential,Gangai Amman Koil Street,False
277911479,338440272,179.45345783014739,residential,Gangai Amman Koil Street,False
277911479,11046206859,34.339832985101644,living_street,,False
277911482,338440271,35.08459404441473,residential,Gangai Amman Koil Street,False
277911482,338440292,69.20088181008052,residential,Gandhi Street,False
277911482,300313031,140.80400898959056,residential,Gandhi Street,False
277912040,277912866,78.15636901164721,tertiary,Lake View Road,False
277912040,299382813,53.06115351818699,tertiary,Brindavan Nagar Main Road,False
277912040,6305009113,226.05052235129835,residential,Lake View Road,False
277912041,300165075,16.834640468527297,tertiary,Brindavan Nagar Main Road,False
277912041,299384037,123.60200860895186,residential,,False
277912041,299385739,38.7349467752131,tertiary,Brindavan Nagar Main Road,False
277912863,300159529,48.19987565933999,residential,,False
277912866,277912040,78.15636901164721,tertiary,Lake View Road,False
277912866,1197468435,111.34077410270467,tertiary,Lake View Road,False
278613467,301300685,72.19539267257193,primary,Anna Salai (Mount Road),True
278613475,247713922,24.598382552010534,primary,Anna Salai (Mount Road),True
278989902,3146852560,119.81408684286907,residential,,False
278989902,370223894,184.74342659696356,residential,,False
278989902,363959498,300.1144936833243,residential,Kalaimagal Nagar 2nd Main,False
278990057,13966900349,8.792904394892066,residential,Main Road,False
278990057,11190379653,102.72123608291733,secondary,SIDCO Industrial Estate South Phase Road,True
278990057,11427763108,95.60918874449743,residential,Main Road,False
278990058,364069485,103.4388669107087,residential,,False
278990058,13966900344,20.374908242248598,secondary,SIDCO Industrial Estate South Phase Road,False
278990100,364628536,12.22924162771278,tertiary,Poonamalle Road,False
278990100,364628457,31.901630670321644,tertiary,Poonamalle Road,False
278990100,11436607440,136.16136821784076,residential,,False
278990103,9189148333,20.76786826306705,residential,,False
278990103,280088650,118.65456716837834,residential,,False
278990103,5360153610,45.32290828803743,residential,,False
278990104,364873511,156.91142322546878,residential,,False
278990104,364873701,58.346382164523824,residential,,False
278990104,364873512,105.43182529678687,residential,,False
278990104,9189109014,66.74324304341465,residential,,False
278990105,364549082,31.50783307050998,tertiary,,False
278990629,363959498,47.35520494219508,residential,1st Cross Street,False
278990629,364572470,46.41323716286217,residential,Kalaimagal Nagar 1st Main,False
278990629,364572470,224.69861724099982,residential,"['2nd Cross Street', '1st Cross Street']",False
278990629,367788946,74.36190940808392,residential,Kalaimagal Nagar 1st Main,False
278990630,364175463,45.890266593145896,residential,3rd Cross Street,False
278990630,364873570,60.25555673267299,residential,Kalaimagal Nagar 1st Main,False
278990630,364572470,52.949635346046556,residential,Kalaimagal Nagar 1st Main,False
278990632,364622737,113.36902694610104,residential,Balaji Nagar 1st Main,False
278990632,364032452,25.71299624745001,residential,Vandi Pathai Street,False
278990632,364622735,47.363990208206665,residential,Vandi Pathai Street,False
278990634,9189148358,171.6432285289411,residential,,False
278990634,2275098876,29.66684322061809,residential,Vandi Pathai Street,False
278990634,11078052401,130.6319402047544,residential,,False
278990634,367871630,38.62900169819177,residential,Vandi Pathai Street,False
278990635,367789234,52.07481544855894,tertiary,Poonamalle Road,False
278990635,278990636,45.86267094729166,tertiary,Gandhi Nagar Main,False
278990635,364628536,129.3853786755069,tertiary,Poonamalle Road,False
278990635,2275098876,120.36163612570235,residential,Vandi Pathai Street,False
278990636,278990635,45.86267094729166,tertiary,Gandhi Nagar Main,False
278990636,364628534,6.639844496519808,tertiary,Gandhi Nagar Main,False
278990636,11240698136,58.5386199150525,residential,,False
278990638,364628463,38.74053347381278,tertiary,Ambal Nagar Main,False
278990638,364628496,12.948874263486607,tertiary,Gandhi Nagar Main,False
278990638,12684083857,14.018119826368533,residential,,False
278990640,364631694,51.30001434823499,residential,,False
278990640,11190343414,31.315946970747085,residential,,False
278990640,7024754332,47.49803187007799,residential,,False
278990887,11402362182,97.63947891192093,residential,,False
278990887,364637091,7.586461053571203,tertiary,Ambal Nagar Main,False
278990887,364571150,27.783135861787798,tertiary,Ambal Nagar Main,False
278990888,364628477,63.590113959206285,primary,Inner Ring Road,True
278990888,364628453,87.86188301987465,tertiary,Ambal Nagar Main,False
278990888,308313676,22.486974063204695,tertiary,Reddy 2nd Street,False
279610134,301299641,215.86742994315182,residential,1st Seaward Road,False
279610134,301299658,19.90844760432448,tertiary,Tiruvalluvar Nagar 2nd Avenue,False
279610134,333734678,80.73521492475925,tertiary,Tiruvalluvar Nagar 2nd Avenue,False
279610136,2168628444,87.89691704233901,residential,4th Seaward Road,False
279610136,12989236287,57.76455291061578,tertiary,Tiruvalluvar Nagar 2nd Avenue,False
279610136,333743882,79.51384231531142,residential,Subramaniya Avenue,False
279610136,1446415947,73.33307282193113,tertiary,Tiruvalluvar Nagar 2nd Avenue,False
279610139,333744579,59.833371604240796,residential,Tiruvalluvar Nagar 1st Avenue,False
279610139,334176882,88.59271769404616,residential,Tiruvalluvar Nagar 1st Avenue,False
279610139,333738005,43.8486963967211,tertiary,Tiruvalluvar Nagar 2nd Avenue,False
279610139,9179560425,55.882968395193984,tertiary,Tiruvalluvar Nagar 2nd Avenue,False
279610140,301299740,35.114654076714245,residential,Journalist Colony,False
279610140,2168628382,8.127777559239988,tertiary,Tiruvalluvar Nagar 2nd Avenue,False
280088650,278990103,118.65456716837834,residential,,False
280088650,2241068154,240.51645492066626,residential,Naga Reddy Thottam Garden Rd,False
280088650,9189109007,346.3165198382552,residential,,False
280088651,6497435374,5.785394487921815,residential,Reddy 1st Street,False
280088651,368385486,78.92740786828007,tertiary,,False
280088651,364637118,85.79538765962916,tertiary,,False
280088653,247714021,18.0287822642838,secondary,Alandur Road,False
280088653,9885084116,446.34437629626706,secondary,"['Alandur Road', 'Abraham Bridge']",False
280088653,2241067975,144.05662413688094,residential,Arulayampettai 2nd Street,False
280089107,2168668934,38.61504229167735,residential,2nd Border Street,False
280089107,2237675823,32.675497280829696,residential,2nd Border Street,False
280089107,2237675819,49.1478931808128,residential,Shastri Street,False
280089108,2168668927,42.694088206850125,residential,,False
280089108,2168668937,33.486322733799184,residential,,False
280089108,11801178049,3.9951999495868886,residential,,False
280089630,338470529,15.043033056829907,residential,Gandhi Street,False
280089630,11644572975,33.40605368024411,primary,Taramani Link Road,True
291018468,299879508,65.57825719709297,residential,Lake View Road,False
291192573,291192861,180.0232678364594,tertiary,Indira Nagar 1st Avenue,False
291192573,312025190,63.91986607637418,residential,Indira Nagar 2nd Main Road,False
291192573,257432748,176.025647251262,tertiary,Indira Nagar 1st Avenue,False
291192621,2699418581,50.51528961969662,residential,2nd Cross Street,False
291192621,335522217,68.72958196271884,residential,Indira Nagar 2nd Main Road,False
291192621,2172995833,87.68960481711711,residential,Indira Nagar 2nd Main Road,False
291192686,313774895,124.3099837496231,residential,9th Cross Street,False
291192686,312025161,62.03327215806798,residential,Indira Nagar 2nd Main Road,False
291192686,313785320,50.84162055520551,tertiary,Indira Nagar 3rd Avenue,False
291192686,313774897,59.043734752275526,tertiary,Indira Nagar 3rd Avenue,False
291192859,312025389,62.33147511133751,residential,Indira Nagar 1st Main Road,False
291192859,291193235,74.62842666969475,residential,Indira Nagar 1st Main Road,False
291192859,6536963580,68.31889545459397,residential,,False
291192861,312025131,76.97880187701146,residential,Indira Nagar 1st Main Road,False
291192861,335522209,78.36152475098494,residential,Indira Nagar 1st Main Road,False
291192861,11601327273,50.96571144493006,tertiary,Indira Nagar 1st Avenue,False
291192861,291192573,180.0232678364594,tertiary,Indira Nagar 1st Avenue,False
291193234,2699418581,129.41974206344224,residential,2nd Cross Street,False
291193234,335522209,69.38307267622514,residential,Indira Nagar 1st Main Road,False
291193234,312025389,64.45883655046576,residential,Indira Nagar 1st Main Road,False
291193235,312025305,22.62010374905923,residential,Indira Nagar 1st Main Road,False
291193235,6536963580,39.68652516714171,residential,,False
291193235,291192859,74.62842666969476,residential,Indira Nagar 1st Main Road,False
291294776,257430115,27.685694259017644,tertiary,Shastri Nagar 1st Avenue,False
291294776,257430116,122.30636178523667,tertiary,Besant Nagar 1st Avenue Service Road,True
291295144,257430116,26.09078686427952,residential,1st cross street,False
291295144,291294776,124.6444951551434,tertiary,Besant Nagar 1st Avenue,True
291295296,299805382,83.04786345926856,residential,1st cross street,False
291295296,291295494,55.557135395656495,residential,1st cross street,False
291295296,11038582811,47.10315118670182,residential,,False
291295296,1730498184,80.28285604602151,residential,1st cross street,False
291295329,291295436,187.780177861098,residential,Besant Nagar 4th Avenue,False
291295329,299805457,42.80144070374722,residential,Besant Nagar 4th Avenue,False
291295329,291295419,79.1911370383688,residential,2nd Cross,False
291295419,291295329,79.1911370383688,residential,2nd Cross,False
291295419,299805481,74.01684929407692,residential,2nd Cross,False
291295419,291295494,178.49347679443792,residential,1st cross street,False
291295436,291295329,187.780177861098,residential,Besant Nagar 4th Avenue,False
291295436,291295494,70.68325792955422,residential,,False
291295436,257430152,171.80095138705315,residential,Besant Nagar 4th Avenue,False
291295494,291295436,70.68325792955422,residential,,False
291295494,291295296,55.557135395656495,residential,1st cross street,False
291295494,291295419,178.49347679443792,residential,1st cross street,False
291295940,257430096,26.727503272091717,tertiary,5th Avenue,False
291295940,257430102,70.11874072572341,tertiary,Elliot's Beach Promenade,True
291295940,10567935674,39.01872631587774,residential,2nd Main Road,False
291295940,10567935696,117.61445891256685,tertiary,5th Avenue,False
299382574,299382591,110.14212511562857,residential,,False
299382574,300301596,35.67303537691989,residential,,False
299382574,1197468250,50.39134415796129,residential,,False
299382591,299382574,110.14212511562857,residential,,False
299382591,6318051102,93.14179458020558,residential,Mohanapuri 3rd Street,False
299382591,299383030,41.4852423038253,tertiary,Brindavan Nagar Main Road,False
299382591,300469152,75.79007802939448,tertiary,Brindavan Nagar Main Road,False
299382594,6318051102,147.18830679080853,residential,Mohanapuri 3rd Street,False
299382594,299383020,43.41701542173544,residential,,False
299382594,299382713,38.5417972703834,residential,,False
299382713,299382594,38.5417972703834,residential,,False
299382713,299886616,45.80455466635375,residential,,False
299382713,338440049,44.03170710268679,residential,Mohanapuri 2nd Street,False
299382713,6304943208,73.06361174429303,residential,Mohanapuri 2nd Street,False
299382716,2167149210,44.42151541453515,residential,,False
299382716,338223169,77.0084917060302,residential,Mohanapuri 2nd Street,False
299382716,338440049,51.71373561678457,residential,Mohanapuri 2nd Street,False
299382730,338223280,55.55898524644835,residential,Lakshmi Hayagriva 1st Main Road,False
299382813,277912040,53.06115351818699,tertiary,Brindavan Nagar Main Road,False
299382813,300301437,164.50958586384854,residential,,False
299382813,6304943212,169.86000267134062,residential,,False
299382813,300469152,53.190771485128366,tertiary,Brindavan Nagar Main Road,False
299382923,6497689887,94.14075900170495,residential,Mohanapuri 5th Street,False
299382923,299383040,55.382616313761666,residential,,False
299382923,299881750,52.412998403596134,residential,,False
299382923,299880831,155.4108557349746,residential,Mohanapuri 5th Street,False
299382925,300303931,93.5454493707901,residential,Mohanapuri 5th Street,False
299382925,299383985,31.50739424548072,tertiary,Brindavan Nagar Main Road,False
299382925,299383030,40.018176363460505,tertiary,Brindavan Nagar Main Road,False
299382925,1197468250,100.34838991288979,residential,,False
299383020,299383040,43.60403584259831,residential,Mohanapuri 4th Street,False
299383020,299382594,43.41701542173544,residential,,False
299383020,300303930,155.44965128549353,residential,Mohanapuri 4th Street,False
299383030,300303930,93.48021771082554,residential,Mohanapuri 4th Street,False
299383030,299382925,40.018176363460505,tertiary,Brindavan Nagar Main Road,False
299383030,299382591,41.4852423038253,tertiary,Brindavan Nagar Main Road,False
299383040,299886460,59.08194678286119,residential,Mohanapuri 4th Street,False
299383040,299383020,43.60403584259831,residential,Mohanapuri 4th Street,False
299383040,338440049,88.73644947744349,residential,,False
299383040,299382923,55.382616313761666,residential,,False
299383048,299383049,45.10751323558403,residential,Mohanapuri 4th Street,False
299383048,6445046253,23.882158697306526,residential,Mohanapuri 4th Street,False
299383048,338223162,80.05223607297377,residential,,False
299383049,299383048,45.10751323558403,residential,Mohanapuri 4th Street,False
299383049,300305184,27.686126090622295,residential,,False
299383049,300165130,22.695278607250867,residential,,False
299383101,299385851,51.797343758936215,residential,,False
299383101,300303099,128.73285817430624,residential,,False
299383101,299384649,50.96614493093224,tertiary,Brindavan Nagar Main Road,False
299383101,299385739,44.075221170803744,tertiary,Brindavan Nagar Main Road,False
299383104,6304903884,65.7812914728775,residential,,False
299383104,299385851,43.84487587805855,residential,,False
299383104,299385745,43.479171516608815,residential,,False
299383124,299383231,30.78525768848432,residential,,False
299383124,6307234631,42.63310251425108,residential,,False
299383124,6304903884,72.96415035369148,residential,,False
299383231,299383124,30.78525768848432,residential,,False
299383231,300165083,71.33734805693194,residential,,False
299383231,2167149106,31.619479057006064,residential,,False
299383238,2167149106,14.947531905057142,residential,,False
299383238,300165085,51.65937383891338,residential,,False
299383238,300164882,92.39717536860275,residential,,False
299383250,299881867,95.47788385592179,residential,,False
299383250,300304364,15.646964170073051,residential,,False
299383250,6445033946,54.9252418608853,residential,,False
299383331,300165087,30.269576229021556,residential,,False
299383331,300164884,54.33573790513516,residential,1st Cross Road,False
299383331,299385837,58.72708441322162,residential,4th Main Road,False
299383331,300164881,95.99015165827214,residential,,False
299383745,2167149222,15.878352752916227,residential,,False
299383745,1197468250,53.95955806921207,residential,,False
299383975,299383985,146.8972765843156,residential,,False
299383975,299384037,71.83046995376213,residential,,False
299383985,299383975,146.8972765843156,residential,,False
299383985,300165075,37.67396447157369,tertiary,Brindavan Nagar Main Road,False
299383985,299382925,31.50739424548072,tertiary,Brindavan Nagar Main Road,False
299384037,299385733,48.72076393778941,residential,,False
299384037,277912041,123.60200860895186,residential,,False
299384037,299383975,71.83046995376213,residential,,False
299384649,300165255,57.11578945775639,tertiary,Brindavan Nagar Main Road,False
299384649,299383101,50.96614493093224,tertiary,Brindavan Nagar Main Road,False
299385733,299385739,126.57266467455447,residential,,False
299385733,299384037,48.72076393778941,residential,,False
299385733,300303099,43.16202100161939,residential,,False
299385739,299385733,126.57266467455447,residential,,False
299385739,299385745,95.09498405523662,residential,5 Cross Street,False
299385739,299383101,44.075221170803744,tertiary,Brindavan Nagar Main Road,False
299385739,277912041,38.7349467752131,tertiary,Brindavan Nagar Main Road,False
299385745,299385739,95.09498405523662,residential,5 Cross Street,False
299385745,300165074,47.63985012350729,residential,,False
299385745,299383104,43.479171516608815,residential,,False
299385745,11329022596,27.570918486514575,residential,,False
299385806,338440041,44.152384215309716,residential,,False
299385806,299879508,279.22712636221183,residential,Lake View Road,False
299385806,6305009114,206.28937492397716,residential,Lake View Road,False
299385811,300165130,53.904753596387074,residential,,False
299385811,338440038,51.85947642944895,residential,,False
299385811,338223162,47.520849043106864,residential,Mohanapuri 2nd Street,False
299385811,300165127,144.6053595066575,residential,Lakshmi Hayagriva 1st Main Road,False
299385830,299881747,54.26653387174844,residential,Mahalakshmi Nagar 8th Cross Street,False
299385830,2167149106,58.178024818085746,residential,,False
299385830,299385851,191.7639379065065,residential,,False
299385837,2167149073,52.760867876780274,residential,Mahalakshmi Nagar 8th Cross Street,False
299385837,299383331,58.72708441322162,residential,4th Main Road,False
299385837,300165584,122.58060655429587,residential,4th Main Road,False
299385851,299383104,43.84487587805855,residential,,False
299385851,299383101,51.797343758936215,residential,,False
299385851,299385830,191.7639379065065,residential,,False
299385934,313444563,43.55946014613204,tertiary,Nethaji Road,False
299385934,6801270882,9.76174792149505,tertiary,Nethaji Road,False
299385934,330410529,110.06558519593959,residential,Thirumurugan Street,False
299386096,11770278953,93.17504135227651,residential,Ezumudaliyar Street,False
299386096,11770278961,23.520577991835285,residential,Ezumudaliyar Street,False
299386096,11770278969,65.47331534576334,residential,6th Street,False
299386190,300192508,42.50428815525079,tertiary,TNHB Main Road,False
299386190,6795313110,62.17379192595711,residential,TNHB Colony 1st Main Road,False
299386190,299386209,93.50945308164223,tertiary,Marudupandi Street,False
299386209,338440263,39.71277175894407,tertiary,Marudupandi Street,False
299386209,338440292,168.52991710825904,residential,,False
299386209,299386190,93.50945308164223,tertiary,Marudupandi Street,False
299800433,10285691900,292.03395772068376,residential,Besant Nagar 6th Avenue,False
299800433,10285678608,8.258714217046418,residential,Besant Nagar 16th Cross Street,False
299800433,10285691914,67.01332227410758,residential,Besant Nagar 16th Cross Street,False
299800482,291295144,110.00517379680217,tertiary,Besant Nagar 1st Avenue,True
299800482,10573754124,62.495924173587014,tertiary,Besant Nagar 1st Main Road,False
299800531,10573743300,88.57588918862638,residential,Besant Nagar 2nd Main Road,False
299800531,257432616,164.70393578014563,secondary,Besant Nagar 2nd Avenue,False
299800531,257432615,95.98215427126928,secondary,Besant Nagar 2nd Avenue,False
299800531,11625938760,96.79152822481326,residential,Besant Nagar 22nd Cross Street,False
299800637,257430047,15.6020365163354,tertiary,Annai Velankanni Road,True
299800637,11772936282,31.56732602498311,residential,Tiger Varadachari Road,False
299800637,12672943583,5.267505581067431,residential,Tiger Varadachari Road,False
299800669,257432708,93.19169467624823,tertiary,5th Avenue,False
299800669,299800692,22.354650108262444,tertiary,5th Avenue,False
299800669,10567935656,157.0208335827631,residential,Besant Nagar 35th Cross Street,False
299800692,257430096,64.20471297487784,tertiary,5th Avenue,False
299800692,10567935672,40.373560044591144,residential,1st Main Road,False
299800692,299800669,22.354650108262444,tertiary,5th Avenue,False
299800783,299800791,195.5430387133554,residential,Besant Nagar 27th Cross Street,False
299800783,299800806,43.384614376743,residential,Besant Nagar 6th Avenue,False
299800783,257432710,42.30983434603431,residential,Besant Nagar 6th Avenue,False
299800791,299800783,195.5430387133554,residential,Besant Nagar 27th Cross Street,False
299800791,257432709,43.346335050133064,residential,Besant Nagar 24th Cross Street,False
299800791,10559615692,43.0529816395403,residential,Besant Nagar 24th Cross Street,False
299800806,257432711,45.40961185893951,residential,Besant Nagar 6th Avenue,False
299800806,299800783,43.384614376743,residential,Besant Nagar 6th Avenue,False
299800806,10559615692,195.58140676956083,residential,Besant Nagar 26th Cross Street,False
299800822,257432714,73.52184834584735,residential,Besant Nagar 3rd Main Road,False
299800822,10559615667,60.98841475416515,residential,,False
299800822,257432613,57.341166429207625,residential,Besant Nagar 3rd Main Road,False
299800830,10281695771,19.660080164544272,secondary,Besant Nagar 2nd Avenue,False
299800830,11066238270,9.453530919679059,residential,,False
299800830,257432615,84.14000076832693,secondary,Besant Nagar 2nd Avenue,False
299801211,10285692125,54.85001134717952,residential,Besant Nagar 18th Cross Street,False
299801211,10285692039,65.77948600040031,residential,Besant Nagar 18th Cross Street,False
299801211,299801214,77.20993895088313,residential,Besant Nagar 21st Cross Street,False
299801214,10559615704,48.163965013518116,residential,Besant Nagar 17th Cross Street,False
299801214,10559615697,6.226191048815047,residential,Besant Nagar 17th Cross Street,False
299801214,299801211,77.20993895088313,residential,Besant Nagar 21st Cross Street,False
299801222,10285691915,52.899261957594504,residential,Besant Nagar 17th Cross Street,False
299801222,10559615704,7.527530382135108,residential,Besant Nagar 17th Cross Street,False
299801222,10285692125,77.13408066529405,residential,Besant Nagar 19th Cross Street,False
299805210,299805216,68.10562351476085,residential,4th Cross Street,False
299805216,299805219,59.638347628184626,residential,3rd Cross,False
299805216,299805210,68.10562351476085,residential,4th Cross Street,False
299805216,299805374,29.15004008797332,residential,Kakkan Colony,False
299805216,2270657205,199.56085306313076,residential,4th Cross Street,False
299805219,299805216,59.638347628184626,residential,3rd Cross,False
299805219,2270657205,144.07703045319764,tertiary,Besant Nagar 1st Main Road,False
299805219,10573754124,67.46432475605528,tertiary,Besant Nagar 1st Main Road,False
299805265,10675389371,58.34771578935048,residential,35th Cross Street,False
299805265,257430049,156.1685486228395,secondary,Mahatma Gandhi Road,False
299805265,257430048,151.19114464827163,secondary,Mahatma Gandhi Road,False
299805278,257430048,56.854132993430795,tertiary,Besant Nagar 1st Main Road,False
299805278,10675389371,151.40844355052852,residential,31st Cross Street,False
299805278,10573754134,134.172856967539,tertiary,Besant Nagar 1st Main Road,False
299805281,299805288,119.67231857447379,residential,Asaranji Avenue,False
299805288,257430049,59.66622699106758,residential,Ellaiamman Koil Street,False
299805288,11050695523,25.469982502851188,residential,Ellaiamman Koil Street,False
299805288,299805281,119.67231857447379,residential,Asaranji Avenue,False
299805319,257430159,8.169850424528313,residential,Ellaiamman Koil Street,False
299805319,9179599520,50.41188758229684,residential,Ellaiamman Koil Street,False
299805319,299805328,108.38625824886223,residential,Jayaram Avenue,False
299805328,299805319,108.38625824886223,residential,Jayaram Avenue,False
299805339,257430158,115.37573362597361,residential,State Bank Colony Road,False
299805348,257430158,52.70939040942978,residential,Ellaiamman Koil Street,False
299805348,299805354,50.53537027588045,residential,Ellaiamman Koil Street,False
299805348,299805350,112.7825660922803,residential,Vannanthurai street,False
299805350,299805348,112.7825660922803,residential,Vannanthurai street,False
299805352,299805354,81.83448979553502,residential,Vannanthurai street,False
299805354,299805348,50.53537027588045,residential,Ellaiamman Koil Street,False
299805354,299805352,81.83448979553502,residential,Vannanthurai street,False
299805354,11050737789,33.29167290063866,residential,Ellaiamman Koil Street,False
299805374,299805216,29.15004008797332,residential,Kakkan Colony,False
299805377,299805481,30.42010085904151,residential,2nd Cross,False
299805377,299805382,184.72286483830732,residential,2nd Cross,False
299805377,299805480,125.09491719726255,residential,Customs Colony 1st cross street,False
299805382,291295296,83.04786345926856,residential,1st cross street,False
299805382,335535149,99.5645497950301,residential,1st cross street,False
299805382,7018971562,67.68192271901053,residential,2nd Cross,False
299805382,299805377,184.72286483830732,residential,2nd Cross,False
299805393,313775241,19.207414481814684,residential,Damodarapuram Main Road,False
299805393,299805493,36.27088900541633,residential,Damodarapuram Main Road,False
299805393,11772701100,70.29811552681029,residential,,False
299805457,291295329,42.80144070374722,residential,Besant Nagar 4th Avenue,False
299805457,257430044,48.386583564444194,residential,Besant Nagar 4th Avenue,False
299805457,299805480,152.32350421517793,residential,Customs Colony 1st cross street,False
299805480,299805457,152.32350421517793,residential,Customs Colony 1st cross street,False
299805480,299805481,42.37567197101245,residential,,False
299805480,299805377,125.09491719726253,residential,Customs Colony 1st cross street,False
299805481,299805377,30.42010085904151,residential,2nd Cross,False
299805481,299805480,42.37567197101245,residential,,False
299805481,291295419,74.01684929407692,residential,2nd Cross,False
299805493,299805502,66.06923128469536,residential,,False
299805493,299805393,36.27088900541633,residential,Damodarapuram Main Road,False
299805493,313775332,12.519598211604292,residential,Damodarapuram Main Road,False
299805502,299805493,66.06923128469536,residential,,False
299808129,11927484700,17.614258612308657,secondary,,True
299877788,330401247,190.7671026824929,residential,,False
299877788,299877897,15.27463699775053,residential,,False
299877788,299877816,43.39494274160124,residential,,False
299877804,330401247,46.801314150345405,residential,,False
299877804,300186162,44.340684464774306,residential,,False
299877804,2167027634,182.4574203325038,residential,,False
299877805,330401247,49.288542250569755,residential,,False
299877805,330401245,74.30291981627077,residential,AGS Colony 4th Main Road,False
299877805,299878326,54.732004548214604,residential,AGS Colony 4th Main Road,False
299877816,300186162,147.3876604590448,residential,,False
299877816,299877788,43.39494274160124,residential,,False
299877816,299877896,32.16661699452951,residential,,False
299877829,330401247,34.666682129268274,residential,,False
299877858,330401245,91.32632358375125,residential,Chokkalingam Nagar Road,False
299877896,299877816,32.16661699452951,residential,,False
299877896,299877917,20.212920858178784,residential,,False
299877896,2167027689,23.41778637192381,residential,,False
299877897,299877788,15.27463699775053,residential,,False
299877917,299877896,20.212920858178784,residential,,False
299877917,300376603,29.455402232613924,residential,,False
299877917,338341070,99.41020466945184,residential,kalki nagar main road,False
299878024,2167027803,41.399682110244704,residential,anna nagar 2nd street,False
299878024,299878227,185.00948106579565,residential,,False
299878196,330401242,144.16560516087117,residential,,False
299878196,300165044,44.60441303169093,residential,,False
299878196,2167027772,146.86149707640183,residential,3rd Main Road,False
299878196,299878252,46.490665767592674,residential,,False
299878227,299878024,185.00948106579565,residential,,False
299878227,299878252,144.32699944302362,residential,,False
299878227,299878272,44.79787459842415,residential,,False
299878227,330401242,48.6478599896129,residential,,False
299878252,299878227,144.32699944302362,residential,,False
299878252,2167027781,98.38908604761156,residential,2nd Main Road,False
299878252,299878196,46.490665767592674,residential,,False
299878272,299878370,166.11569032756503,residential,,False
299878272,2167027811,2.5275665467642168,residential,,False
299878272,299878227,44.79787459842415,residential,,False
299878326,2167027772,46.61475540346348,residential,,False
299878326,299877805,54.732004548214604,residential,AGS Colony 4th Main Road,False
299878326,300165044,150.52695927655523,residential,AGS Colony 4th Main Road,False
299878327,2167027772,39.281166536640086,residential,,False
299878327,2167027785,100.82671408071634,residential,2nd Main Road,False
299878327,2167027781,45.837322861251714,residential,2nd Main Road,False
299878329,330401245,108.5026779311244,residential,AGS Colony 4th Main Road,False
299878329,299880900,115.44735742514544,residential,,False
299878329,299878744,133.82202445076416,residential,2nd Main Road,False
299878370,299878272,166.11569032756503,residential,,False
299878370,299878409,75.47447892076435,residential,1st Main Road,False
299878370,6305258154,329.7036214370698,residential,,False
299878391,7806740576,44.8254806584535,residential,Nethaji Colony 6th Cross Street,False
299878391,300184940,87.55857756706567,residential,,False
299878391,6305258154,40.09903966044524,residential,,False
299878409,2167027827,39.590874481205944,residential,Nethaji Colony 6th Cross Street,False
299878409,2167027781,36.67792768347929,residential,7th Cross Street,False
299878409,299878370,75.47447892076435,residential,1st Main Road,False
299878409,11768865837,158.55318543698854,residential,1st Main Road,False
299878550,300165244,57.225369040410165,residential,mahalakshmi nagar 3rd main road,False
299878550,300164903,113.12724292152181,residential,2nd Main Road,False
299878550,6498272044,76.15759571838609,residential,2nd Main Road,False
299878653,299883310,71.69935703924084,residential,,False
299878653,299883303,40.91465225757501,residential,1st Cross Street,False
299878653,5458540727,42.08688763268988,residential,1st Cross Street,False
299878653,7806767040,74.3604463837116,residential,,False
299878655,11612617051,38.83549164990798,residential,,False
299878655,299883310,292.6166004760742,residential,,False
299878655,300304363,50.442856815724625,residential,,False
299878685,300463595,30.237206924544388,residential,,False
299878685,299881938,76.53082489910919,residential,,False
299878685,6307239351,88.44666906302324,residential,,False
299878686,299881938,13.442128294092205,residential,,False
299878697,300184998,58.56094122213821,residential,,False
299878738,2167148972,37.25126077973004,residential,,False
299878738,299883766,15.658052759228203,residential,,False
299878738,299883747,96.74264861610116,residential,,False
299878744,338222942,38.58785142605521,residential,,False
299878744,11768865791,104.82726469619553,residential,2nd Main Road,False
299878744,299878329,133.82202445076416,residential,2nd Main Road,False
299878818,1889993394,48.970525884240885,residential,,False
299878818,1889993380,57.47261836265944,residential,,False
299878818,299878915,117.22791757037979,residential,4th Main Road,False
299878821,299878915,39.71501001114842,residential,,False
299878821,1889993394,135.26729410434726,residential,3rd Main Road,False
299878821,299883862,229.80205494627833,residential,3rd Main Road,False
299878850,313857711,150.98934624529426,residential,6th Main Road,False
299878850,299878915,30.578043466192323,residential,,False
299878850,299878883,40.722367700114624,residential,,False
299878883,299878850,40.722367700114624,residential,,False
299878883,313857700,47.609234782550566,residential,5th Main Road,False
299878883,7806670135,40.23318483414161,residential,5th Main Road,False
299878915,299878821,39.71501001114842,residential,,False
299878915,299878850,30.578043466192323,residential,,False
299878915,299878818,117.22791757037979,residential,4th Main Road,False
299878960,313857696,60.6433876943148,residential,11th Main Road,False
299878960,299883996,10.461104030715521,residential,,False
299878960,299883993,49.6354139018588,residential,,False
299878983,313857687,84.32046081394363,residential,,False
299878983,299879030,18.694046858072433,residential,,False
299878983,313857708,29.081020449034593,residential,,False
299879028,299879177,118.79118754189152,residential,11th Main Road,False
299879028,313857696,51.40641930572263,residential,11th Main Road,False
299879028,313857709,51.93265459833024,residential,,False
299879028,313857698,49.80187338022939,residential,,False
299879030,299879097,108.87052429043692,residential,9th Main Road,False
299879030,313857691,31.52410866519752,residential,,False
299879030,299878983,18.694046858072433,residential,,False
299879097,299879114,57.343341532333454,residential,,False
299879097,313857709,45.72084141227479,residential,,False
299879097,299879030,108.87052429043692,residential,9th Main Road,False
299879114,299879097,57.343341532333454,residential,,False
299879114,299879128,91.29366561238211,residential,8th Main Road,False
299879114,299879154,106.68008103153869,residential,8th Main Road,False
299879128,299879114,91.29366561238211,residential,8th Main Road,False
299879128,313857700,74.26444494243322,residential,,False
299879128,11059186577,62.319021445154,residential,,False
299879154,299879114,106.68008103153869,residential,8th Main Road,False
299879154,313857691,21.220057436418685,residential,,False
299879154,338282639,38.91924042781924,residential,,False
299879174,313857697,50.77045127268788,residential,13th Main Road,False
299879174,6451660876,94.89747813517673,residential,13th Main Road,False
299879174,313857698,40.12401125446463,residential,,False
299879177,299879028,118.79118754189152,residential,11th Main Road,False
299879177,1241211260,55.651042660224334,primary,Major Mukund Varadharajan Salai,True
299879215,299879280,61.9431480556161,residential,VGP Selva Nagar Main Road,False
299879215,299879312,26.97892145601661,residential,VGP Selva Nagar 2nd Street,False
299879215,11171763005,109.05783360807546,residential,,False
299879241,338406414,14.049089595144256,residential,Bhuvaneswary Nagar 1st Main Road,False
299879241,338223258,102.72830997817361,residential,VGP Selva Nagar 2nd Street,False
299879241,4239226795,128.4115751432864,residential,Bhuvaneswary Nagar 1st Main Road,False
299879259,299879280,74.9513979868799,residential,VGP Selva Nagar 1st Street,False
299879259,338223258,62.25437100830983,residential,VGP Selva Nagar 2nd Main Road,False
299879259,4294274188,121.86102730791428,residential,VGP Selva Nagar 1st Street,False
299879272,6245918932,138.5994302002334,residential,Bhuvaneswary Nagar 1st Main Road,False
299879272,1457503217,186.6214698214681,residential,Muthu Krishnan Street,False
299879272,338406416,83.16490688902876,residential,Chandru Street,False
299879280,338282605,65.95054138431254,residential,VGP Selva Nagar Main Road,False
299879280,299879215,61.9431480556161,residential,VGP Selva Nagar Main Road,False
299879280,299879259,74.9513979868799,residential,VGP Selva Nagar 1st Street,False
299879312,338223258,48.119242944002714,residential,VGP Selva Nagar 2nd Street,False
299879312,299879215,26.97892145601661,residential,VGP Selva Nagar 2nd Street,False
299879312,1768289876,255.45579540118655,residential,VGP Selva Nagar 1st Main Road,False
299879508,291018468,65.57825719709297,residential,Lake View Road,False
299879508,300165125,61.291829795289594,residential,Bhavathi Amman Koil Street,False
299879508,299385806,279.22712636221183,residential,Lake View Road,False
299879549,2167149180,33.414972920723166,residential,Bhavathi Amman Koil Street,False
299879549,299882980,19.502815840494737,residential,3rd Street,False
299879549,6307339499,62.525938547122756,residential,3rd Street,False
299879549,2230781452,139.53031107381133,residential,Bhavathi Amman Koil Street,False
299880309,7826460029,35.061599336119535,tertiary,Pillayar koil street,False
299880309,2168960244,195.30792406984136,tertiary,Pillayar koil street,False
299880309,11632563868,42.20711250820641,residential,,False
299880374,300193495,61.48809026480156,tertiary,Cart Track Road,False
299880374,2168960212,56.38428530722428,tertiary,Nethaji Road,False
299880374,330410528,5.433810921764435,tertiary,Nethaji Road,False
299880376,339291907,19.84201297558584,tertiary,Cart Track Road,False
299880376,339291912,29.156364607178176,tertiary,Cart Track Road,False
299880376,339291913,74.37200380828084,residential,,False
299880408,366081912,46.99077142518297,residential,Nehru Nagar 1st Main Road,False
299880408,366081910,71.88945823736407,tertiary,Cart Track Road,False
299880408,366081918,120.04793733169623,tertiary,Cart Track Road,False
299880454,330410500,269.5123500404683,residential,Karunanidhi Street,False
299880454,7826160025,91.12626741279254,residential,,False
299880454,313444565,36.47568948460472,tertiary,Nethaji Road,False
299880454,11190075837,40.923533007803854,tertiary,Nethaji Road,False
299880477,330410527,25.400058937614265,residential,,False
299880477,6445038355,93.60988693420609,residential,,False
299880477,11626010093,37.94647496797498,residential,,False
299880477,11626010095,44.615461708542576,residential,,False
299880479,313444567,58.655602797776616,residential,,False
299880479,300159776,55.95345481695165,residential,,False
299880479,313444569,124.98848638585751,residential,,False
299880497,7826394719,36.220744935710385,residential,,False
299880497,330410527,68.39024678348815,residential,,False
299880497,11190038634,31.785945143277576,residential,,False
299880505,300159776,89.34350335267118,residential,,False
299880505,6245847122,53.282062034202625,residential,,False
299880505,299880546,49.4307606356618,residential,,False
299880546,299880505,49.4307606356618,residential,,False
299880546,299880562,163.31866097455438,residential,,False
299880546,11043431556,68.51114325544674,residential,,False
299880547,300159828,26.387129073961752,residential,,False
299880562,299880546,163.31866097455438,residential,,False
299880589,7826460030,43.44303172725671,tertiary,Pillayar koil street,False
299880589,299880590,94.13766761760945,tertiary,,False
299880589,11801377581,33.39618074929928,tertiary,Pillayar koil street,False
299880590,300193662,21.57795678044632,tertiary,,False
299880590,299880589,94.13766761760945,tertiary,,False
299880590,300193588,277.0215911830246,residential,,False
299880590,2168960212,243.60727081155312,"['residential', 'living_street']",,False
299880823,299880839,84.67295464014767,residential,,False
299880831,300304088,80.92962533831036,residential,,False
299880831,338440047,40.72553808383602,residential,,False
299880831,299382923,155.4108557349746,residential,Mohanapuri 5th Street,False
299880833,6497689886,35.338088494230846,residential,,False
299880833,300165074,81.19444884833021,residential,,False
299880833,299880835,53.68697766773443,residential,,False
299880835,6307234631,70.81763333095178,residential,,False
299880835,6304903884,46.30932882538081,residential,,False
299880835,299880833,53.68697766773443,residential,,False
299880839,300304089,4.375481521394426,residential,,False
299880839,299880823,84.67295464014767,residential,,False
299880839,3238555683,197.96859578543103,residential,,False
299880845,300164885,74.07582307792622,residential,,False
299880845,300164884,110.64896610029456,residential,,False
299880845,2167027860,69.13684535680233,residential,,False
299880851,299880853,91.57644469628028,residential,,False
299880853,338222927,45.21919945042332,residential,,False
299880853,299880851,91.57644469628028,residential,,False
299880853,299880900,39.454516892079695,residential,,False
299880855,299883712,66.01225324186188,residential,,False
299880900,299883719,191.84183955869608,residential,,False
299880900,299880853,39.454516892079695,residential,,False
299880900,299878329,115.44735742514544,residential,,False
299880913,338222927,98.29374749324492,residential,,False
299881054,299881935,232.08917882366802,residential,4th Cross Street,False
299881054,3875133338,18.517952638292353,residential,2nd Cross Road,False
299881054,299881932,44.43136703103364,residential,2nd Cross Road,False
299881056,11618453820,42.77470341584572,residential,,False
299881056,299881935,4.535085899093227,residential,,False
299881056,299883311,81.66738322323755,residential,,False
299881747,299385830,54.26653387174844,residential,Mahalakshmi Nagar 8th Cross Street,False
299881747,2167149073,41.437073045317234,residential,Mahalakshmi Nagar 8th Cross Street,False
299881747,299881748,178.30152430772853,residential,"['9th Cross Street', '2nd Cross Street']",False
299881748,2167149075,48.45244070452231,tertiary,Brindavan Nagar Main Road,False
299881748,300165255,12.682192571957259,tertiary,Brindavan Nagar Main Road,False
299881748,299881747,178.30152430772853,residential,"['9th Cross Street', '2nd Cross Street']",False
299881750,6497689886,93.90312755781588,residential,,False
299881750,300304088,29.540068222847243,residential,,False
299881750,299382923,52.412998403596134,residential,,False
299881772,300304364,36.47198746145103,residential,,False
299881867,6445046904,34.63458218495272,residential,,False
299881867,299383250,95.47788385592179,residential,,False
299881867,2167149162,71.37414698739244,residential,,False
299881932,299883577,231.9885382804684,residential,,False
299881932,299881054,44.43136703103364,residential,2nd Cross Road,False
299881932,299883310,39.44955765951538,residential,2nd Cross Road,False
299881935,299881056,4.535085899093227,residential,,False
299881935,299883577,40.705740288278975,residential,,False
299881935,299881054,232.08917882366802,residential,4th Cross Street,False
299881938,299878686,13.442128294092205,residential,,False
299881938,299878685,76.53082489910919,residential,,False
299881938,3875696357,201.61624740928093,residential,,False
299881944,300464009,13.855115041910663,residential,,False
299881944,11794953392,220.051081051491,residential,"['MGR Nagar 5th Main Road', 'Andal Nagar Extension 2nd Street']",False
299881944,6307239350,167.7645019865264,residential,,False
299881945,6498321179,47.70834458705552,residential,,False
299882980,299879549,19.502815840494737,residential,3rd Street,False
299882980,300304363,179.61056557055622,residential,,False
299882980,299883595,133.86996664806463,residential,3rd Street,False
299883186,299883187,299.31548821859036,residential,,False
299883186,299883878,65.09567958633039,residential,Ram Nagar Main Road,False
299883186,299884000,9.426298380454677,residential,Ram Nagar Main Road,False
299883187,299883186,299.31548821859036,residential,,False
299883187,299883205,57.76687636347538,residential,,False
299883187,299883188,13.538550817740026,residential,,False
299883188,300185261,32.30653509881715,residential,,False
299883188,300185214,58.65737676355286,residential,,False
299883188,299883187,13.538550817740026,residential,,False
299883205,300464383,51.228955245116126,residential,,False
299883205,299883187,57.76687636347538,residential,,False
299883205,299883765,147.38701184185712,residential,,False
299883205,300464378,85.14040223014209,residential,,False
299883210,300185300,14.396185851868559,residential,,False
299883210,313857689,146.36291594305573,residential,,False
299883210,6451658877,36.15711970275633,residential,,False
299883297,300165222,77.85914660144171,residential,Main Road,False
299883297,338406658,82.39229268717526,primary,Velachery Bypass Road,True
299883303,299878653,40.91465225757501,residential,1st Cross Street,False
299883303,338406648,135.34185058626682,residential,,False
299883303,11033890689,118.0617804452786,residential,1st Cross Street,False
299883305,5458540727,66.10884015986232,residential,,False
299883308,3875133338,69.6981231543363,residential,,False
299883310,299878655,292.6166004760742,residential,,False
299883310,299878653,71.69935703924084,residential,,False
299883310,299881932,39.44955765951538,residential,2nd Cross Road,False
299883311,2167149063,25.320753731601727,residential,,False
299883311,299881056,81.66738322323755,residential,,False
299883311,299883586,189.36963116202963,residential,,False
299883320,12244063246,20.26866762148169,secondary,Velachery Main Road,False
299883320,299883324,178.36991668499596,residential,,False
299883320,325210402,398.42716155077983,secondary,Velachery Main Road,False
299883324,2407565215,40.1149766770441,residential,,False
299883324,4335419614,56.587925688279554,residential,,False
299883324,299883320,178.36991668499596,residential,,False
299883329,325208249,71.48578054698379,residential,,False
299883329,300464465,194.29082850255435,primary,Velachery Bypass Road,True
299883330,338406648,107.46959720721661,primary,Velachery Bypass Road,True
299883330,3875133337,209.03358884501182,residential,,False
299883577,299881935,40.705740288278975,residential,,False
299883577,299881932,231.9885382804684,residential,,False
299883577,2167149063,91.62396158916741,residential,,False
299883586,7806740579,41.62102264634055,residential,,False
299883586,338440036,58.25199138101356,residential,,False
299883586,300184940,46.441496894588795,residential,,False
299883586,299883311,189.36963116202963,residential,,False
299883587,6444993156,19.45830398775974,residential,Main Road,False
299883587,2167149156,24.10417848881537,residential,2nd Main Road,False
299883587,2167149164,302.9586562169082,residential,Main Road,False
299883594,300463599,113.78272128038495,residential,5th Main Road,False
299883594,299883595,44.13983669453104,residential,,False
299883594,11304038196,128.05742987993,residential,,False
299883595,300463611,93.11569643021693,residential,4th Main Road,False
299883595,299883594,44.13983669453104,residential,,False
299883595,299882980,133.86996664806466,residential,3rd Street,False
299883685,11043635649,14.051208512914425,residential,,False
299883685,11591529926,23.31782398736545,residential,,False
299883685,299883719,29.25189392847415,residential,2nd Main Road,False
299883712,299880855,66.01225324186188,residential,,False
299883712,11618417255,30.069929104888867,residential,,False
299883712,11806341579,42.168834181095804,residential,,False
299883714,338406630,35.09771161532912,residential,,False
299883714,6245904904,43.039845685359964,residential,,False
299883714,6445191536,60.70888479012456,residential,,False
299883719,299880900,191.84183955869608,residential,,False
299883719,299883685,29.25189392847415,residential,2nd Main Road,False
299883719,11768865791,49.26311112670221,residential,2nd Main Road,False
299883744,338222942,44.0026759776392,residential,,False
299883747,299878738,96.74264861610116,residential,,False
299883747,2167148954,34.65775148936715,residential,Sri Devi Karumari Amman Nagar Avenue,False
299883747,7016048930,182.23934660420062,residential,"['Sri Devi Karumari Amman Nagar Avenue', 'Sri Devi Karumari Amman Nagar 1st Street']",False
299883757,338222949,30.645419219071567,residential,,False
299883758,300464072,43.311748314924664,residential,,False
299883758,2167148994,25.70936761613881,residential,,False
299883758,338222949,107.49028003970396,residential,,False
299883765,300464381,46.2732933604482,residential,,False
299883765,299883878,146.44912943140574,residential,,False
299883765,299883205,147.38701184185712,residential,,False
299883766,299878738,15.658052759228203,residential,,False
299883766,2167148947,38.31221032751927,residential,,False
299883766,2167148980,140.69265925604196,residential,,False
299883775,300464381,15.598499950190472,residential,,False
299883775,299883862,137.20210260022455,residential,,False
299883775,11192479774,45.10563729508597,residential,,False
299883817,2167148939,10.591099985631795,residential,Sri Devi Karumari Amman Nagar Avenue,False
299883817,300464917,71.42975161052638,residential,Sri Devi Karumari Amman Nagar 3rd Street,False
299883817,300464924,47.714910858167784,residential,Sri Devi Karumari Amman Nagar Avenue,False
299883820,2167148954,11.41016383745818,residential,Sri Devi Karumari Amman Nagar Avenue,False
299883820,2167148939,33.83264222406714,residential,Sri Devi Karumari Amman Nagar Avenue,False
299883820,2167148947,119.93725546354185,residential,Sri Devi Karumari Amman Nagar 5th Street,False
299883833,2167149030,44.15136311287802,residential,,False
299883833,7806646876,72.86877312631705,residential,Bhavani Street,False
299883833,2167027768,54.46002360650933,residential,,False
299883862,299883775,137.20210260022455,residential,,False
299883862,300464924,57.48436951700796,residential,Ram Nagar Main Road,False
299883862,299883878,59.01992498582065,residential,Ram Nagar Main Road,False
299883862,299878821,229.80205494627833,residential,3rd Main Road,False
299883876,2230781326,44.859769434546465,residential,,False
299883876,330401251,59.48528497449494,residential,Ram Nagar Main Road,False
299883876,11626066312,146.80619436259536,residential,,False
299883878,313857711,76.41471182109481,residential,6th Main Road,False
299883878,299883862,59.01992498582065,residential,Ram Nagar Main Road,False
299883878,299883186,65.09567958633039,residential,Ram Nagar Main Road,False
299883878,299883765,146.44912943140574,residential,,False
299883901,300464334,34.149000417322846,residential,,False
299883901,11192479774,16.94629740550758,residential,,False
299883901,300464924,138.3975164739561,residential,Vijayanagar 2nd Main Road,False
299883943,2167148944,140.97105847264964,residential,Vijayanagar 1st Main Road,False
299883943,299883945,53.87382528881393,residential,,False
299883943,2167148951,44.45275153274579,residential,,False
299883943,2167148939,85.66796906969095,residential,Sri Devi Karumari Amman Nagar 4th Street,False
299883945,299883943,53.87382528881393,residential,,False
299883945,5388533197,120.94654701591627,residential,,False
299883945,300464924,76.95903039064534,residential,Vijayanagar 2nd Main Road,False
299883951,338223259,62.76270727790839,residential,,False
299883968,299883969,130.6623276966573,residential,,False
299883968,299883981,47.978182012934,residential,,False
299883968,300185298,45.95356339731798,residential,,False
299883969,6451658877,19.464999129748623,residential,,False
299883969,299883968,130.6623276966573,residential,,False
299883969,299883981,173.91758252165306,residential,,False
299883970,313857687,50.79182362706445,residential,Ram Nagar Main Road,False
299883970,299883984,58.986935196655985,residential,Ram Nagar Main Road,False
299883970,6451658877,147.75003774313814,residential,,False
299883970,299883996,79.90183721486841,residential,,False
299883981,1764122477,45.858981994556785,residential,,False
299883981,299883968,47.978182012934,residential,,False
299883981,299883969,173.91758252165303,residential,,False
299883984,299883970,58.986935196655985,residential,Ram Nagar Main Road,False
299883984,330401249,52.60890144563446,residential,Ram Nagar Main Road,False
299883984,299883994,132.1634691816464,residential,,False
299883984,299883993,83.01548142510647,residential,,False
299883986,330401251,134.1880539809614,residential,,False
299883986,11626066312,46.94356838840223,residential,,False
299883986,300185526,128.583655178931,residential,,False
299883987,300185429,139.83213654791916,residential,,False
299883993,299883984,83.01548142510647,residential,,False
299883993,299878960,49.6354139018588,residential,,False
299883993,313857697,79.95086057208519,residential,13th Main Road,False
299883994,299883984,132.1634691816464,residential,,False
299883996,299883970,79.90183721486841,residential,,False
299883996,313857708,37.00872918991052,residential,,False
299883996,299878960,10.461104030715521,residential,,False
299883997,338282639,103.305789795763,residential,7th Main Road,False
299884000,299883186,9.426298380454677,residential,Ram Nagar Main Road,False
299884000,300185264,43.886796199101795,residential,Ram Nagar Main Road,False
299884000,338282645,83.73871599732593,residential,7th Main Road,False
299886460,338223175,81.12104091667467,residential,Mohanapuri 4th Street,False
299886460,299383040,59.08194678286119,residential,Mohanapuri 4th Street,False
299886460,2167149210,46.526078172195284,residential,,False
299886559,338223169,49.97764388526427,residential,4th Cross Street,False
299886559,299886615,52.45383489534951,residential,,False
299886559,338440044,97.32956445551727,residential,,False
299886559,299886837,150.54783101182232,residential,"['2nd Main Road', '4th Cross Street']",False
299886615,299886616,118.15917549420413,residential,,False
299886615,299886559,52.45383489534951,residential,,False
299886615,2167149252,55.008208985427686,residential,,False
299886616,299886615,118.15917549420413,residential,,False
299886616,299382713,45.80455466635375,residential,,False
299886616,6245972922,54.502561703819055,residential,,False
299886837,338440044,44.43234029708941,residential,,False
299886837,338440041,44.243717637774026,residential,2nd Main Road,False
299886837,299886559,150.54783101182232,residential,"['2nd Main Road', '4th Cross Street']",False
300159065,300159185,33.46188371186917,residential,Ramakrishnapuram 3rd Street,False
300159065,1197468247,46.28336701920482,living_street,,False
300159065,338223207,141.5793114959247,residential,,False
300159070,338223227,66.76945562892114,residential,,False
300159070,2168960106,35.62235809654058,residential,,False
300159070,300164833,41.55562511152493,residential,,False
300159185,300159065,33.46188371186917,residential,Ramakrishnapuram 3rd Street,False
300159185,11801132749,82.0085794115776,residential,,False
300159185,1197468247,75.48019500455922,residential,Lakeview Street,False
300159188,338223227,70.33793466762897,residential,,False
300159188,338223207,106.4347961263739,residential,,False
300159188,300190607,48.22586465871498,residential,,False
300159188,300190250,137.48196464071555,residential,,False
300159298,300159299,91.35706535901379,residential,,False
300159298,300159530,18.57336785661928,tertiary,2nd Cross Street,False
300159298,11054207889,29.39326107250473,tertiary,Dr. Ambedkar Nagar 4th Main Road,False
300159299,14152948068,40.077660852876605,residential,,False
300159299,2167149324,39.66834451684753,residential,,False
300159299,300159298,91.35706535901379,residential,,False
300159433,2167149327,43.955216903038014,residential,,False
300159433,300159512,45.23605822480662,residential,,False
300159433,11250382314,44.28062286072281,residential,12th Cross Street,False
300159433,2167149309,40.25373152087371,residential,12th Cross Street,False
300159434,11250382314,45.602080969878116,residential,12th Cross Street,False
300159434,300159445,86.44520477552881,tertiary,Dr. Ambedkar Nagar 4th Main Road,False
300159434,10593574674,10.809961681900486,tertiary,Dr. Ambedkar Nagar 4th Main Road,False
300159440,7806766991,56.06371148161075,residential,,False
300159443,14152948068,44.64634673396567,residential,,False
300159443,2167149327,42.0478663494375,residential,,False
300159443,11250382313,45.9342371512395,residential,,False
300159443,2167149315,42.22557210505747,residential,,False
300159445,11250382313,43.80542663645427,residential,,False
300159445,14152948067,45.046555335331114,tertiary,Dr. Ambedkar Nagar 4th Main Road,False
300159445,300159434,86.44520477552881,tertiary,Dr. Ambedkar Nagar 4th Main Road,False
300159498,330420320,50.31688008564478,residential,,False
300159498,3000047797,51.28342041372012,residential,,False
300159498,300194151,51.222796497229446,residential,,False
300159499,300190250,19.957072399311986,residential,,False
300159499,11801132749,38.70744576598568,residential,,False
300159499,338223214,43.154466238548494,residential,,False
300159512,300159433,45.23605822480662,residential,,False
300159512,330420245,59.01645481848639,residential,,False
300159512,300159513,89.58000128886286,residential,,False
300159513,300159512,89.58000128886286,residential,,False
300159513,10593574674,33.322933349161815,tertiary,Dr. Ambedkar Nagar 4th Main Road,False
300159513,14049890124,51.394307411493266,tertiary,Dr. Ambedkar Nagar 4th Main Road,False
300159528,300190607,117.28526157371603,residential,,False
300159528,338223207,56.501391053375514,residential,,False
300159529,338223221,60.47392640494239,residential,,False
300159529,277912863,48.19987565933999,residential,,False
300159529,2168960106,12.415459728062796,residential,,False
300159530,338223227,51.45642916717925,tertiary,2nd Cross Street,False
300159530,300159298,18.57336785661928,tertiary,2nd Cross Street,False
300159530,300164833,62.18748925006456,residential,,False
300159552,330410525,39.082598960704004,residential,,False
300159552,11250382315,36.92337206357087,tertiary,Dr. Ambedkar 1st Main Road,False
300159552,330420119,91.85094946048413,tertiary,Dr. Ambedkar 1st Main Road,False
300159692,11190008350,44.05668037611063,residential,,False
300159692,300159762,22.118415453775544,residential,,False
300159692,330410518,24.64140315539872,residential,,False
300159695,330410518,21.635668158603902,residential,,False
300159695,300159762,26.363254391208883,tertiary,Nethaji Road,False
300159695,330420119,62.59474636056644,tertiary,Nethaji Road,False
300159762,300159692,22.118415453775544,residential,,False
300159762,11190008351,30.982911315669753,tertiary,Nethaji Road,False
300159762,300159695,26.363254391208883,tertiary,Nethaji Road,False
300159763,330410527,73.54397332474451,residential,,False
300159763,330410550,24.35039965855627,residential,,False
300159763,300159827,26.767102824128933,residential,,False
300159776,299880505,89.34350335267118,residential,,False
300159776,299880479,55.95345481695165,residential,,False
300159776,300159816,116.90221580916635,residential,2nd Main Road,False
300159788,300159789,143.40206279992225,residential,,False
300159788,7826394720,9.488213717328987,residential,,False
300159788,300159827,54.33591524140469,residential,,False
300159789,300159828,53.832231898200554,residential,,False
300159789,300159803,62.04299671082037,residential,,False
300159789,300159788,143.40206279992225,residential,,False
300159802,7826394720,51.71290467785063,residential,2nd Main Road,False
300159802,300159816,66.15204348939675,residential,2nd Main Road,False
300159802,300159803,131.5620508738006,residential,,False
300159803,300159789,62.04299671082037,residential,,False
300159803,6305284076,29.054935270314104,residential,,False
300159803,300159802,131.5620508738006,residential,,False
300159816,300159802,66.15204348939675,residential,2nd Main Road,False
300159816,300159776,116.90221580916635,residential,2nd Main Road,False
300159816,300159817,116.60141111627927,residential,,False
300159817,6305284076,34.633299793657955,residential,,False
300159817,6245847122,62.48992635489568,residential,,False
300159817,300159816,116.60141111627927,residential,,False
300159827,300159828,146.3593369254851,residential,,False
300159827,300159763,26.767102824128933,residential,,False
300159827,300159788,54.33591524140469,residential,,False
300159828,299880547,26.387129073961752,residential,,False
300159828,300159789,53.832231898200554,residential,,False
300159828,300159827,146.3593369254851,residential,,False
300159865,11054248074,15.41691065704961,residential,,False
300159865,300159880,31.412632889805067,residential,,False
300159865,11190038635,14.703278708304472,residential,,False
300159867,300163975,62.201937143499876,residential,3rd Main Road,False
300159867,11054248074,65.68466019852046,residential,,False
300159867,300159879,31.10697336692889,tertiary,Nethaji Road,False
300159867,2168960112,25.43033642111503,tertiary,Nethaji Road,False
300159879,300159880,79.53180881899996,residential,,False
300159879,300159906,28.806919901788962,tertiary,Nethaji Road,False
300159879,300159867,31.10697336692889,tertiary,Nethaji Road,False
300159879,300160268,221.29824300483685,residential,,False
300159880,300159865,31.412632889805067,residential,,False
300159880,300159908,29.01928505902782,residential,,False
300159880,300159879,79.53180881899996,residential,,False
300159880,11054248076,35.27347500992401,residential,,False
300159906,300160265,15.940159773326032,tertiary,Nethaji Road,False
300159906,300159879,28.806919901788962,tertiary,Nethaji Road,False
300159906,300159908,84.93543749828416,residential,,False
300159908,300159880,29.01928505902782,residential,,False
300159908,11054248078,26.39382349342137,residential,,False
300159908,300159906,84.93543749828416,residential,,False
300159908,7826160025,99.35933338670756,residential,,False
300159970,300159971,30.684224992476405,residential,,False
300159970,7826160025,34.8335519477218,residential,,False
300159970,11054248078,104.96401280503376,residential,,False
300159971,313444567,30.28949600516403,residential,,False
300159971,300159970,30.684224992476405,residential,,False
300159971,7826394719,133.1491086921663,residential,,False
300159993,300164009,43.250089549165686,residential,3rd Main Road,False
300159993,300163992,49.77579722113327,residential,3rd Main Road,False
300159993,6445040425,88.4717151674999,residential,Kamarajar Street,False
300159994,330410500,36.48019269595998,residential,Kamarajar Street,False
300159994,6305141294,85.51829295288594,residential,Gokulam Street,False
300159994,366081896,15.618291814543433,residential,Anna Street,False
300159995,6801270882,21.722424352186803,tertiary,Nethaji Road,False
300159995,313444565,14.08802756648752,tertiary,Nethaji Road,False
300159995,6305141294,191.8249975398675,residential,Gokulam Street,False
300160040,300164813,11.497720416967049,residential,Kamarajar Street,False
300160040,300164805,30.22416718036268,residential,Kamarajar Street,False
300160040,300160041,265.169794235661,residential,Kanidiyar Street,False
300160041,11190075837,5.054259263153147,tertiary,Nethaji Road,False
300160041,300160040,265.169794235661,residential,Kanidiyar Street,False
300160041,11190075839,22.029742565155924,tertiary,Nethaji Road,False
300160265,11190075839,17.752764006385373,tertiary,Nethaji Road,False
300160265,300159906,15.940159773326032,tertiary,Nethaji Road,False
300160265,300160268,196.7250006123639,residential,,False
300160268,6445040425,61.42927338701674,residential,,False
300160268,300160265,196.7250006123639,residential,,False
300160268,300159879,221.29824300483685,residential,,False
300160351,330420114,37.41724887405827,residential,3rd Street,False
300160351,300163975,132.6790233756459,residential,1st Street,False
300160351,300163974,41.42191601828511,residential,1st Street,False
300162586,330420139,127.56091823328751,residential,TNHB Colony 1st Main Road,False
300162586,330410512,43.39109488692133,residential,TNHB Colony 2nd Main Road,False
300162586,300164025,42.97578660219758,residential,TNHB Colony 2nd Main Road,False
300162588,330420139,51.23634874791476,residential,TNHB Colony 1st Main Road,False
300162588,6497873011,61.59455719035459,residential,TNHB Colony 1st Main Road,False
300162588,300164051,12.017547969771938,residential,,False
300163876,300192508,97.10358173040864,tertiary,TNHB Main Road,False
300163876,3674393186,93.28784817504999,tertiary,TNHB Main Road,False
300163876,330420130,129.63765608410918,residential,TNHB Colony 4th Avenue,False
300163925,3674393186,39.05841239825975,tertiary,TNHB Main Road,False
300163925,300192309,42.04779034301114,tertiary,TNHB Main Road,False
300163925,300164025,130.0966233839212,residential,TNHB Colony 2nd Main Road,False
300163926,300192713,34.28703424282744,residential,3rd Main Road,False
300163926,11770278963,22.528203456569617,residential,3rd Main Road,False
300163926,330410512,135.21685015811906,residential,TNHB Colony 2nd Main Road,False
300163974,300160351,41.42191601828511,residential,1st Street,False
300163974,330420119,42.893172334041004,residential,TNHB Colony 4th Main Road,False
300163974,330420126,131.0599369187546,residential,TNHB Colony 4th Main Road,False
300163975,300163994,40.342374834149176,residential,3rd Main Road,False
300163975,300159867,62.201937143499876,residential,3rd Main Road,False
300163975,300160351,132.6790233756459,residential,1st Street,False
300163992,300159993,49.77579722113327,residential,3rd Main Road,False
300163992,300163994,90.95337626227708,residential,3rd Main Road,False
300163992,330420111,132.37459454732738,residential,TNHB Colony 1st Avenue,False
300163994,300163992,90.95337626227708,residential,3rd Main Road,False
300163994,300163975,40.342374834149176,residential,3rd Main Road,False
300163994,12204815383,37.259901332498046,residential,2nd Street,False
300164008,11052703591,97.59382506190009,residential,10th Street,False
300164008,330410512,42.94077296716144,residential,2nd Avenue,False
300164008,6795313107,30.607063984673996,residential,2nd Avenue,False
300164009,11770278963,20.591124803704396,residential,3rd Main Road,False
300164009,300159993,43.250089549165686,residential,3rd Main Road,False
300164009,11052703591,37.61790382684727,residential,10th Street,False
300164025,300162586,42.97578660219758,residential,TNHB Colony 2nd Main Road,False
300164025,300163925,130.0966233839212,residential,TNHB Colony 2nd Main Road,False
300164025,300192045,41.82436920490971,residential,TNHB Colony 3rd Avenue,False
300164025,300192387,37.99284500426631,residential,TNHB Colony 8th Street,False
300164051,300164209,44.61352968587878,residential,Nehru Nagar Lake View Street,False
300164051,11770278950,45.16194452006557,residential,Mathiazhagan Street,False
300164051,300162588,12.01754796977194,residential,,False
300164085,366081899,8.373266424013709,residential,Nehru Nagar 1st Main Road,False
300164085,300193133,37.21823741581465,residential,Nehru Nagar 1st Main Road,False
300164085,366081895,166.04022112622516,residential,Anbazhagan Street,False
300164086,366081917,14.593392804075874,residential,Nehru Nagar 1st Main Road,False
300164086,366081904,14.097184963725185,residential,Nehru Nagar 1st Main Road,False
300164086,366081889,153.77805053913536,residential,K.V.K Sami Street,False
300164133,7826160050,74.95502137138698,residential,Kannagi Street,False
300164133,6496531946,34.88190573409823,residential,Kannagi Street,False
300164133,300164134,84.68929254695776,residential,VPK Street,False
300164134,300193025,24.392276035120215,residential,Nehru Nagar 1st Main Road,False
300164134,300164803,20.510559147224544,residential,Nehru Nagar 1st Main Road,False
300164134,300164133,84.68929254695776,residential,VPK Street,False
300164147,6496531946,33.687835751962815,living_street,,False
300164148,6496531946,42.13130777356511,living_street,,False
300164148,300164157,19.43950372453737,residential,Mathiazhagan Street,False
300164148,338440193,43.84059537755224,residential,Mathiazhagan Street,False
300164157,300164148,19.43950372453737,residential,Mathiazhagan Street,False
300164157,11770278951,83.11399714121634,residential,Mathiazhagan Street,False
300164157,300164212,44.17868189677344,residential,,False
300164209,300164051,44.61352968587878,residential,Nehru Nagar Lake View Street,False
300164209,300164285,43.725980948290335,residential,Nehru Nagar Lake View Street,False
300164209,300164212,196.62073723672856,living_street,Nehru Nagar NSK 2nd Street,False
300164212,6588171743,17.11625759358647,residential,,False
300164212,300164157,44.17868189677344,residential,,False
300164212,300164209,196.62073723672856,living_street,Nehru Nagar NSK 2nd Street,False
300164285,300164209,43.725980948290335,residential,Nehru Nagar Lake View Street,False
300164285,300164298,37.120223361954785,residential,Nehru Nagar Lake View Street,False
300164285,300164286,193.20426948373319,residential,Nehru Nagar NSK 1st Street,False
300164286,6588171743,13.103623580906016,residential,,False
300164286,338440253,13.532342578907151,residential,,False
300164286,300164285,193.20426948373319,residential,Nehru Nagar NSK 1st Street,False
300164298,300164285,37.120223361954785,residential,Nehru Nagar Lake View Street,False
300164298,338440292,56.26260011983325,residential,Gandhi Street,False
300164298,300164300,187.30510422553405,residential,Thiru Vi Ka Street,False
300164300,338440253,27.388171925657545,residential,,False
300164300,338440223,141.95877895583334,residential,,False
300164300,338440200,116.70060097532266,residential,Veerabandiya Kattabomman Street,False
300164300,300164298,187.30510422553405,residential,Thiru Vi Ka Street,False
300164803,300164134,20.510559147224544,residential,Nehru Nagar 1st Main Road,False
300164803,7826160051,42.3105120633759,residential,Nehru Nagar 1st Main Road,False
300164803,300164805,178.90782938957804,residential,Al Mudaliar Street,False
300164805,300160040,30.22416718036268,residential,Kamarajar Street,False
300164805,6445040425,17.65264306861935,residential,Kamarajar Street,False
300164805,300164803,178.90782938957804,residential,Al Mudaliar Street,False
300164813,330410500,32.66685779803875,residential,Kamarajar Street,False
300164813,300160040,11.497720416967049,residential,Kamarajar Street,False
300164813,300193025,196.79727196301803,residential,Bharathiyar Street,False
300164815,330410530,114.82302363508599,residential,Ranganathan Street,False
300164815,330410528,105.29293908734424,tertiary,Nethaji Road,False
300164815,313444563,13.12662216314164,tertiary,Nethaji Road,False
300164818,330410493,38.76716639409094,residential,,False
300164819,6305141294,29.28478022771049,residential,,False
300164819,330410529,84.6466837765073,residential,Thirumurugan Street,False
300164819,330410493,58.167765578884655,residential,,False
300164819,330410497,105.7950334638411,residential,Thirumurugan Street,False
300164824,330410550,13.41585983465053,residential,,False
300164824,11626010093,23.984359838133674,residential,,False
300164824,300164825,94.81139273226272,residential,,False
300164825,300191514,44.83119956347711,residential,,False
300164825,300164824,94.81139273226272,residential,,False
300164825,11626010094,25.10417175763474,residential,,False
300164827,300191336,47.78024183913604,residential,,False
300164827,330410550,25.775354337538705,residential,,False
300164827,300191514,95.09817747919749,residential,,False
300164833,300159530,62.18748925006456,residential,,False
300164833,300159070,41.55562511152493,residential,,False
300164833,10558591310,120.90570608122906,residential,,False
300164837,330410526,36.7249475253309,residential,,False
300164837,330420245,43.70652910626281,residential,,False
300164837,330420272,181.8994063299533,residential,,False
300164874,300305742,28.09524263665051,residential,mahalakshmi nagar 3rd main road,False
300164874,300305672,45.472439338975484,residential,,False
300164874,300305671,126.95560972979162,residential,mahalakshmi nagar 3rd main road,False
300164881,300305672,51.03774702519578,residential,,False
300164881,300165086,27.32915044723418,residential,,False
300164881,299383331,95.99015165827214,residential,,False
300164882,3238555683,88.09720888196733,residential,,False
300164882,299383238,92.39717536860275,residential,,False
300164882,300165088,50.92465405394293,residential,,False
300164884,299880845,110.64896610029456,residential,,False
300164884,299383331,54.33573790513516,residential,1st Cross Road,False
300164885,299880845,74.07582307792622,residential,,False
300164886,300164887,164.30592637689915,residential,,False
300164886,6498272044,17.357583007073988,residential,,False
300164886,2167027811,45.33517960287952,residential,,False
300164887,2167027819,40.50429527708447,residential,anna nagar 2nd street,False
300164887,300164886,164.30592637689915,residential,,False
300164887,300164903,57.64467535531257,residential,anna nagar 2nd street,False
300164902,11307033431,5.657944004146937,residential,,False
300164902,6498272045,110.63872784452208,residential,,False
300164902,6498272045,145.44526380829458,residential,,False
300164903,2167027860,59.922855215181265,residential,,False
300164903,299878550,113.12724292152181,residential,2nd Main Road,False
300164903,300164887,57.64467535531257,residential,anna nagar 2nd street,False
300165032,2167027759,32.68722026215517,residential,,False
300165032,330401242,48.88768682457137,residential,,False
300165044,299878196,44.60441303169093,residential,,False
300165044,2167027727,23.848672024232027,residential,,False
300165044,299878326,150.52695927655523,residential,AGS Colony 4th Main Road,False
300165074,300165075,101.13955340262164,residential,,False
300165074,299385745,47.63985012350729,residential,,False
300165074,299880833,81.19444884833021,residential,,False
300165075,300165074,101.13955340262164,residential,,False
300165075,277912041,16.834640468527297,tertiary,Brindavan Nagar Main Road,False
300165075,299383985,37.67396447157369,tertiary,Brindavan Nagar Main Road,False
300165083,299383231,71.33734805693194,residential,,False
300165085,299383238,51.65937383891338,residential,,False
300165085,300165087,50.64911525873517,residential,,False
300165085,300165088,93.15506440429235,residential,,False
300165086,300165088,47.774401538201005,residential,,False
300165086,300164881,27.32915044723418,residential,,False
300165086,300165087,92.85317887942772,residential,,False
300165087,300165085,50.64911525873517,residential,,False
300165087,299383331,30.269576229021556,residential,,False
300165087,300165086,92.85317887942772,residential,,False
300165088,300164882,50.92465405394293,residential,,False
300165088,300165086,47.774401538201005,residential,,False
300165088,300165085,93.15506440429235,residential,,False
300165088,300305671,46.3227378276939,residential,,False
300165125,299879508,61.291829795289594,residential,Bhavathi Amman Koil Street,False
300165125,338223280,49.905018513622885,residential,Bhavathi Amman Koil Street,False
300165125,300165126,135.49724781939332,residential,,False
300165125,11419390672,57.14911587220412,residential,,False
300165126,300165127,55.36256504425078,residential,,False
300165126,300165125,135.49724781939332,residential,,False
300165126,338440038,145.71373213947726,residential,,False
300165127,6497684538,48.696143362351584,residential,,False
300165127,300165126,55.36256504425078,residential,,False
300165127,338223280,133.72125398970678,residential,Lakshmi Hayagriva 1st Main Road,False
300165127,299385811,144.6053595066575,residential,Lakshmi Hayagriva 1st Main Road,False
300165129,300165170,11.892557584325798,residential,Bhavathi Amman Koil Street,False
300165129,300165164,32.10243209410164,residential,Bhavathi Amman Koil Street,False
300165129,300188534,134.17322683203682,residential,EB Colony 1st Street,False
300165130,299383049,22.695278607250867,residential,,False
300165130,299385811,53.904753596387074,residential,,False
300165130,6497684538,148.14955818683856,residential,Lakshmi Hayagriva 2nd Main Road,False
300165131,300165175,10.285988514234896,residential,Bhavathi Amman Koil Street,False
300165131,300165170,41.56486352207417,residential,Bhavathi Amman Koil Street,False
300165131,6497684538,134.05261424534197,residential,Lakshmi Hayagriva 2nd Main Road,False
300165163,300165164,127.40666872871037,residential,Radhar Nagar Extension 2nd Street,False
300165164,300165129,32.10243209410164,residential,Bhavathi Amman Koil Street,False
300165164,2167149180,11.881016582852581,residential,Bhavathi Amman Koil Street,False
300165164,300165163,127.40666872871037,residential,Radhar Nagar Extension 2nd Street,False
300165169,300165170,116.96925823902355,residential,Radhar Nagar Extension 2nd Street,False
300165170,300165131,41.56486352207417,residential,Bhavathi Amman Koil Street,False
300165170,300165129,11.892557584325798,residential,Bhavathi Amman Koil Street,False
300165170,300165169,116.96925823902355,residential,Radhar Nagar Extension 2nd Street,False
300165175,338223280,33.65350049499116,residential,Bhavathi Amman Koil Street,False
300165175,300165131,10.285988514234896,residential,Bhavathi Amman Koil Street,False
300165175,11770291534,78.7473359136126,residential,"['11th Street', 'Netaji Street']",False
300165208,11770291505,239.16578539299027,residential,Gangai Nagar 2nd Cross Street,False
300165209,6305461631,93.56887284097337,residential,South Street,False
300165209,300165225,19.28649081174791,residential,2nd Street,False
300165209,338406669,182.9260764201729,residential,"['2nd Street', 'Sakthi Vijayalkshmi Road']",False
300165214,300306125,23.48012405129079,residential,Balahi Colony Main Road,False
300165215,7806767005,41.628740528856575,residential,Balahi Colony Main Road,False
300165215,2407565231,43.160926737898464,residential,Balahi Colony Main Road,False
300165215,6305144013,86.9551175087892,residential,"['12st Street', '2nd Cross Street']",False
300165220,300165225,29.327697112408714,residential,2nd Street,False
300165220,300165221,79.84241207633544,residential,3rd Street,False
300165220,10280643073,67.55365229803692,residential,2nd Street,False
300165221,300165220,79.84241207633544,residential,3rd Street,False
300165221,300165222,69.29070553697875,residential,1st Cross Street,False
300165221,6305461631,52.74404665352185,residential,3rd Street,False
300165222,6444993156,43.76683163239408,residential,Main Road,False
300165222,299883297,77.85914660144171,residential,Main Road,False
300165222,300165221,69.29070553697875,residential,1st Cross Street,False
300165225,300165220,29.327697112408714,residential,2nd Street,False
300165225,300165209,19.28649081174791,residential,2nd Street,False
300165225,10280643072,69.70810000707944,residential,,False
300165244,2167027857,5.656851864049939,residential,mahalakshmi nagar 3rd main road,False
300165244,299878550,57.225369040410165,residential,mahalakshmi nagar 3rd main road,False
300165244,13995027323,61.58819029207392,residential,,False
300165255,299881748,12.682192571957259,tertiary,Brindavan Nagar Main Road,False
300165255,299384649,57.11578945775639,tertiary,Brindavan Nagar Main Road,False
300165584,6444890773,46.007031865105596,residential,,False
300165584,299385837,122.58060655429587,residential,4th Main Road,False
300184939,300184940,98.76019661078689,residential,,False
300184940,299878391,87.55857756706567,residential,,False
300184940,299883586,46.441496894588795,residential,,False
300184940,300184939,98.76019661078689,residential,,False
300184974,300184976,85.92726254674008,residential,2nd Cross Lane,False
300184976,300184974,85.92726254674008,residential,2nd Cross Lane,False
300184976,300184998,36.23601619726378,residential,,False
300184976,300184997,37.35435854243065,residential,,False
300184997,11591490821,41.756087256821445,residential,,False
300184997,300184976,37.35435854243065,residential,,False
300184997,300464020,140.2683437603079,residential,,False
300184998,338406637,229.70106142332472,residential,,False
300184998,299878697,58.56094122213821,residential,,False
300184998,300184976,36.23601619726378,residential,,False
300185214,300185991,47.480679316397264,residential,,False
300185214,299883188,58.65737676355286,residential,,False
300185214,11043604982,239.64703047569083,residential,Murugan Nagar Extension 1st Street,False
300185261,313857710,154.84109377167997,residential,,False
300185261,300185298,53.910032641824515,residential,,False
300185261,299883188,32.30653509881715,residential,,False
300185261,2230781355,38.78071982345065,residential,,False
300185264,299884000,43.886796199101795,residential,Ram Nagar Main Road,False
300185264,313857690,16.28403223558152,residential,Ram Nagar Main Road,False
300185264,313857710,148.59483794342077,residential,,False
300185298,299883968,45.95356339731798,residential,,False
300185298,300185261,53.910032641824515,residential,,False
300185298,300185300,149.9686037398328,residential,,False
300185300,313857710,44.31869256630731,residential,,False
300185300,300185298,149.9686037398328,residential,,False
300185300,299883210,14.396185851868559,residential,,False
300185429,299883987,139.83213654791916,residential,,False
300185429,330401251,76.6290387495882,residential,,False
300185429,2166739512,177.7229231656388,residential,,False
300185526,299883986,128.583655178931,residential,,False
300185825,300185826,55.16826157720095,residential,,False
300185825,7806740559,44.334169467259365,residential,,False
300185825,11192341573,42.919019797492375,residential,,False
300185826,300185825,55.16826157720095,residential,,False
300185906,300185958,57.4482635274966,residential,,False
300185906,300186102,46.548019661890045,residential,,False
300185906,300185991,51.83244808656289,residential,,False
300185907,300464393,8.77398323816181,residential,,False
300185907,300185958,49.32955614348797,residential,,False
300185958,300185907,49.32955614348797,residential,,False
300185958,300185906,57.4482635274966,residential,,False
300185958,300185991,96.35902133316229,residential,,False
300185991,300185906,51.83244808656289,residential,,False
300185991,300185214,47.480679316397264,residential,,False
300185991,300185958,96.35902133316229,residential,,False
300185991,2167027593,48.7717935888668,residential,,False
300186083,300186084,69.7632954974631,residential,,False
300186084,2230781369,43.23612712664258,residential,,False
300186084,300186102,45.38099565189631,residential,,False
300186084,300186083,69.7632954974631,residential,,False
300186101,7806740559,11.234811195005324,residential,,False
300186101,300464393,38.06158459702008,residential,,False
300186101,300186102,105.02164453779365,residential,,False
300186102,300186101,105.02164453779365,residential,,False
300186102,300186084,45.38099565189631,residential,,False
300186102,300185906,46.548019661890045,residential,,False
300186162,299877816,147.3876604590448,residential,,False
300186162,2167027707,36.50682389359914,residential,,False
300186162,299877804,44.340684464774306,residential,,False
300188445,6307339499,74.67585845613225,residential,3rd Street,False
300188445,300305468,52.15317439477555,residential,Amman Koil Street,False
300188445,300188503,41.59622551847934,residential,Amman Koil Street,False
300188503,300304832,40.64279075862871,residential,3rd Street,False
300188503,2167149183,12.585197211357169,residential,Amman Koil Street,False
300188503,300188445,41.59622551847934,residential,Amman Koil Street,False
300188504,2167149162,38.187139781243424,residential,,False
300188504,11259219735,41.08207150693896,residential,,False
300188504,300305238,55.18429376291435,residential,3rd Street,False
300188534,300165129,134.17322683203682,residential,EB Colony 1st Street,False
300188534,300305184,142.76649216445017,residential,EB Colony 1st Street,False
300188534,2167149183,48.61278803649435,residential,Amman Koil Street,False
300190250,300159499,19.957072399311986,residential,,False
300190250,338223207,46.42453857655311,residential,,False
300190250,300159188,137.48196464071555,residential,,False
300190607,300159188,48.22586465871498,residential,,False
300190607,338223221,72.85817033984553,residential,,False
300190607,300159528,117.28526157371603,residential,,False
300191336,12067413872,29.452156220420306,residential,,False
300191336,300164827,47.78024183913604,residential,,False
300191336,3674401338,93.78402578395279,residential,,False
300191514,300164827,95.09817747919749,residential,,False
300191514,300164825,44.83119956347711,residential,,False
300191514,11189976309,20.64364236654432,residential,,False
300192045,6790387534,30.65294738073258,residential,TNHB Colony 3rd Avenue,False
300192045,300164025,41.82436920490971,residential,TNHB Colony 3rd Avenue,False
300192045,330420175,95.49224957247932,residential,10th Street,False
300192309,300163925,42.04779034301114,tertiary,TNHB Main Road,False
300192309,330420175,34.14737794227734,residential,10th Street,False
300192309,330420101,94.29083210352371,tertiary,TNHB Main Road,False
300192387,330420169,99.20393609435983,residential,9th Street,False
300192387,300164025,37.99284500426631,residential,TNHB Colony 8th Street,False
300192387,330420163,56.66208622355469,residential,TNHB Colony 8th Street,False
300192508,299386190,42.50428815525079,tertiary,TNHB Main Road,False
300192508,300163876,97.10358173040864,tertiary,TNHB Main Road,False
300192508,330420146,36.65176063715375,residential,TNHB Colony 7th Street,False
300192713,300192883,22.165979267857622,residential,3rd Main Road,False
300192713,300163926,34.28703424282744,residential,3rd Main Road,False
300192713,330420234,40.358734453988156,residential,5th Street,False
300192714,330420234,95.99899657002369,residential,5th Street,False
300192714,11770278969,28.615226641023135,residential,6th Street,False
300192714,330410512,35.55517596871695,residential,6th Street,False
300192883,300192713,22.165979267857622,residential,3rd Main Road,False
300192883,330410558,32.1929727137032,residential,Nehru Nagar 1st Main Road,False
300192883,11770278953,104.04279847191854,residential,"['3rd Main Road', 'Ezumudaliyar Street']",False
300193025,300193133,36.05687416354945,residential,Nehru Nagar 1st Main Road,False
300193025,300164134,24.392276035120215,residential,Nehru Nagar 1st Main Road,False
300193025,300164813,196.79727196301803,residential,Bharathiyar Street,False
300193133,300164085,37.21823741581465,residential,Nehru Nagar 1st Main Road,False
300193133,300193025,36.05687416354945,residential,Nehru Nagar 1st Main Road,False
300193133,330410500,214.98864406747526,residential,Karunanidhi Street,False
300193313,330410497,36.51249997305035,residential,,False
300193459,300193460,126.5010224064349,residential,"Gopalakrishnan Street,",False
300193460,339291912,36.96412060443059,tertiary,Cart Track Road,False
300193460,300193495,52.25150715432212,tertiary,Cart Track Road,False
300193460,300193459,126.5010224064349,residential,"Gopalakrishnan Street,",False
300193494,300193495,119.42620685857914,residential,Vigneshwara Street,False
300193495,300193460,52.25150715432212,tertiary,Cart Track Road,False
300193495,299880374,61.48809026480156,tertiary,Cart Track Road,False
300193495,300193494,119.42620685857914,residential,Vigneshwara Street,False
300193588,300193665,48.01257897418532,residential,,False
300193588,339291582,55.694433848240024,residential,,False
300193588,299880590,277.0215911830246,residential,,False
300193589,300193853,39.24812001714831,residential,,False
300193589,309812154,90.82308630108463,tertiary,Link Road,True
300193620,300193665,53.63615437535365,residential,,False
300193662,339291895,35.84131902206234,tertiary,,False
300193662,299880590,21.57795678044632,tertiary,,False
300193662,339291603,151.0560573899681,residential,,False
300193662,339291901,145.1132899881305,living_street,,False
300193664,300193665,45.0633854130526,residential,,False
300193664,339291604,32.446079757663504,residential,,False
300193664,7826460022,56.35432768403199,residential,,False
300193665,300193588,48.01257897418532,residential,,False
300193665,300193620,53.63615437535365,residential,,False
300193665,300193664,45.0633854130526,residential,,False
300193749,339291580,29.633812338114463,residential,,False
300193749,339291582,16.30756897304928,residential,,False
300193749,300193751,195.3512047668493,residential,road in Maduvankarai,False
300193751,300193589,66.28710864674517,tertiary,Link Road,True
300193751,300193749,195.3512047668493,residential,road in Maduvankarai,False
300193852,300193853,78.15059433511222,residential,,False
300193853,300193852,78.15059433511222,residential,,False
300193853,300193589,39.24812001714831,residential,,False
300193853,11038534987,3.5513565046719275,residential,,False
300194151,2167149306,48.704901181006534,residential,,False
300194151,300159498,51.222796497229446,residential,,False
300194151,11250382312,47.94315975479271,residential,,False
300194175,7806766990,40.14876186660491,residential,12th Cross Street,False
300195622,11770224849,1.3759214057914422,secondary,Velachery Main Road,False
300195622,330648711,46.61647238052912,residential,,False
300195622,300195623,115.86723269997157,secondary,Velachery Main Road,False
300195623,300195622,115.86723269997157,secondary,Velachery Main Road,False
300195623,277911472,86.93002529918587,secondary,Velachery Main Road,False
300195623,330648715,80.74483124383553,residential,,False
300195626,2407565891,5.281735468410129,residential,Theradi Street,False
300195626,325206683,70.54187292643402,secondary,Velachery Main Road,False
300195626,2168591067,43.065536766104195,secondary,Velachery Main Road,False
300195629,325207996,22.281120559358218,secondary,Velachery Main Road,False
300195629,300313515,39.2215128629319,secondary,Velachery Main Road,False
300195629,300463827,40.33823916841236,residential,Dandeeswaram Main Road,False
300195704,366081876,8.419449410243047,secondary_link,,False
300195704,14144290611,291.01020731083264,secondary,Velachery Main Road,True
300195705,366081878,12.047647579116765,residential,Blue Cross Road,False
300195705,4314770660,173.80944803698628,secondary,Velachery Main Road,True
300195705,6304944533,140.57982203692163,residential,Blue Cross Road,False
300196199,325209363,54.596544931450126,residential,Dandeeswaram Main Road,False
300196199,300312748,30.43911083248575,residential,Dhandeeshwaram Nagar 7th Main Road,False
300196199,325209310,24.19882436633918,residential,Dhandeeshwaram Nagar 7th Main Road,False
300301437,1197468435,78.41711380733372,residential,,False
300301437,300301596,99.77060395277366,residential,,False
300301437,299382813,164.50958586384854,residential,,False
300301596,300301437,99.77060395277366,residential,,False
300301596,299382574,35.67303537691989,residential,,False
300303099,299383101,128.73285817430624,residential,,False
300303099,299385733,43.16202100161939,residential,,False
300303930,299383030,93.48021771082554,residential,Mohanapuri 4th Street,False
300303930,300303931,41.47046620703226,residential,,False
300303930,6318051102,47.51446727957676,residential,,False
300303930,299383020,155.44965128549353,residential,Mohanapuri 4th Street,False
300303931,6497689887,104.35930149098618,residential,Mohanapuri 5th Street,False
300303931,299382925,93.5454493707901,residential,Mohanapuri 5th Street,False
300303931,300303930,41.47046620703226,residential,,False
300304088,299881750,29.540068222847243,residential,,False
300304088,299880831,80.92962533831036,residential,,False
300304088,300304089,43.60161941704008,residential,Mohanapuri 3rd Street,False
300304089,6307234631,86.76354741627385,residential,,False
300304089,299880839,4.375481521394426,residential,,False
300304089,300304088,43.60161941704008,residential,Mohanapuri 3rd Street,False
300304144,300304304,39.53774898219908,residential,,False
300304144,3238555683,45.989037571908014,residential,,False
300304144,11622470416,120.19452819500277,residential,,False
300304304,11059326364,57.83833536860003,residential,,False
300304304,6445033946,37.306681647047306,residential,,False
300304304,300304144,39.53774898219908,residential,,False
300304363,299878655,50.442856815724625,residential,,False
300304363,300304761,95.77511852177126,residential,,False
300304363,299882980,179.61056557055622,residential,,False
300304364,299881772,36.47198746145103,residential,,False
300304364,11612670134,46.431364416632675,residential,,False
300304364,299383250,15.646964170073051,residential,,False
300304457,300304470,49.482927782353244,residential,,False
300304457,12415838560,35.92899345555418,residential,,False
300304457,6445046904,15.572504388334199,residential,,False
300304469,300304470,42.89198424896938,residential,,False
300304470,300304457,49.482927782353244,residential,,False
300304470,6445033946,44.841247750740386,residential,,False
300304470,300304469,42.89198424896938,residential,,False
300304565,300305238,185.25050450371646,residential,,False
300304760,300304761,34.54025871341979,residential,Raghavendra Street,False
300304760,300305468,139.05610990433323,residential,Amman Koil Street,False
300304760,6307339504,83.1351272079819,residential,Raghavendra Street,False
300304761,338440036,23.88069963018089,residential,,False
300304761,300304363,95.77511852177126,residential,,False
300304761,300304760,34.54025871341979,residential,Raghavendra Street,False
300304832,300305238,43.52667573977018,residential,3rd Street,False
300304832,300188503,40.64279075862871,residential,3rd Street,False
300304832,11794935375,99.57407398789836,residential,,False
300305184,11259219735,22.49833757729301,residential,,False
300305184,299383049,27.686126090622295,residential,,False
300305184,300188534,142.76649216445017,residential,EB Colony 1st Street,False
300305238,300188504,55.18429376291435,residential,3rd Street,False
300305238,300304832,43.52667573977018,residential,3rd Street,False
300305238,300304565,185.25050450371648,residential,,False
300305467,6307339504,34.12644235216859,residential,,False
300305467,11770291540,88.76841444116496,residential,,False
300305467,6307339499,54.54054150798846,residential,,False
300305468,300188445,52.15317439477555,residential,Amman Koil Street,False
300305468,6307339504,55.32911432353934,residential,,False
300305468,300304760,139.05610990433323,residential,Amman Koil Street,False
300305671,300165088,46.3227378276939,residential,,False
300305671,300305672,77.87524227318876,residential,,False
300305671,300164874,126.95560972979162,residential,mahalakshmi nagar 3rd main road,False
300305672,300164881,51.03774702519578,residential,,False
300305672,300164874,45.472439338975484,residential,,False
300305672,300305671,77.87524227318876,residential,,False
300305742,300164874,28.09524263665051,residential,mahalakshmi nagar 3rd main road,False
300305742,300305744,45.17301222722735,residential,mahalakshmi nagar 3rd main road,False
300305742,2167027874,161.63729400082525,residential,,False
300305744,300305742,45.17301222722735,residential,mahalakshmi nagar 3rd main road,False
300305744,2167027857,43.53365198438276,residential,mahalakshmi nagar 3rd main road,False
300305744,2167027870,131.9411866188133,residential,,False
300306124,300306125,39.46274592617605,residential,,False
300306125,2407565231,44.551983854720824,residential,Balahi Colony Main Road,False
300306125,300165214,23.48012405129079,residential,Balahi Colony Main Road,False
300306125,300306124,39.46274592617605,residential,,False
300306134,300463970,56.64779983431674,residential,7th Street,False
300306134,300306147,31.968739465869586,residential,6th Street,False
300306134,300306222,14.091662522914092,residential,6th Street,False
300306146,300306222,10.320681355173411,residential,6th Street,False
300306147,338406836,68.64072603812735,residential,,False
300306147,300306134,31.968739465869586,residential,6th Street,False
300306147,338406831,65.52129218744346,residential,,False
300306222,300306146,10.320681355173411,residential,6th Street,False
300306222,300306134,14.091662522914092,residential,6th Street,False
300306222,11618372055,90.1334576601315,residential,"['11th Street', '9th Street']",False
300310320,325206177,137.8200880179426,residential,Janakpuri 1st Street,False
300311629,338222919,76.58549017221115,residential,Dhandeeshwaram 3rd Main Road,False
300311629,4278233221,36.839843477554226,residential,Dhandeeshwaram Nagar 4th Cross Street,False
300311629,300463861,69.4195007429764,residential,Dhandeeshwaram Nagar 4th Cross Street,False
300311630,300463832,63.44796491409322,residential,Dhandeeshwaram 3rd Main Road,False
300311630,325209553,69.28832742625437,residential,Dhandeeswaram Nagar 8th Cross Road,False
300311630,300311870,71.53547822098355,residential,Dhandeeshwaram Nagar 3rd Main Road,False
300311633,300463847,31.183570109074015,residential,Dhandeeshwaram Nagar 4th Cross Street,False
300311668,338417879,24.38387135314471,residential,Dhandeeswaram Nagar 10th Cross Road,False
300311870,325210260,69.13585469642346,residential,Dhandeeshwaram Nagar 3rd Main Road,False
300311870,325210343,70.51557512067922,residential,Dhandeeswaram Nagar 9th Cross Road,False
300311870,300311630,71.53547822098355,residential,Dhandeeshwaram Nagar 3rd Main Road,False
300311870,4278233218,98.33902842139918,residential,Dhandeeswaram Nagar 4th Avenue [west],False
300311871,325210260,31.117215492016026,residential,Dhandeeswaram Nagar 10th Cross Road,False
300311871,325210234,55.81103821744607,residential,Dhandeeswaram Nagar 9th Main Road;Tansi Nagar 3rd street,False
300311871,2407564048,153.4927177815882,residential,Dhandeeswaram Nagar 10th Cross Road,False
300311903,325209344,130.70786981601464,residential,,False
300311903,6552436477,35.22273675864265,residential,Dhandeeshwaram Nagar 7th Main Road,False
300311903,338461438,12.981391689203617,residential,Dhandeeshwaram Nagar 7th Main Road,False
300311905,325210157,53.21197419816798,residential,Seethapathy Nagar Extn,False
300311905,300311923,25.979249986738214,residential,Seethapathy Nagar Extn,False
300311905,325209833,105.33112036474282,residential,Dhandeeswaram Nagar 4th Avenue(East),False
300311922,300311923,112.0550248204395,residential,Seethapathy Nagar 3rd Cross Street,False
300311922,2168591057,78.00084032542685,residential,Seethapathy Nagar 3rd Cross Street,False
300311922,300312549,47.36410080915288,residential,VGP avenue,False
300311923,300311905,25.979249986738214,residential,Seethapathy Nagar Extn,False
300311923,300312548,45.64353801209343,residential,Seethapathy Nagar Extn,False
300311923,300311922,112.0550248204395,residential,Seethapathy Nagar 3rd Cross Street,False
300312040,11832685265,42.0972617960085,residential,Vellalar Street,False
300312040,300312594,114.67223624635534,residential,ThiruVedi Amman Koil Street,False
300312040,277911468,134.69609207699088,residential,ThiruVedi Amman Koil Street,False
300312041,4279691215,41.18768548278094,residential,Shanti Street,False
300312041,300312631,90.93474699839233,residential,VGP avenue,False
300312041,300312594,83.21998251118771,residential,VGP avenue,False
300312067,338223232,48.087496629592415,residential,MurphyDoss Street;Way to Gandhi Road / VGP avenue,False
300312067,325209951,161.51525507650555,residential,Shanti Street,False
300312067,330648930,16.762730483433867,residential,"['MurphyDoss Street;Way to Gandhi Road / VGP avenue', 'MurphyDoss Street']",False
300312074,338223232,157.58006266056154,residential,Usha Street,False
300312074,325210015,47.389448356657134,residential,Raja Street,False
300312074,325209951,41.49421036590366,residential,Raja Street,False
300312361,325209921,42.99209218735314,residential,Rani Street,False
300312361,300312632,46.670136131225895,residential,MurphyDoss Street;Way to Gandhi Road / VGP avenue,False
300312361,2146417139,78.62218152938158,residential,MurphyDoss Street;Way to Gandhi Road / VGP avenue,False
300312362,325209932,58.44968491346724,residential,Rani Street,False
300312362,300312549,70.22348781976062,residential,VGP avenue,False
300312362,300312631,47.239357609914094,residential,VGP avenue,False
300312480,300312752,119.48964957876336,residential,Ravi Street,False
300312480,300312549,48.169928757123245,residential,Seethapathy Nagar 2rd Cross Street,False
300312480,300312548,68.96577045964942,residential,Seethapathy Nagar 2rd Cross Street,False
300312481,325209226,60.47344180061465,residential,Ravi Street,False
300312481,300312594,52.14001566886827,residential,Jayanthi street,False
300312481,2168591060,94.0574294051637,residential,Jayanthi street,False
300312548,300311923,45.64353801209343,residential,Seethapathy Nagar Extn,False
300312548,338461444,44.066416829418046,residential,Seethapathy Nagar Extn,False
300312548,300312480,68.96577045964942,residential,Seethapathy Nagar 2rd Cross Street,False
300312549,325209943,59.13862194242669,residential,Seethapathy Nagar 2rd Cross Street,False
300312549,300312480,48.169928757123245,residential,Seethapathy Nagar 2rd Cross Street,False
300312549,300311922,47.36410080915288,residential,VGP avenue,False
300312549,300312362,70.22348781976062,residential,VGP avenue,False
300312594,300312481,52.14001566886827,residential,Jayanthi street,False
300312594,300312040,114.67223624635534,residential,ThiruVedi Amman Koil Street,False
300312594,300312041,83.21998251118771,residential,VGP avenue,False
300312631,300312752,48.75055291835908,residential,Latha Street;Seethapathy Nagar 1st Cross Street,False
300312631,300312362,47.239357609914094,residential,VGP avenue,False
300312631,300312041,90.93474699839233,residential,VGP avenue,False
300312632,300312361,46.670136131225895,residential,MurphyDoss Street;Way to Gandhi Road / VGP avenue,False
300312632,1641560713,36.79801818848107,residential,MurphyDoss Street;Way to Gandhi Road / VGP avenue,False
300312632,325210015,151.82283774296752,residential,Latha Street,False
300312651,6445743573,57.03087852202479,residential,Dhandeeshwaram Nagar 2nd Cross Street,False
300312653,6445743574,94.53861380873957,residential,Dhandeeshwaram Nagar 3rd Cross Street,False
300312653,4278233222,48.58741313578965,residential,Dhandeeshwaram Nagar 6th Main Road,False
300312653,3265132498,44.78623517965499,residential,Dhandeeshwaram Nagar 6th Main Road,False
300312654,300463846,32.133171865904586,residential,Dhandeeshwaram Nagar 3rd Cross Street,False
300312748,4172729776,44.29078199146599,residential,Dhandeeshwaram Nagar 7th Main Road,False
300312748,300196199,30.43911083248575,residential,Dhandeeshwaram Nagar 7th Main Road,False
300312748,325209290,154.85986000355814,residential,Selvi Street,False
300312750,325209226,58.1285588725783,residential,Ravi Street,False
300312750,325209290,42.10396687807226,residential,Selvi Street,False
300312750,300312752,53.916969149152855,residential,Ravi Street,False
300312752,300312480,119.48964957876336,residential,Ravi Street,False
300312752,300312631,48.75055291835908,residential,Latha Street;Seethapathy Nagar 1st Cross Street,False
300312752,300312750,53.916969149152855,residential,Ravi Street,False
300312789,11041568830,32.60977128051395,tertiary,Gandhi Road,False
300312789,325209567,93.44785703365167,residential,East Mada Street,False
300312789,11832653249,87.32957557841596,tertiary,Gandhi Road,False
300312835,325207254,91.76795673232782,residential,JagannathaPuram 2nd Street,False
300312835,300313002,61.67995138243268,residential,RajaLaxmi Nagar 1st main Road,False
300312835,3426336740,58.400251834009275,residential,"['JagannathaPuram 1st Main road', 'RajaLaxmi Nagar 1st main Road']",False
300312836,11770224838,93.13502174734774,residential,RajaLaxmi Nagar 1st main Road,False
300312836,325207257,68.7462500778491,primary,Velachery Bypass Road,True
300312864,3426336738,92.32197346333106,residential,JagannathaPuram 2nd Main road,False
300312864,3426336740,139.79770741923113,residential,JagannathaPuram 1st Main road,False
300312864,325207131,70.06156757554378,residential,JagannathaPuram 1st Main road,False
300312948,325207279,40.43923947349268,residential,RajaLaxmi Nagar 2nd main Road,False
300312948,325207171,47.84811654811699,residential,RajaLaxmi Nagar 2nd main Road,False
300312948,300312949,63.83771447582529,residential,RajaLaxmi Nagar 6th Cross Street,False
300312949,300312948,63.83771447582529,residential,RajaLaxmi Nagar 6th Cross Street,False
300312949,4358646185,95.25656371393332,residential,Rajalakshmi Nagar 7th Cross Street,False
300312949,3419458798,55.85548687861633,residential,RajaLaxmi Nagar 6th Cross Street,False
300313002,325207171,109.40515192352558,residential,RajaLaxmi Nagar 5th cross Street,False
300313002,3419458798,49.34843808016786,residential,RajaLaxmi Nagar 1st main Road,False
300313002,300312835,61.67995138243268,residential,RajaLaxmi Nagar 1st main Road,False
300313018,300313019,151.3969579412041,residential,Janakpuri 2nd Street,False
300313019,325206256,55.485629556025465,primary,Velachery Bypass Road,True
300313019,300313018,151.3969579412041,residential,Janakpuri 2nd Street,False
300313031,7266494420,30.710015498104,residential,,False
300313031,277911482,140.80400898959056,residential,Gandhi Street,False
300313031,11056212008,124.44340755706796,residential,Radhamohan Street,False
300313188,4265654359,41.56841449121299,residential,Lakshmipuram Main Road,False
300313356,4265677247,88.57270304950819,residential,Brahmin Street,False
300313356,300313504,74.86331248032644,residential,Pillaiyar Koil Street,False
300313356,4300667146,70.72888409143891,residential,,False
300313503,300313516,27.185075902749553,residential,,False
300313503,2230785698,18.079952552012404,residential,Bajannai Street,False
300313503,300313504,83.808955819382,residential,Pillaiyar Koil Lane,False
300313504,11549375624,17.7384975623189,residential,Pillaiyar Koil Street,False
300313504,300313503,83.808955819382,residential,Pillaiyar Koil Lane,False
300313504,300313356,74.86331248032644,residential,Pillaiyar Koil Street,False
300313515,300195629,39.2215128629319,secondary,Velachery Main Road,False
300313515,4335419614,193.4391221560528,residential,,False
300313515,12244063246,130.49015644343123,secondary,Velachery Main Road,False
300313516,300313503,27.185075902749553,residential,,False
300313516,4335419614,59.35702150207134,residential,,False
300313516,4335419613,72.07488187939647,residential,,False
300313916,2168576086,39.30789371319398,residential,Sarathy Nagar 5th street,False
300313916,11612717440,92.3052980575584,residential,Bala Murugan Nagar 1st Street,False
300313916,338406544,42.22156444279404,residential,Sarathy Nagar 5th street,False
300313917,338223248,99.2353413363323,residential,Street in Tansi Nagar (anna nagar) Velachery,False
300313917,300464562,38.204017986617046,residential,Tansi Nagar 19th Street,False
300313917,2168576088,43.21135752633909,residential,Tansi Nagar 19th Street,False
300313917,11612717440,89.87900385366997,residential,Bala Murugan Nagar 1st Street,False
300376603,11032257976,36.45337294364264,residential,,False
300376603,299877917,29.455402232613924,residential,,False
300376603,300376604,34.89474001450866,residential,,False
300376604,2167027722,45.94933797685531,residential,,False
300376604,300376603,34.89474001450866,residential,,False
300455463,4294274215,16.59657635084668,residential,Sachidanantha Nagar Main Road,False
300455463,1640665331,92.33264751351368,residential,Seshadripuram 1st Main Road,False
300455463,338461377,102.85563596905943,residential,Sheshadri Puram 1st Main Road,False
300455464,338461201,59.713703872263544,residential,Seshadripuram 1st Main Road,False
300455464,338461263,59.52006876928341,residential,Seshadripuram 1st Main Road,False
300455464,338461359,134.2641913880168,residential,"['Park Avenue 2nd Street', 'Park Avenue 1st Cross Street']",False
300455566,300455567,84.44058041511596,residential,Udhayam Nagar Extension,False
300455566,338461288,39.07811297685111,tertiary,Bharani Street,False
300455566,338461555,34.864473830614266,tertiary,Bharani Street,False
300455567,300455566,84.44058041511596,residential,Udhayam Nagar Extension,False
300457896,2274401033,43.55982089729027,residential,Pillaiyar Koil Street,False
300457896,6988819701,63.95221037605052,residential,4th Cross Street,False
300457896,416850068,63.62803902835198,tertiary,Kannagam Road,False
300457896,2274401031,76.07703045041445,tertiary,4th Cross Street,False
300463578,300463580,63.7468762727353,residential,,False
300463580,2167027849,70.21669166315233,residential,Nethaji Colony 6th Cross Street,False
300463580,7806740576,44.477881396426746,residential,Nethaji Colony 6th Cross Street,False
300463580,300463578,63.7468762727353,residential,,False
300463595,299878685,30.237206924544388,residential,,False
300463595,11618453820,15.657221132564198,residential,,False
300463595,2167027852,174.07479692980928,residential,,False
300463598,300463599,48.69015484549019,residential,,False
300463599,299883594,113.78272128038495,residential,5th Main Road,False
300463599,6305444564,40.89179210074144,residential,5th Main Road,False
300463599,300463598,48.69015484549019,residential,,False
300463603,300463604,41.736748680524336,residential,,False
300463604,11794989078,49.33566409762588,residential,4th Main Road,False
300463604,300463611,34.31724883300156,residential,4th Main Road,False
300463604,300463603,41.736748680524336,residential,,False
300463611,300463604,34.31724883300156,residential,4th Main Road,False
300463611,299883595,93.11569643021693,residential,4th Main Road,False
300463611,11770291561,101.59340016205635,residential,,False
300463612,2407565222,40.41259577386935,residential,3rd Street,False
300463612,6305144013,31.11421661025349,residential,Astalakshmi Nagar 2nd Street,False
300463612,338406836,198.44046497076712,residential,"['4th Street', '5th Street', 'Astalakshmi Nagar 2nd Street']",False
300463790,325208966,56.77681879000607,residential,Nattar Street,False
300463790,3431404935,51.971762415943346,residential,Nattar Street,False
300463790,3431404936,166.51589417968844,residential,,False
300463817,325209149,21.79896008983157,residential,Dandeeswaram Main Road,False
300463817,300463827,81.84671643895327,residential,Dandeeswaram Main Road,False
300463817,4335418564,53.35202683890407,residential,Dhandeeshwaram 1st Main Road,False
300463822,300463823,70.5261320917442,residential,,False
300463822,4335418564,26.101323415174193,residential,Dhandeeshwaram 1st Main Road,False
300463822,325209556,24.992776518755015,residential,,False
300463823,300463832,56.852976669961826,residential,Dhandeeshwaram 3rd Main Road,False
300463823,338222919,76.64827365592197,residential,Dhandeeshwaram 3rd Main Road,False
300463823,300463822,70.5261320917442,residential,,False
300463827,4335418563,54.46909541354389,residential,Dhandeeshwaram 1st Main Road Extension,False
300463827,300195629,40.33823916841236,residential,Dandeeswaram Main Road,False
300463827,300463817,81.84671643895327,residential,Dandeeswaram Main Road,False
300463828,4335418563,10.31892652465255,residential,Dhandeeshwaram 1st Main Road Extension,False
300463832,300311630,63.44796491409322,residential,Dhandeeshwaram 3rd Main Road,False
300463832,300463823,56.852976669961826,residential,Dhandeeshwaram 3rd Main Road,False
300463832,325209344,45.9853445913059,residential,,False
300463832,325209556,99.57060903536097,residential,,False
300463846,300312654,32.133171865904586,residential,Dhandeeshwaram Nagar 3rd Cross Street,False
300463846,6445743574,17.91397119453364,residential,Dhandeeshwaram Nagar 3rd Cross Street,False
300463846,300463847,56.362970226352324,residential,,False
300463847,4172729776,58.68736239462383,residential,Dhandeeshwaram Nagar 4th Cross Street,False
300463847,300311633,31.183570109074015,residential,Dhandeeshwaram Nagar 4th Cross Street,False
300463847,300463846,56.362970226352324,residential,,False
300463861,300311629,69.4195007429764,residential,Dhandeeshwaram Nagar 4th Cross Street,False
300463861,4265677248,7.260032844534178,residential,Dhandeeshwaram Nagar 4th Cross Street,False
300463861,2168591059,66.5711731960155,residential,Dhandeeshwaram Nagar 5th Main Road,False
300463862,4278233223,49.5228868890788,residential,Dhandeeswaram Nagar 1st Cross Road,False
300463862,325208583,52.17245606843575,residential,Dhandeeswaram Nagar 1st Cross Road,False
300463862,2168591059,105.99334087871478,residential,Dhandeeshwaram Nagar 5th Main Road,False
300463949,2407565891,68.09698115651503,residential,3rd Main Road,False
300463949,3493019110,86.26952843858615,residential,3rd Main Road,False
300463949,2442518721,67.4128868571857,residential,Pasupathy Lane,False
300463970,300306134,56.64779983431674,residential,7th Street,False
300463970,7806767001,76.16038907835622,residential,,False
300463970,13793703061,457.6475386117908,residential,"['7th Street', 'Lake View Road']",False
300464005,2167027827,37.562082119145,residential,Nethaji Colony 6th Cross Street,False
300464005,2167027849,85.80754070519974,residential,Nethaji Colony 6th Cross Street,False
300464005,11612763921,71.11013500288838,residential,Andal Nagar Extension 2nd Street,False
300464009,300464024,88.51868380928751,residential,,False
300464009,338222927,23.246502961812034,residential,,False
300464009,299881944,13.855115041910663,residential,,False
300464018,300464020,35.922814822534946,residential,,False
300464018,6245904904,46.65638862993189,residential,,False
300464018,11806341579,39.21457599640226,residential,,False
300464019,300464020,22.098753643791053,residential,,False
300464020,300464019,22.098753643791053,residential,,False
300464020,300464018,35.922814822534946,residential,,False
300464020,300184997,140.2683437603079,residential,,False
300464022,300464024,88.77499003635941,residential,,False
300464024,300464009,88.51868380928751,residential,,False
300464024,11591490821,41.478124976944976,residential,,False
300464024,300464022,88.77499003635941,residential,,False
300464027,2167149026,25.963084395571908,residential,,False
300464027,2167149030,8.282488326828924,residential,,False
300464027,12040970369,218.68450702351618,residential,Vaigai Street,False
300464063,338222942,42.632854552882236,residential,,False
300464063,300464073,38.266859982964306,residential,,False
300464063,300464064,98.47678058032659,residential,,False
300464063,11806316594,65.6660547542727,residential,,False
300464064,300464072,30.06433359525033,residential,,False
300464064,300464063,98.47678058032659,residential,,False
300464064,338222942,135.04132488742533,residential,,False
300464072,300464064,30.06433359525033,residential,,False
300464072,299883758,43.311748314924664,residential,,False
300464072,300464073,103.51870104260618,residential,,False
300464073,300464063,38.266859982964306,residential,,False
300464073,338222949,42.298142271775525,residential,,False
300464073,300464072,103.51870104260618,residential,,False
300464073,2167149030,187.53054494649857,residential,Yamuna Street,False
300464088,300464089,126.3420303805022,residential,Golden Avenue Main Road,False
300464089,300464088,126.3420303805022,residential,Golden Avenue Main Road,False
300464089,2167148991,22.719008763365608,residential,,False
300464089,2167148962,36.06077897025133,residential,,False
300464332,2167027612,26.99567387595268,residential,,False
300464332,11626077024,55.22591480663122,residential,,False
300464332,2230781372,116.73268891668715,residential,,False
300464334,299883901,34.149000417322846,residential,,False
300464334,11626077024,48.18871503237504,residential,,False
300464334,2167148947,49.54659127143634,residential,,False
300464378,300464383,37.512886165883444,residential,,False
300464378,11626042857,33.606090906127214,residential,,False
300464378,299883205,85.14040223014209,residential,,False
300464381,299883775,15.598499950190472,residential,,False
300464381,299883765,46.2732933604482,residential,,False
300464381,6451339710,80.14241612045797,residential,,False
300464383,300464378,37.512886165883444,residential,,False
300464383,299883205,51.228955245116126,residential,,False
300464383,11306545560,47.33936346911258,residential,,False
300464383,6451339710,70.04389355673743,residential,,False
300464393,300186101,38.06158459702008,residential,,False
300464393,300185907,8.77398323816181,residential,,False
300464446,300464447,59.79437674594274,residential,,False
300464446,325207996,177.421872368478,residential,Telungu Brahmin Street,False
300464446,2230785698,91.64498985458914,residential,Telungu Brahmin Street,False
300464447,300464446,59.79437674594274,residential,,False
300464447,325208966,166.71774853340798,residential,Brahmin Street,False
300464447,4265677247,91.50272376724038,residential,Brahmin Street,False
300464448,300464466,35.76295812541352,residential,,False
300464449,300464466,30.08254489326259,residential,,False
300464465,300464466,60.35477662157135,residential,,False
300464465,11043646146,185.36524402246596,primary,"['Velachery Bypass Road', '100 Feet Road']",True
300464466,300464465,60.35477662157135,residential,,False
300464466,300464448,35.76295812541352,residential,,False
300464466,300464449,30.08254489326259,residential,,False
300464556,300464879,43.28025117786801,residential,Tansi Nagar 19th Street,False
300464556,300464861,22.008345072789957,residential,Tansi Nagar 14th Street,False
300464556,300464877,104.8524017268502,residential,"['Varatharajapuram', 'Tansi Nagar 14th Street']",False
300464559,300464562,33.79247953770049,residential,Tansi Nagar 19th Street,False
300464559,1641564603,58.74902745924629,residential,Anna Nagar 1st Street,False
300464559,1641563441,48.62292007401749,residential,VGP Selva Nagar Extn 1st Main Road,False
300464559,300464560,174.0572022320262,residential,Balamurugan Nagar 3rd Street,False
300464560,300464559,174.0572022320262,residential,Balamurugan Nagar 3rd Street,False
300464560,1641563439,48.194808857098366,residential,,False
300464560,2168576086,53.312957508505505,residential,Sarathy Nagar 5th street,False
300464562,300464559,33.79247953770049,residential,Tansi Nagar 19th Street,False
300464562,300313917,38.204017986617046,residential,Tansi Nagar 19th Street,False
300464562,2168576086,181.23866775455065,residential,,False
300464568,338223254,68.79405084431356,residential,Venus Colony 1st street,False
300464568,2168576084,30.242447601901738,residential,Anna Nagar 1st Street,False
300464568,1457503275,42.33832990514649,residential,,False
300464568,11465342524,250.5114233980573,residential,"['Venus Colony 1st street', '4th Main Road']",False
300464569,300464570,130.7861602185341,residential,1st Street,False
300464570,338461093,151.46324559218814,residential,Tansi Nagar 20th Street,False
300464570,338223248,45.09651782472065,residential,Anna Nagar 4th Main Road,False
300464570,2168576088,96.31314733924296,residential,1st Street,False
300464570,300464569,130.7861602185341,residential,1st Street,False
300464572,11054635081,22.573977761266832,residential,Anna Nagar 4th Main Road,False
300464572,1641564599,46.16087488448844,residential,,False
300464572,4450560887,24.679991820417673,residential,,False
300464592,300464637,39.03407533383756,residential,Sastri Road,False
300464592,1457503277,12.46433780797194,residential,Sastri Road,False
300464592,300464612,102.74389610901436,residential,BalaKrishnan Nagar,False
300464593,11066208341,11.711856666054784,residential,Sastri Road,False
300464593,300464637,47.49301339375051,residential,Sastri Road,False
300464593,4278284248,63.91899177167217,residential,Pillaiyar Koil Street,False
300464594,300464673,187.9519577172958,residential,Kambar Street,False
300464594,300464756,21.54187262425652,residential,Sastri Road,False
300464594,300464753,15.93636855737941,residential,Sastri Road,False
300464595,300464745,13.918904003727343,residential,Sastri Road,False
300464595,300464740,33.064707764510025,residential,Sastri Road,False
300464595,300464596,148.63661008809336,residential,Thiruvallur Street,False
300464596,300464595,148.63661008809336,residential,Thiruvallur Street,False
300464596,338461089,19.88028659236446,residential,Tansi Nagar 12th Street,False
300464596,2168576100,65.79394322967781,residential,Vallalar Street Tansi Nagar 12 th street,False
300464597,1457503507,12.198316916477705,residential,Church Gate Avenue,False
300464597,1457503505,43.31443959015446,residential,Tansi Nagar 12th Street,False
300464597,4450539392,100.20055348951057,residential,Tansi Nagar 15 th street,False
300464612,1765261170,27.480107859287024,residential,Balakrishna Nagar 1st Main Road,False
300464612,300464592,102.74389610901436,residential,BalaKrishnan Nagar,False
300464612,4278284248,119.86938664064233,residential,"['Pillaiyar Koil Street', 'Balakrishna Nagar 1st Main Road']",False
300464635,11402593822,30.3638957241709,residential,Jeeva Street,False
300464637,11402593822,40.476709244860395,residential,Jeeva Street,False
300464637,300464593,47.49301339375051,residential,Sastri Road,False
300464637,300464592,39.03407533383756,residential,Sastri Road,False
300464668,300464670,181.96397132397735,residential,Mahathma Gandhi Street,False
300464668,300464673,46.00749595006604,residential,Kambar Street Extn,False
300464668,1457503368,43.57133540499015,residential,Kambar Street Extn,False
300464670,300464668,181.96397132397735,residential,Mahathma Gandhi Street,False
300464670,2168576097,16.266350755057573,residential,Sastri Road,False
300464670,300464841,44.9738744005833,residential,Sastri Road,False
300464673,300464594,187.9519577172958,residential,Kambar Street,False
300464673,300464668,46.00749595006604,residential,Kambar Street Extn,False
300464673,4278284250,22.182060144219708,residential,Kambar Street,False
300464686,300464732,41.76780720855879,residential,Sastri Road,False
300464686,1457503510,14.034413102429491,residential,Bharathi Street,False
300464686,1640674290,165.48521633754288,residential,"['Vivekananda Street', 'Gopal Street']",False
300464731,300464732,127.64735381658804,residential,Annai Indira Nagar Sapthagiri Street,False
300464731,338461183,39.635411662936235,residential,Doss Avenue,False
300464731,300464736,40.60185947895855,residential,Doss Avenue,False
300464732,338461054,42.71435696964339,residential,Sastri Road,False
300464732,300464686,41.76780720855879,residential,Sastri Road,False
300464732,300464731,127.64735381658804,residential,Annai Indira Nagar Sapthagiri Street,False
300464736,300464737,129.83134820586542,residential,Karikalan Street,False
300464736,300464731,40.60185947895855,residential,Doss Avenue,False
300464736,300464739,48.214310059492604,residential,Doss Avenue,False
300464737,1640674281,35.01290513538462,residential,Sastri Road,False
300464737,338461054,6.337096299947047,residential,Sastri Road,False
300464737,300464736,129.83134820586542,residential,Karikalan Street,False
300464739,300464736,48.214310059492604,residential,Doss Avenue,False
300464739,338461174,46.42698347955389,residential,Doss Avenue,False
300464739,300464740,129.3509736026412,residential,Vanchinathan Street,False
300464740,1640674281,10.644816825631866,residential,Sastri Road,False
300464740,300464595,33.064707764510025,residential,Sastri Road,False
300464740,300464739,129.3509736026412,residential,Vanchinathan Street,False
300464744,300464745,105.41286737954306,residential,Kumaran Street,False
300464745,300464744,105.41286737954306,residential,Kumaran Street,False
300464745,300464595,13.918904003727343,residential,Sastri Road,False
300464745,300464756,23.85913184568811,residential,Sastri Road,False
300464753,300464594,15.93636855737941,residential,Sastri Road,False
300464753,2168576097,23.584902143744287,residential,Sastri Road,False
300464753,4294274199,99.71154519055165,residential,SivaSakthi Street,False
300464755,300464756,77.21616456705978,residential,Avvai Street,False
300464756,300464755,77.21616456705978,residential,Avvai Street,False
300464756,300464745,23.85913184568811,residential,Sastri Road,False
300464756,300464594,21.54187262425652,residential,Sastri Road,False
300464841,4278284249,63.82258600765364,residential,Kamarajar Street,False
300464841,300464670,44.9738744005833,residential,Sastri Road,False
300464841,11066208349,7.141264699373142,residential,Sastri Road,False
300464860,338461093,42.758018288563676,residential,Tansi Nagar 20th Street,False
300464860,4450536983,11.464632677153004,residential,Tansi Nagar 14th Street,False
300464860,338461081,32.17780918253562,residential,Tansi Nagar 14th Street,False
300464861,338461081,34.15109852324696,residential,Tansi Nagar 14th Street,False
300464861,300464556,22.008345072789957,residential,Tansi Nagar 14th Street,False
300464861,2168576107,54.888548887648284,residential,Tansi Nagar 16th Street,False
300464877,8041810500,41.351981787225995,residential,Varatharajapuram,False
300464877,1457503502,35.72965128645345,residential,Varatharajapuram 2nd Lane,False
300464877,300464556,104.85240172685019,residential,"['Varatharajapuram', 'Tansi Nagar 14th Street']",False
300464878,300464879,66.12570883948801,residential,,False
300464879,1457503500,24.912044845606975,residential,Tansi Nagar 19th Street,False
300464879,300464556,43.28025117786801,residential,Tansi Nagar 19th Street,False
300464879,338461093,91.23037287808775,residential,,False
300464879,300464878,66.12570883948801,residential,,False
300464896,300464903,29.19245786412782,residential,21st Street,False
300464897,300464903,50.72239273249534,residential,21st Street,False
300464897,2168576088,68.84552677410876,residential,Tansi Nagar 19th Street,False
300464897,1457503500,59.70033389887939,residential,Tansi Nagar 19th Street,False
300464902,300464903,76.59652191124495,residential,,False
300464903,300464897,50.72239273249534,residential,21st Street,False
300464903,300464896,29.19245786412782,residential,21st Street,False
300464903,300464902,76.59652191124495,residential,,False
300464907,11612717440,91.85699342949081,residential,,False
300464911,11066180647,123.33243853992109,residential,Tansi Nagar 17th street,False
300464915,338461084,45.03940354466071,residential,Tansi Nagar 9th Street,False
300464915,2168576107,10.906140738082582,residential,Tansi Nagar 16th Street,False
300464915,4452088814,44.615377136681666,residential,Tansi Nagar 16th Street,False
300464917,299883817,71.42975161052638,residential,Sri Devi Karumari Amman Nagar 3rd Street,False
300464924,299883862,57.48436951700796,residential,Ram Nagar Main Road,False
300464924,299883901,138.3975164739561,residential,Vijayanagar 2nd Main Road,False
300464924,299883945,76.95903039064534,residential,Vijayanagar 2nd Main Road,False
300464924,299883817,47.714910858167784,residential,Sri Devi Karumari Amman Nagar Avenue,False
300469152,1197468366,100.81210773521981,residential,,False
300469152,299382591,75.79007802939448,tertiary,Brindavan Nagar Main Road,False
300469152,6304943208,168.39434023111528,residential,Mohanapuri 2nd Street,False
300469152,299382813,53.190771485128366,tertiary,Brindavan Nagar Main Road,False
301299607,334176833,28.58888784714057,residential,1st Seaward Road,False
301299607,2168628473,60.43035540244933,residential,,False
301299607,2168628456,242.48498834141822,residential,,False
301299617,333732540,62.63522255259814,residential,Thiruvanmiyur Kuppam Beach Road,False
301299617,334640500,16.738369396445233,residential,Thiruvanmiyur Kuppam Beach Road,False
301299617,11757813355,52.88508762405769,residential,Jayaram Street,False
301299618,2168628480,29.970506435452936,residential,Thiruvanmiyur Kuppam Beach Road,False
301299618,11306885661,95.7433122776018,residential,,False
301299618,11306885660,31.88067224851482,residential,Thiruvanmiyur Kuppam Beach Road,False
301299619,319500511,73.88037157120364,residential,Thiruvanmiyur Kuppam Beach Road,False
301299619,11306885660,20.243147994730744,residential,Thiruvanmiyur Kuppam Beach Road,False
301299619,334270741,54.346410511363665,residential,,False
301299640,333734658,93.29046620405674,residential,Thiruvanmiyur Kuppam Beach Road,False
301299640,319500519,7.459582340454171,residential,Thiruvanmiyur Kuppam Beach Road,False
301299640,301299641,215.81709644571606,residential,Balakrishnan Road,False
301299641,279610134,215.86742994315182,residential,1st Seaward Road,False
301299641,334270752,82.3336860063095,residential,1st Seaward Road,False
301299641,12368148117,41.423835961998236,residential,Balakrishnan Road,False
301299641,301299640,215.81709644571606,residential,Balakrishnan Road,False
301299648,333737981,29.49721522850591,residential,15th Street,False
301299648,333738124,51.60836085129204,residential,4th Main Road,False
301299648,333738008,33.76923242019139,residential,4th Main Road,False
301299657,333734678,71.84591179427086,tertiary,Tiruvalluvar Nagar 2nd Avenue,False
301299657,333732513,78.29648668658959,tertiary,Tiruvalluvar Nagar 2nd Avenue,False
301299657,333734688,214.75029226920415,residential,3rd Seaward Road,False
301299658,279610134,19.90844760432448,tertiary,Tiruvalluvar Nagar 2nd Avenue,False
301299658,11045780375,88.74942947146181,tertiary,South Mada Street,False
301299658,319500581,199.5072191371053,residential,East Mada Street,False
301299659,310535938,10.054263414366602,tertiary,South Mada Street,False
301299659,333732433,48.928179862996544,primary,East Coast Road,True
301299672,313138839,26.40255861280173,residential,,False
301299672,333738136,109.93650173326584,residential,Tiruvalluvar Nagar 1st Avenue,False
301299672,313138978,22.829700315230575,residential,3rd Avenue,False
301299673,333719112,7.690220786319994,residential,Tiruvalluvar Nagar 1st Avenue,False
301299673,13350962794,19.587807479145347,primary,East Coast Road,True
301299682,333738128,70.2198134705215,tertiary,Tiruvalluvar Nagar 2nd Avenue,False
301299682,333744540,20.477556484588103,tertiary,Tiruvalluvar Nagar 2nd Avenue,False
301299682,313138837,443.4147500127555,residential,New Beach Road,False
301299695,313139410,21.115102679716134,residential,Journalist Colony,False
301299695,333604599,63.70110185643526,residential,"['Journalist Colony', '2nd Street']",False
301299702,9179560423,44.77051104514172,residential,2nd Street,False
301299702,333744572,41.91550160714969,residential,2nd Street,False
301299702,333604497,119.040888203668,residential,Srinivasa Nagar Main Road,False
301299702,313138687,49.21797862525676,residential,Srinivasa Nagar Main Road,False
301299703,333719107,9.765478066926786,residential,Srinivasa Nagar Main Road,False
301299703,334190081,179.88713643150373,primary,East Coast Road,True
301299740,279610140,35.114654076714245,residential,Journalist Colony,False
301299740,2168737133,94.41519403329374,residential,Journalist Colony,False
301299919,1954341218,244.96514684162565,primary,Taluk Office Road,True
301299919,301299929,88.21160425777055,residential,,False
301299929,7025018515,72.53064024013622,residential,,False
301299929,365987958,46.39430568915811,residential,,False
301299929,301299919,88.21160425777055,residential,,False
301299956,301299966,53.41206243906614,residential,,False
301299956,2168628946,69.67442700108359,secondary,Velachery Road,True
301299964,2168628919,37.44453913485008,residential,,False
301299964,301299965,142.66361700171242,residential,,False
301299964,5528559500,52.92531752142222,residential,,False
301299965,301299964,142.66361700171242,residential,,False
301299965,6869017084,36.49461947123817,residential,,False
301299965,301299966,84.96675825755959,residential,,False
301299966,2168628919,18.837075130564166,residential,,False
301299966,301299965,84.96675825755959,residential,,False
301299966,301299956,53.41206243906614,residential,,False
301300005,301300008,170.29535705945355,residential,,False
301300008,1722523595,81.98063968506041,primary,Anna Salai (Mount Road),True
301300008,301300005,170.29535705945352,residential,,False
301300024,301300027,36.92677425115907,living_street,,False
301300024,11428741961,20.440892586311012,residential,,False
301300024,301300026,155.77776639806078,residential,,False
301300026,256029776,25.144024942899055,residential,Hospital Road,False
301300026,256029764,12.495390154487053,residential,Hospital Road,False
301300026,301300024,155.77776639806078,residential,,False
301300027,2237675526,36.62660034502982,living_street,,False
301300027,301300024,36.92677425115907,living_street,,False
301300027,2237675544,23.444795991501376,living_street,,False
301300044,301300045,165.7377250509881,residential,,False
301300045,301300044,165.7377250509881,residential,,False
301300045,256029776,27.64255016523201,residential,Hospital Road,False
301300045,1412280354,76.7462832111191,residential,Hospital Road,False
301300685,1411621803,111.79015789299416,primary,Anna Salai (Mount Road),True
303453608,338471944,32.16443360863764,residential,Arangannal Street,False
303453608,330653546,55.95139970627654,residential,Arangannal Street,False
303453608,330653556,13.673444348251094,tertiary,Thiruvallur Street,False
303453608,330653560,22.996944733588727,tertiary,Thiruvallur Street,False
303453609,338466127,19.45388068633039,residential,Arangannal Street,False
303453609,330653735,27.776369624060273,residential,Gandhi Street,False
303453609,338461711,74.07251887407674,tertiary,Eri Karai Street,False
303453609,338466130,85.77986806738357,tertiary,Eri Karai Street,False
303453635,338466605,116.94261950799672,residential,Kamarajar Street,False
303453635,338466631,18.669656834597458,residential,Rajaji Street,False
303453635,11757025934,6.718928019499048,residential,Rajaji Street,False
303453636,338466595,35.521420310945636,residential,Rajaji Street,False
303453636,330653704,36.2489224922445,tertiary,Peeliamman Koil Street,False
303453636,303453693,104.43305009093366,tertiary,Peeliamman Koil Street,False
303453640,11757025942,24.396841569397978,residential,Rajaji Street,False
303453640,11757025939,28.74429933391949,residential,TK Kapali Street,False
303453640,12334925207,80.54314617319969,residential,TK Kapali Street,False
303453653,338470448,21.902718113495833,residential,,False
303453653,338470466,4.943538389715122,residential,,False
303453653,338470454,129.46696904838387,residential,Bharthiyar Street,False
303453656,303453673,55.833994057412845,residential,Peeliamman Koil Street,False
303453656,303453672,45.619084191287065,residential,Peeliamman Koil Street,False
303453656,338466584,134.98500589508137,residential,,False
303453672,303453656,45.619084191287065,residential,Peeliamman Koil Street,False
303453673,303453656,55.833994057412845,residential,Peeliamman Koil Street,False
303453673,330653540,214.32358084120395,tertiary,Pillaiyar Koil Street,False
303453673,303453693,60.48393199559217,tertiary,Peeliamman Koil Street,False
303453673,416852573,136.81829230093533,tertiary,Peeliamman Koil Street,False
303453681,338466127,80.2188294609194,residential,MGR Street,False
303453681,330653742,32.48959892122126,residential,Ma. Po. C. Street,False
303453681,338466130,15.159846091748804,residential,Ma. Po. C. Street,False
303453682,330653645,26.892378563369697,tertiary,Thiruvallur Street,False
303453682,330653654,38.565385151522314,residential,Ma. Po. C. Street,False
303453682,330653742,37.923662762499575,residential,Ma. Po. C. Street,False
303453682,330653587,14.103225343299371,tertiary,Thiruvallur Street,False
303453689,330653708,38.38949386696256,residential,,False
303453692,330653698,49.553636268744214,residential,,False
303453692,303453693,73.55123191401614,residential,Bharathiyar Street,False
303453692,330653679,132.88026146154158,residential,Bharathiyar Street,False
303453693,303453692,73.55123191401614,residential,Bharathiyar Street,False
303453693,303453636,104.43305009093366,tertiary,Peeliamman Koil Street,False
303453693,303453673,60.48393199559217,tertiary,Peeliamman Koil Street,False
303453706,338466467,39.04234583583735,residential,,False
303453706,338466548,31.623292021032277,residential,,False
303453706,338466474,46.02015355662692,residential,Thiruvalluvar Street,False
303453706,303453736,136.93764274126812,residential,Thiruvalluvar Street,False
303453707,338466510,37.25754840559677,residential,,False
303453707,11054217087,5.558148245559172,residential,Cholamannan Street,False
303453707,338466495,60.980231157688095,residential,Cholamannan Street,False
303453709,338466490,17.518804613883205,residential,Cholamannan Street,False
303453710,11757025967,111.2910180026205,residential,Cholamannan Street,False
303453710,303453812,60.69648409738052,primary,Taramani Link Road,True
303453735,11757025968,6.572332231977225,residential,Thiruvalluvar Street,False
303453736,303453790,29.35612753111636,primary,Taramani Link Road,True
303453736,303453706,136.93764274126812,residential,Thiruvalluvar Street,False
303453739,338466370,46.51828664420878,residential,Karunanidhi Main Street,False
303453739,338466381,46.90706965959996,residential,,False
303453739,11613035212,49.283590682256616,residential,,False
303453739,6446055847,37.080973154305646,residential,Karunanidhi Main Street,False
303453740,338466356,49.33890677048643,residential,Karunanidhi Main Street,False
303453740,338466343,11.703460777911959,residential,Karunanathi 1st Street,False
303453740,6595530678,167.5634750290432,residential,Karunaidhi 2nd Street,False
303453754,338466558,86.4305169393853,residential,Raniyammal Street,False
303453770,338466553,98.27375356114443,residential,Anjugammal Street,False
303453771,338466553,129.13320122467985,residential,Anjugammal Street,False
303453771,251296646,30.877810150829262,primary,Taramani Link Road,True
303453788,338466548,75.36789600778452,residential,Bharathiyar Street,False
303453790,303453771,29.734150270543722,primary,Taramani Link Road,True
303453790,338466548,133.1834974442581,residential,Bharathiyar Street,False
303453797,6446055847,60.73835114078227,residential,Peliyamman Kovli Street,False
303453799,338466402,23.69924935293113,residential,Ramasamy Street,False
303453799,11644227034,86.4677771885935,primary,Taramani Link Road,True
303453811,338466510,30.928756185282808,residential,,False
303453811,338466530,19.24697139475205,residential,,False
303453811,338466434,48.6357398910794,residential,Pattukottai Alagiri Street,False
303453812,338466272,26.962545394324405,primary,Taramani Link Road,True
303453812,338466434,97.66698599735093,residential,Pattukottai Alagiri Street,False
303453815,338466272,93.32597698019737,residential,Emmanuel Steret,False
303453815,11054226848,13.392032211209841,living_street,,False
303453815,338470515,21.213329489400827,living_street,,False
303453818,338466490,57.94858718638155,residential,Sozhamannan Street,False
303453818,11054217088,96.86247924011874,secondary,Dr MGR Main Road,True
303511137,269768027,86.82330910802374,residential,,False
303511137,4410824052,165.91519684445169,primary,Anna Salai (Mount Road),True
303511149,303511150,306.69092108314817,primary,Anna Salai (Mount Road),True
303511149,7172006387,864.9592762369389,residential,Vetenaz Hospital Road,False
303511150,303511137,22.48340769712241,primary,Anna Salai (Mount Road),True
303511150,269768005,21.83241135001994,secondary,CIT Nagar 3rd Main Road,False
303511274,6245793329,63.15284350931658,primary,Anna Salai (Mount Road),True
303511274,11052194867,86.71990014423017,residential,Charles Todhunter Road,False
304283815,2237675823,31.55477191327315,residential,2nd Border Street,False
304283815,2237675831,29.090234853168734,residential,2nd Border Street,False
304283815,304283883,132.26841002314063,residential,Sasthri 2nd Street,False
304283883,304283815,132.26841002314063,residential,Sasthri 2nd Street,False
304283883,2237675821,32.30160390823479,residential,Shastri Street,False
304283883,2239155983,29.01843819094796,residential,,False
304283883,2237675827,28.292547562679083,residential,Shastri Street,False
308198209,269767231,35.48541247775513,primary_link,,False
308198209,256035491,399.70276734804827,primary,"['Maraimalai Adigal Bridge', 'Anna Salai (Mount Road)']",True
308313473,13966900353,106.95985793044154,primary,Inner Ring Road,True
308313485,13966900343,8.593818110730721,primary,Inner Ring Road,True
308313485,247714167,352.1077375670604,secondary,"['SIDCO Industrial Estate South Phase Road', 'Water Works Road']",True
308313653,5458075965,369.7150306696997,primary_link,,True
308313653,256039892,496.69138492291967,primary,Kathipara Interchange Flyover,True
308313664,369632083,175.2314614693376,residential,CIPET Hostel Road,False
308313664,308313485,243.49206609377296,primary,Inner Ring Road,True
308313676,368385370,116.67945285336913,residential,Reddy 2nd Street,False
308313676,278990888,22.486974063204695,tertiary,Reddy 2nd Street,False
308313676,308313664,220.68498986396992,primary,Inner Ring Road,True
308313811,5360153610,176.58046883734332,residential,Parthasarathy Koil Street,False
308313811,364637117,350.16363085446056,primary,Inner Ring Road,True
308313819,364873690,44.17395104654122,primary,Inner Ring Road,True
308313819,5269116891,55.18653453899301,residential,Parthasarathy Kovil 2nd Street,False
308313837,364550448,10.940111895787867,tertiary,,False
308313837,364873501,152.9378174193805,primary,Inner Ring Road,True
309812111,11925287670,47.86993246433937,tertiary,Chakrapani Street,True
309812112,309812111,24.462415826059825,tertiary,Chakrapani Street,True
309812134,339291577,66.21998720136214,tertiary,Link Road,True
309812134,330413846,101.51818447303432,residential,,False
309812154,339291597,15.114983285385712,tertiary,Link Road,True
310100036,310102966,59.26518253169052,residential,Sriram Nagar Main Road,False
310102871,13956904346,12.701324257909773,primary_link,,False
310102871,11941450279,159.0012470617077,primary,Rajiv Gandhi IT Expressway,True
310102882,12625583473,10.544462252930792,primary,Old Mahapalipuram Road,True
310102882,30268467,11.825038217777449,primary,West Avenue Road,True
310102919,2172995834,96.00376384507061,residential,Pallipattu Main Road,False
310102919,416849871,465.3705670299863,residential,Kalikunram Main Road,False
310102919,11465900505,478.19976479677,residential,Dr Bhavin Patel Road,False
310102929,11806949018,20.16832669483909,residential,Pallipattu Main Road,False
310102929,2172995834,74.96095370418347,residential,Pallipattu Main Road,False
310102929,2172995850,142.9885044621999,residential,Mayor Ramanathan Road,False
310102966,310100036,59.26518253169052,residential,Sriram Nagar Main Road,False
310102966,2172995868,79.63774607887025,residential,Sriram Nagar Main Road,False
310102966,11052083607,92.36895177032268,residential,Pallipattu Main Road,False
310501561,243051718,55.61979306382452,primary,Durgabai Deshmukh Road,True
310501561,246825423,50.39123837525973,tertiary,,True
310501715,12405111321,108.26100298362255,primary,Durgabai Deshmukh Road,True
310501715,243064541,37.033225365113324,primary,DGS Dhinakaran Road,True
310503287,310503318,9.611412115358151,primary,Brodie Castle Road,False
310503287,12067412557,495.34327445849715,primary,DGS Dhinakaran Road,True
310503287,246825949,19.70774489617867,primary,Broadie's Castle Road,True
310503318,310503287,9.611412115358151,primary,Brodie Castle Road,False
310503318,246825949,17.512771738625155,primary,DGS Dhinakaran Road,True
310504041,11840419788,91.59135652806044,primary,Santhome High Road,True
310504041,264040311,9.629230221126175,tertiary,,True
310504050,264030929,13.535613087951988,tertiary,Foreshore Estate Link,False
310504062,332095305,104.7818028849919,residential,Rohini Gardens,False
310504062,6790452768,106.71605571665528,primary,Santhome High Road,True
310504063,2188756965,16.63342459280512,primary,Santhome High Road,True
310504063,7048509550,8.911231481568027,tertiary,,False
310504063,264040349,167.3587098639219,tertiary,Karpagam Avenue,False
310504165,2188756773,7.467630548990524,residential,,False
310504165,264040315,98.32943731891142,tertiary,Thandavarayan Street,True
310504165,310504166,129.1798568447737,residential,,False
310504166,310504165,129.1798568447737,residential,,False
310535739,6773718422,134.1053189329707,secondary,Dr Muthulakshmi Salai,True
310535739,313775214,52.10639109389066,residential,Parameswari Nagar 2nd Street,False
310535740,257430019,9.01770001255232,tertiary,Shastri Nagar 1st Avenue,False
310535740,6773718417,35.210997881908185,secondary,Dr Muthulakshmi Salai,True
310535740,6773718418,33.69958608337987,tertiary,Shastri Nagar 1st Avenue,False
310535741,257432750,10.015689204427257,tertiary,Indira Nagar 1st Avenue,False
310535741,313783509,21.247513482783855,secondary,Dr Muthulakshmi Salai,True
310535742,10310854926,7.931473648652354,secondary,Dr. Muthulakshmi Road,True
310535742,257430051,76.4857003188485,secondary,Mahatma Gandhi Road,True
310535820,319494439,147.85480407337042,residential,Kalakshetra Road,False
310535820,9819235511,296.85309569583376,secondary,Dr. Muthulakshmi Road,True
310535823,319493827,41.03316458291116,residential,Kalakshetra Road,False
310535823,310535824,74.19334384046778,residential,Valmiki Street,False
310535823,319493828,47.302956792818364,residential,Kalakshetra Avenue 1st Street,False
310535823,319494419,40.39994802097246,residential,Kalakshetra Road,False
310535824,319494422,23.40215834182791,residential,Valmiki Street,False
310535824,310535823,74.19334384046778,residential,Valmiki Street,False
310535824,334267076,29.868926982441966,residential,,False
310535825,334267254,19.445181626631502,residential,Valmiki Street,False
310535825,310535914,91.81493761679575,primary,East Coast Road,True
310535870,1676204899,23.885434185128673,primary,West Avenue Road,True
310535870,310102882,12.22161609501186,primary,Old Mahapalipuram Road,True
310535900,319489388,355.13109914812145,residential,20th Cross Street,False
310535900,319490084,115.31766505915532,primary,West Avenue Road,True
310535907,319494436,215.8244614904154,residential,"['3rd East Street', '4th East Street']",False
310535907,310535825,57.24413723616816,primary,Thiruvalluvar Road,True
310535914,2274368828,55.674275806875244,residential,North Mada Street,False
310535914,319500580,208.68445577305434,primary,East Coast Road,True
310535938,301299659,10.054263414366602,tertiary,South Mada Street,False
310535938,11756811344,106.97709705948816,tertiary,South Mada Street,False
310535938,333719120,260.57206215636506,primary,East Coast Road,True
310535939,257439272,40.075792001930516,primary,South Avenue,True
310535939,11757871818,45.88833487174671,secondary,South Avenue,False
310535940,310535939,190.89703626168227,primary,22nd Street,True
310535941,6804537854,57.07696594589017,secondary,4th Main Road,False
310535941,6804537851,99.7317272638958,secondary,4th Main Road,False
310535941,333732373,47.847862224066375,residential,6th Street,False
310535942,11045842034,56.886340832112246,residential,,True
310535955,12768599308,106.88000003573978,primary,West Avenue Road,True
310535955,310535962,57.93041744787175,residential,,False
310535958,310535962,50.02180748846083,residential,,False
310535962,13629150675,37.87245518422089,residential,2nd West street,False
310535962,310535958,50.02180748846083,residential,,False
310535962,310535955,57.93041744787175,residential,,False
310535964,333727768,54.29193634350676,residential,5th East Street,False
310535964,8140811080,149.2119293410288,primary,Thiruvalluvar Salai,True
310535965,310535942,75.56926326432212,residential,3rd Main Road,True
310535965,333727753,57.244159107721174,residential,5th East Street,False
310535966,334267100,69.09303202133306,residential,Radhakrishnan Nagar Main Road,False
310535966,257432754,18.428619807465157,residential,Kalakshetra Road,False
310535966,319494439,69.98519456523678,residential,Kalakshetra Road,False
310535967,5280203475,65.52787094279759,residential,Sivagamipuram 1st Street,False
310535967,11772697237,38.92622906919156,residential,,False
310535967,310535968,32.6996237463253,residential,,False
310535967,319493760,174.15328977015452,residential,Radhakrishnan Nagar Main Road,False
310535968,313786552,83.2473003469802,residential,3rd Street,False
310535968,310535967,32.6996237463253,residential,,False
310535968,319493752,45.3649216968221,residential,Marundeeswar Nagar Main Road,False
310535969,313786552,105.39093014908768,residential,3rd Street,False
310535969,313786563,36.36297833304324,secondary,Mahatma Gandhi Road,False
310535969,257430050,79.03602874515688,secondary,Mahatma Gandhi Road,False
310535971,11772697255,35.36760148097542,living_street,,False
310535971,11772697253,82.2845064444859,living_street,Marundeeswar Nagar Main Road,False
310535971,11772697259,40.958778377872875,living_street,Marundeeswar Nagar Main Road,False
310535972,11772697253,52.80595807616902,living_street,Marundeeswar Nagar Main Road,False
310535972,10610397496,59.75262996169549,secondary,Dr. Muthulakshmi Road,True
310580314,313775247,43.63506696844752,residential,Karpagam Garden 1st Main Road,False
310580314,313775244,100.94210303365055,secondary,Besant Avenue Road,False
310580314,313775250,185.57313545688572,secondary,Besant Avenue Road,False
310580344,335535140,50.60638564311095,residential,Padmanabha Nagar 5th Street,False
310580344,313775250,77.10390380901673,secondary,Besant Avenue Road,False
310580344,249497710,102.03207732979223,secondary,Besant Avenue Road,False
310580355,313775119,72.2132752228044,residential,4th Street,False
310580355,2270657236,46.36019673536914,residential,Padmanabha Nagar 5th Street,False
310580355,313775288,33.36795734282179,residential,Padmanabha Nagar 5th Street,False
310580355,2172869874,246.5449271418996,residential,,False
310580366,2172869874,35.08904527772663,residential,Jeevarathinam Nagar 2nd Street,False
310580366,257432727,54.72541054307135,residential,Jeevarathinam Nagar 2nd Street,False
310580366,2270657222,36.07681380911384,residential,Padmanabha Nagar 5th Street,False
310580380,2172869874,95.86103189571682,residential,Jeevarathinam Nagar 2nd Street,False
310580380,257433297,62.62370890883056,residential,,False
310580380,257433290,60.9977476025121,residential,1st Street,False
312024634,312024661,231.84309665254995,residential,Krishnamachari Avenue,False
312024634,12686795213,44.46395216678131,secondary,Dr Muthulakshmi Salai,True
312024661,312024634,231.84309665254995,residential,Krishnamachari Avenue,False
312024663,312024634,68.32551927486793,secondary,Dr Muthulakshmi Salai,True
312024663,312024758,227.34429201057483,residential,Srinivasamurthy Avenue,False
312024758,312024663,227.34429201057483,residential,Srinivasamurthy Avenue,False
312024765,312024958,64.25641984869576,residential,Kasturibai Nagar 1st Cross Street,False
312024765,312024804,146.679584121628,residential,2nd Street,False
312024765,312024810,61.63294656898184,residential,Kasturibai Nagar 1st Cross Street,False
312024765,312024790,140.04942526252427,residential,Anna Avenue,False
312024790,312024765,140.04942526252427,residential,Anna Avenue,False
312024792,312024966,56.96530677903143,tertiary,Kasturibai Nagar 3rd Cross Street,False
312024792,257430060,66.55871821565532,tertiary,Kasturibai Nagar 3rd Cross Street,False
312024792,312024804,166.692556882908,residential,2nd Street,False
312024804,312024971,61.981758877846644,residential,Kasturibai Nagar 2nd Cross Street,False
312024804,257432742,68.2578214229037,residential,Kasturibai Nagar 2nd Cross Street,False
312024804,312024765,146.679584121628,residential,2nd Street,False
312024804,312024792,166.692556882908,residential,2nd Street,False
312024810,257432729,48.27145038325135,residential,Kasturibai Nagar 1st Cross Street,False
312024810,257432742,155.20344568651004,residential,1st Street,False
312024810,312024765,61.63294656898184,residential,Kasturibai Nagar 1st Cross Street,False
312024915,9179599572,38.917159735332554,residential,Kasturibai Nagar 2nd Cross Street,False
312024915,11066130865,10.558933595125099,residential,Kasturibai Nagar 2nd Cross Street,False
312024915,257430053,152.88379766816598,residential,3rd Main Road,False
312024925,312024938,31.357761547238923,residential,Kasturibai Nagar 2nd Cross Street,False
312024925,312024930,182.58431313384878,residential,2nd Main Road,False
312024925,257432741,93.7389946269164,residential,Kasturibai Nagar 2nd Cross Street,False
312024930,11400037325,27.643711399473055,residential,Kasturibai Nagar 1st Cross Street,False
312024930,312024925,182.58431313384878,residential,2nd Main Road,False
312024930,11066130869,49.68157369574678,residential,Kasturibai Nagar 1st Cross Street,False
312024938,11066130865,22.472786525635534,residential,Kasturibai Nagar 2nd Cross Street,False
312024938,312024925,31.357761547238923,residential,Kasturibai Nagar 2nd Cross Street,False
312024938,312024954,30.23215186001294,residential,,False
312024952,312031412,62.6151163530657,primary,Sardar Patel Road,True
312024952,312024954,176.17497644285947,residential,Govindarajapuram 2nd Street,False
312024954,312024938,30.23215186001294,residential,,False
312024954,249497655,127.9409090781234,residential,Govindarajapuram 1st Street,False
312024954,312024952,176.17497644285947,residential,Govindarajapuram 2nd Street,False
312024958,312024765,64.25641984869576,residential,Kasturibai Nagar 1st Cross Street,False
312024958,257432730,60.13979111415333,residential,Kasturibai Nagar 1st Cross Street,False
312024958,312024971,137.38912639835698,residential,3rd Street,False
312024966,257430061,61.3561491040225,tertiary,Kasturibai Nagar 3rd Cross Street,False
312024966,312024792,56.96530677903143,tertiary,Kasturibai Nagar 3rd Cross Street,False
312024966,312024971,166.14678951052804,residential,3rd Street,False
312024966,312031489,46.48194214532882,residential,3rd Street,False
312024971,257432740,57.74101382389831,residential,Kasturibai Nagar 2nd Cross Street,False
312024971,312024804,61.981758877846644,residential,Kasturibai Nagar 2nd Cross Street,False
312024971,312024966,166.14678951052804,residential,3rd Street,False
312024971,312024958,137.38912639835698,residential,3rd Street,False
312025026,312025131,105.23134512517879,residential,Venkatarathnam Nagar Road,False
312025026,257430019,116.35116080905439,secondary,Dr Muthulakshmi Salai,True
312025027,312025051,59.668053121091255,residential,Kasturibai Nagar 2nd Cross Street,False
312025027,312025031,164.35050723089637,residential,Venkatarathnam Nagar Road,False
312025027,312025131,200.03804944370074,residential,Venkatarathnam Nagar Road,False
312025031,313774864,26.400666633884068,tertiary,Kasturibai Nagar 3rd Cross Street,False
312025031,313774859,12.292257620532718,tertiary,Kasturibai Nagar 3rd Cross Street,False
312025031,312025027,164.35050723089637,residential,Venkatarathnam Nagar Road,False
312025034,312025053,49.00435211812697,residential,Teachers Colony,False
312025037,312025051,198.0995390395084,residential,Teachers Colony,False
312025051,312025027,59.668053121091255,residential,Kasturibai Nagar 2nd Cross Street,False
312025051,257430108,52.95652992352263,residential,Kasturibai Nagar 2nd Cross Street,False
312025051,312025037,198.0995390395084,residential,Teachers Colony,False
312025051,312025053,162.30051670076986,residential,Teachers Colony,False
312025053,313774859,46.711406757671156,tertiary,Kasturibai Nagar 3rd Cross Street,False
312025053,257430063,54.59778180789491,tertiary,Kasturibai Nagar 3rd Cross Street,False
312025053,312025051,162.30051670076986,residential,Teachers Colony,False
312025053,312025034,49.00435211812697,residential,Teachers Colony,False
312025126,257432743,31.075563856912176,residential,Kasturibai Nagar 2nd Cross Street,False
312025126,257432740,47.052983071723915,residential,Kasturibai Nagar 2nd Cross Street,False
312025126,335503132,63.23441982662981,residential,5th Street,False
312025128,257432730,50.04896464650822,residential,Kasturibai Nagar 1st Cross Street,False
312025128,335503132,60.286414107518674,residential,5th Street,False
312025128,312025130,118.70850952863373,residential,5th Street,False
312025130,312025128,118.70850952863373,residential,5th Street,False
312025131,312025026,105.23134512517879,residential,Venkatarathnam Nagar Road,False
312025131,291192861,76.97880187701146,residential,Indira Nagar 1st Main Road,False
312025131,11050844580,38.94338572231181,residential,,False
312025131,312025027,200.03804944370077,residential,Venkatarathnam Nagar Road,False
312025154,313774900,61.104137501507985,tertiary,Indira Nagar 3rd Avenue,False
312025154,313785362,62.60529303861402,tertiary,Indira Nagar 3rd Avenue,False
312025154,312025158,61.22579075148899,residential,Indira Nagar 1st Main Road,False
312025154,257430016,244.60659371744327,residential,"['12th Cross Street', 'Indira Nagar 13th Cross Street']",False
312025158,312025307,89.35916882816642,residential,5th Cross Street,False
312025158,2172995830,100.94920538038086,residential,Indira Nagar 1st Main Road,False
312025158,312025154,61.22579075148899,residential,Indira Nagar 1st Main Road,False
312025161,312025318,44.215247562607466,residential,5th Cross Street,False
312025161,312025287,38.92945333831971,residential,4th Cross Street,False
312025161,291192686,62.03327215806798,residential,Indira Nagar 2nd Main Road,False
312025161,2172995833,80.79360637389978,residential,Indira Nagar 2nd Main Road,False
312025190,312025290,38.64765935774692,residential,4th Cross Street,False
312025190,335522217,14.344427675351573,residential,Indira Nagar 2nd Main Road,False
312025190,291192573,63.91986607637418,residential,Indira Nagar 2nd Main Road,False
312025196,312025199,65.37511527107668,living_street,7th Lane,False
312025196,312025286,93.83134750594897,residential,4th Cross Street,False
312025196,312025200,78.41436570891952,residential,4th Cross Street,False
312025199,312025196,65.37511527107668,living_street,7th Lane,False
312025199,257432748,60.17125008269315,tertiary,Indira Nagar 1st Avenue,False
312025199,257430065,53.437447821917026,tertiary,Indira Nagar 1st Avenue,False
312025200,312025287,37.533324019620814,residential,4th Cross Street,False
312025200,312025286,146.3441131798858,residential,6th Lane,False
312025200,312025196,78.41436570891952,residential,4th Cross Street,False
312025286,312025290,39.08869636570864,residential,4th Cross Street,False
312025286,312025200,146.3441131798858,residential,6th Lane,False
312025286,312025196,93.83134750594895,residential,4th Cross Street,False
312025287,312025200,37.533324019620814,residential,4th Cross Street,False
312025287,312025161,38.92945333831971,residential,4th Cross Street,False
312025287,312025290,198.58791947111865,residential,5th Lane,False
312025290,312025190,38.64765935774692,residential,4th Cross Street,False
312025290,312025286,39.08869636570864,residential,4th Cross Street,False
312025290,312025287,198.5879194711186,residential,5th Lane,False
312025305,291193235,22.62010374905923,residential,Indira Nagar 1st Main Road,False
312025305,2172995830,86.01152113929874,residential,Indira Nagar 1st Main Road,False
312025305,335515605,59.28440418208794,residential,LB Road 1st Street,False
312025307,312025318,38.45198984442718,residential,5th Cross Street,False
312025307,312025158,89.35916882816642,residential,5th Cross Street,False
312025307,2172995831,82.21903073359286,residential,,False
312025310,312025318,81.73428504352697,residential,,False
312025310,2172995833,44.12426861796107,residential,3rd Cross Street,False
312025310,2172995831,38.52547645662105,residential,3rd Cross Street,False
312025318,312025161,44.215247562607466,residential,5th Cross Street,False
312025318,312025307,38.45198984442718,residential,5th Cross Street,False
312025318,312025310,81.73428504352697,residential,,False
312025389,7050859133,18.985711518974583,residential,,False
312025389,291193234,64.45883655046576,residential,Indira Nagar 1st Main Road,False
312025389,291192859,62.33147511133751,residential,Indira Nagar 1st Main Road,False
312031412,12484349560,10.611287179625323,tertiary,Kasturibai Nagar 3rd Cross Street,False
312031412,243051703,10.848982211382484,tertiary,Kasturibai Nagar 3rd Cross Street,False
312031412,12107403268,352.6732825622374,primary,Sardar Patel Road,True
312031437,257430052,351.8903768961465,residential,,False
312031437,257430009,83.2628793977349,residential,Arangannai Salai,False
312031437,12107403267,87.51495396854898,residential,Arangannai Salai,False
312031440,3673222594,24.640418498095162,residential,4th Main Road,False
312031440,257430010,200.78747222434424,residential,4th Main Road,False
312031440,11043379040,30.833431569450568,residential,,False
312031446,257430011,49.13388868786249,residential,Arangannai Salai,False
312031446,12218183336,186.80449979738384,residential,6th Main Road,False
312031446,335480446,106.46151794011205,residential,Arangannai Salai,False
312031461,312031463,49.84098253496968,residential,5th main road,False
312031461,11770790448,16.18768866815209,residential,5th main road,False
312031461,10228331246,98.57654662498189,residential,5th Main Road,False
312031463,257430060,46.997996261342436,residential,4th Main Road,False
312031463,3673222594,100.12821811872679,residential,4th Main Road,False
312031463,4843254562,43.1274497969235,residential,5th main road,False
312031463,312031461,49.84098253496968,residential,5th main road,False
312031481,312031485,48.1193575211554,residential,2nd Street,False
312031481,312031493,45.4247705782003,residential,Dhanalakshmi Avenue,False
312031481,312031489,33.850615677851664,residential,Dhanalakshmi Avenue,False
312031485,312031481,48.1193575211554,residential,2nd Street,False
312031489,312031481,33.850615677851664,residential,Dhanalakshmi Avenue,False
312031489,312024966,46.48194214532882,residential,3rd Street,False
312031489,11770790450,11.631959755110568,residential,Dhanalakshmi Avenue,False
312031492,312031493,45.12123791979008,residential,1st Street,False
312031493,312031492,45.12123791979008,residential,1st Street,False
312031493,4843437603,21.740281860820616,residential,Dhanalakshmi Avenue,False
312031493,312031481,45.4247705782003,residential,Dhanalakshmi Avenue,False
312031567,335480465,128.8630038524325,residential,8th Main Road,False
312031567,335480446,46.20373761442586,residential,8th Main Road,False
312031567,3674410071,217.80920709305119,residential,"['7th Main Road Kasthuribai Nagar', '7th Main Road']",False
313138576,313138621,104.54544733991077,residential,Mullai Road,False
313138576,2168628388,36.557780410100015,tertiary,Tiruvalluvar Nagar 2nd Avenue,False
313138576,313138689,98.58995809176623,tertiary,Tiruvalluvar Nagar 2nd Avenue,False
313138619,2168628390,12.986315256102555,residential,,False
313138621,313138576,104.54544733991077,residential,Mullai Road,False
313138621,2168628393,33.99470835723812,residential,,False
313138621,1446415917,151.17327521739992,residential,Mullai Road,False
313138687,313139412,36.27505869519462,residential,,False
313138687,301299702,49.21797862525676,residential,Srinivasa Nagar Main Road,False
313138687,313139421,163.18945387927226,residential,Srinivasa Nagar Main Road,False
313138689,313139421,38.5319105303312,residential,Srinivasa Nagar Main Road,False
313138689,333744540,46.2985737757016,tertiary,Tiruvalluvar Nagar 2nd Avenue,False
313138689,313138576,98.58995809176623,tertiary,Tiruvalluvar Nagar 2nd Avenue,False
313138837,313138971,137.26199265526523,residential,Water Land Drive Road,False
313138837,313139079,96.89715456029174,residential,Water Land Drive Road,False
313138837,301299682,443.4147500127555,residential,New Beach Road,False
313138839,301299672,26.40255861280173,residential,,False
313138839,333738001,19.15185250747392,residential,3rd Avenue,False
313138839,313138971,146.80777951065556,residential,Water Land Drive Road,False
313138965,333738001,90.43154482130853,residential,3rd Avenue,False
313138965,11217099221,30.337056631932736,residential,4th Main Road,False
313138965,9179560450,38.22388446056494,residential,,False
313138966,333738008,12.75530583692322,residential,4th Main Road,False
313138971,313138978,99.29468882286355,residential,,False
313138971,313138837,137.26199265526523,residential,Water Land Drive Road,False
313138971,313138839,146.80777951065556,residential,Water Land Drive Road,False
313138978,313138971,99.29468882286355,residential,,False
313138978,301299672,22.829700315230575,residential,3rd Avenue,False
313138978,333738163,117.25055234737223,residential,"['6th Main Road', '3rd Avenue']",False
313139002,9179560441,312.3697657206833,residential,4th Seaward Road,False
313139079,1453466290,68.8198826825483,residential,Mullai Road,False
313139079,313138837,96.89715456029174,residential,Water Land Drive Road,False
313139410,301299695,21.115102679716134,residential,Journalist Colony,False
313139410,333744486,59.94404865044079,residential,Journalist Colony,False
313139410,313139412,50.90991272463366,residential,,False
313139412,313138687,36.27505869519462,residential,,False
313139412,313139427,66.5079455868299,residential,,False
313139412,9179560423,53.00765833846716,residential,,False
313139412,313139410,50.90991272463366,residential,,False
313139421,313139428,38.20237796676748,residential,,False
313139421,313138689,38.5319105303312,residential,Srinivasa Nagar Main Road,False
313139421,313138687,163.18945387927224,residential,Srinivasa Nagar Main Road,False
313139427,333744534,59.11636604197795,residential,,False
313139427,313139412,66.5079455868299,residential,,False
313139427,313139428,115.1786583807289,residential,,False
313139427,333744486,51.593254120520356,residential,,False
313139428,313139421,38.20237796676748,residential,,False
313139428,313139427,115.1786583807289,residential,,False
313139428,333744534,118.08230253822967,residential,,False
313444563,313444568,46.872633424037,residential,,False
313444563,300164815,13.12662216314164,tertiary,Nethaji Road,False
313444563,299385934,43.55946014613204,tertiary,Nethaji Road,False
313444565,313444567,157.8920678680521,residential,,False
313444565,300159995,14.08802756648752,tertiary,Nethaji Road,False
313444565,299880454,36.47568948460472,tertiary,Nethaji Road,False
313444567,299880479,58.655602797776616,residential,,False
313444567,300159971,30.28949600516403,residential,,False
313444567,313444565,157.8920678680521,residential,,False
313444568,313444563,46.872633424037,residential,,False
313444568,313444569,50.514728893755176,residential,,False
313444568,330412894,139.2586378022042,residential,,False
313444569,313444568,50.514728893755176,residential,,False
313444569,6801270882,44.920293423809206,residential,,False
313444569,299880479,124.9884863858575,residential,,False
313444644,247714547,48.986805959430285,secondary,Racecourse Road,True
313444644,7826160038,178.71712015213998,tertiary,Race Course Interior Road,False
313774845,335515546,41.96470838929466,residential,Kamaraj Avenue 2nd Street,False
313774845,313774856,162.68201487526204,residential,Justice Ramasamy Street,False
313774845,313774848,123.56665071553427,residential,,False
313774848,313774845,123.56665071553427,residential,,False
313774856,313774845,162.68201487526207,residential,Justice Ramasamy Street,False
313774859,312025031,12.292257620532718,tertiary,Kasturibai Nagar 3rd Cross Street,False
313774859,312025053,46.711406757671156,tertiary,Kasturibai Nagar 3rd Cross Street,False
313774859,313774862,113.37357725054474,residential,,False
313774862,313774866,54.931630969924115,residential,,False
313774862,313774864,70.89013327697697,residential,,False
313774862,313774859,113.37357725054474,residential,,False
313774864,312025031,26.400666633884068,tertiary,Kasturibai Nagar 3rd Cross Street,False
313774864,313774862,70.89013327697697,residential,,False
313774864,257432748,63.950927514382585,tertiary,Kasturibai Nagar 3rd Cross Street,False
313774866,313774862,54.931630969924115,residential,,False
313774866,313774877,47.048606259685585,residential,,False
313774866,313774873,243.07263880578904,residential,Venkatarathnam Ext 2,False
313774868,335515601,50.49399759368521,residential,,False
313774868,335515602,34.39519841826394,residential,,False
313774868,313774890,61.96430342277394,residential,Iswariya Colony 1st Lane,False
313774868,313774880,108.61763224853706,residential,Iswariya Colony 1st Lane,False
313774873,257432745,158.1614773692111,residential,Indira Nagar 13th Cross Street,False
313774873,335515590,60.39662340419757,residential,Indira Nagar 13th Cross Street,False
313774873,313774866,243.072638805789,residential,Venkatarathnam Ext 2,False
313774877,313774866,47.048606259685585,residential,,False
313774877,335515601,37.05051239172109,residential,,False
313774877,313774880,67.52205610575336,residential,14th Cross Street,False
313774877,313774891,80.22703762481561,residential,14th Cross Street,False
313774880,335515603,22.845175588520714,residential,14th Cross Street,False
313774880,313774877,67.52205610575336,residential,14th Cross Street,False
313774880,313774868,108.61763224853706,residential,Iswariya Colony 1st Lane,False
313774882,313774888,109.89419884150712,residential,13th Cross Street,False
313774882,313774887,36.17306460247262,residential,13th Cross Street,False
313774882,313774890,36.525266890242,residential,Iswariya Colony 1st Lane,False
313774884,313774887,37.829886390729904,residential,6th Cross Street,False
313774884,257430014,153.22179038515512,residential,Indira Nagar 13th Cross Street,False
313774884,313774896,165.78744029471048,residential,Indira Nagar 13th Cross Street,False
313774887,313774893,20.021029244089526,residential,6th Cross Street,False
313774887,313774884,37.829886390729904,residential,6th Cross Street,False
313774887,313774882,36.17306460247262,residential,13th Cross Street,False
313774888,313774891,35.40014621910065,residential,14th Cross Street,False
313774888,257430014,40.978702796636156,residential,14th Cross Street,False
313774888,313774882,109.89419884150712,residential,13th Cross Street,False
313774890,335515597,65.04115779421929,residential,2nd Lane,False
313774890,313774882,36.525266890242,residential,Iswariya Colony 1st Lane,False
313774890,313774868,61.96430342277394,residential,Iswariya Colony 1st Lane,False
313774891,313774877,80.22703762481561,residential,14th Cross Street,False
313774891,313774888,35.40014621910065,residential,14th Cross Street,False
313774891,335515597,38.02396287936958,residential,2nd Lane,False
313774893,335515602,79.35338471037812,residential,6th Cross Street,False
313774893,313774887,20.021029244089526,residential,6th Cross Street,False
313774893,313785309,48.63280186927973,residential,7th Cross Street,False
313774895,313785322,53.309120124954035,residential,7th Cross Street,False
313774895,291192686,124.3099837496231,residential,9th Cross Street,False
313774895,313774896,57.465521720686425,residential,9th Cross Street,False
313774896,313774895,57.465521720686425,residential,9th Cross Street,False
313774896,313774898,55.39687803754506,residential,Indira Nagar 13th Cross Street,False
313774896,313774884,165.78744029471048,residential,Indira Nagar 13th Cross Street,False
313774897,313774898,183.99497610919542,residential,10th Cross Street,False
313774897,291192686,59.043734752275526,tertiary,Indira Nagar 3rd Avenue,False
313774897,313774900,58.90366101721801,tertiary,Indira Nagar 3rd Avenue,False
313774898,313774897,183.99497610919542,residential,10th Cross Street,False
313774898,313774896,55.39687803754506,residential,Indira Nagar 13th Cross Street,False
313774898,257430016,58.096371916720834,residential,Indira Nagar 13th Cross Street,False
313774900,257430016,186.35877126907175,residential,11th Cross Street,False
313774900,313774897,58.90366101721801,tertiary,Indira Nagar 3rd Avenue,False
313774900,312025154,61.104137501507985,tertiary,Indira Nagar 3rd Avenue,False
313774920,313774979,26.02255590963265,secondary,Besant Avenue Road,False
313774920,257430036,7.039937333434999,secondary,Besant Avenue Road,False
313774920,313775023,137.34110929413447,residential,Ponni amman koil street,False
313774928,313775023,73.86395090529423,residential,Ponni amman koil street,False
313774928,313774935,363.11490741402866,residential,Vasantha Press Road (North),False
313774928,313774931,172.87675598445293,residential,Vasantha Press Road (South),False
313774931,313774940,192.86016303458615,residential,Arunachalapuram Main Road,False
313774931,313774928,172.87675598445293,residential,Vasantha Press Road (South),False
313774931,313774943,103.24209563628617,residential,Ramasamy Garden Street,False
313774935,313774943,87.19920148267319,residential,,False
313774935,313774928,363.1149074140286,residential,Vasantha Press Road (North),False
313774935,313774936,131.87752845022067,residential,Vasantha Press Road (North),False
313774936,9181580982,61.74906248791494,primary,Sardar Patel Road,True
313774936,313774935,131.87752845022067,residential,Vasantha Press Road (North),False
313774937,249497688,31.416634466500806,residential,Arunachalapuram Main Road,False
313774937,313774940,111.89818810275929,residential,Arunachalapuram Main Road,False
313774937,313774977,57.51374758353336,residential,,False
313774937,6727378286,86.15325771253814,residential,,False
313774940,313774943,103.14676894041956,residential,,False
313774940,313774931,192.86016303458615,residential,Arunachalapuram Main Road,False
313774940,313774937,111.89818810275929,residential,Arunachalapuram Main Road,False
313774943,313774935,87.19920148267319,residential,,False
313774943,313774940,103.14676894041956,residential,,False
313774943,313774931,103.24209563628618,residential,Ramasamy Garden Street,False
313774977,313774937,57.51374758353336,residential,,False
313774979,313774920,26.02255590963265,secondary,Besant Avenue Road,False
313774979,313774983,155.40581561849532,living_street,river school compund street,False
313774979,10281695793,637.206417895632,secondary,Besant Avenue Road,False
313774983,313774979,155.40581561849532,living_street,river school compund street,False
313775023,11772949093,19.43970560935316,residential,jayavinayagar street,False
313775023,313774928,73.86395090529423,residential,Ponni amman koil street,False
313775023,313774920,137.34110929413447,residential,Ponni amman koil street,False
313775024,11772949093,38.29385729708957,residential,jayavinayagar street,False
313775096,257431351,74.51607910159912,secondary_link,,True
313775096,313775100,68.62280951236504,residential,1st Street,False
313775100,9179593810,118.00052813763105,residential,2nd Street,False
313775100,313775096,68.62280951236504,residential,1st Street,False
313775110,335535120,27.741691425024047,residential,4th Street,False
313775110,313775114,43.816861294795956,residential,3rd Street,False
313775110,9179593810,114.84233698652525,residential,"['2nd Street', '3rd Street']",False
313775114,313775110,43.816861294795956,residential,3rd Street,False
313775119,310580355,72.2132752228044,residential,4th Street,False
313775119,335535141,38.71645816356154,residential,4th Street,False
313775119,313775124,56.76554620535568,residential,,False
313775124,313775119,56.76554620535568,residential,,False
313775197,313775229,31.774327578789993,residential,Parameswari Nagar 2nd Street,False
313775197,313775214,16.314277565799998,residential,Parameswari Nagar 2nd Street,False
313775197,11046276522,126.45292509380818,residential,"['1st Street', 'Parameswari Nagar 1st Street']",False
313775201,313775205,34.966826718350866,residential,,False
313775201,313775231,4.593789160575182,living_street,Ext 2,False
313775201,2270657227,58.104761997217246,residential,Parameswari Nagar 1st Street,False
313775203,313775205,31.97971342014991,residential,,False
313775203,313775209,55.963213835688755,residential,Parameswari Nagar 2nd Street,False
313775203,257432727,72.56942287047069,residential,Parameswari Nagar 2nd Street,False
313775205,313775203,31.97971342014991,residential,,False
313775205,313775201,34.966826718350866,residential,,False
313775205,313775206,50.51069318285433,living_street,Ext 1,False
313775206,313775205,50.51069318285433,living_street,Ext 1,False
313775209,313775203,55.963213835688755,residential,Parameswari Nagar 2nd Street,False
313775209,313775229,131.4981138417724,residential,Parameswari Nagar 2nd Street,False
313775209,11050814594,144.73162259232387,residential,,False
313775214,313775219,111.60149522260673,residential,,False
313775214,313775197,16.314277565799998,residential,Parameswari Nagar 2nd Street,False
313775214,310535739,52.10639109389066,residential,Parameswari Nagar 2nd Street,False
313775219,313775214,111.60149522260673,residential,,False
313775229,257433293,102.1330994183323,residential,4th Street,False
313775229,313775209,131.4981138417724,residential,Parameswari Nagar 2nd Street,False
313775229,313775197,31.774327578789993,residential,Parameswari Nagar 2nd Street,False
313775231,335535143,49.69914321160432,living_street,Ext 2,False
313775231,313775201,4.593789160575182,living_street,Ext 2,False
313775231,313775234,71.47209259050459,living_street,Ext 3,False
313775234,313775231,71.47209259050459,living_street,Ext 3,False
313775238,11772701095,23.274329532784908,residential,Damodarapuram Main Road,False
313775238,11772701097,18.83629268696824,residential,Damodarapuram Main Road,False
313775238,313775239,66.28779913002282,living_street,2nd Street,False
313775239,313775242,98.57867549384757,residential,Damodarapuram 3rd Street,False
313775239,313775238,66.28779913002282,living_street,2nd Street,False
313775239,257433297,121.38101774804014,"['residential', 'living_street']",2nd Street,False
313775241,299805393,19.207414481814684,residential,Damodarapuram Main Road,False
313775241,313775242,89.07025029572003,"['residential', 'living_street']","['4th Street', 'Damodarapuram 3rd Street']",False
313775241,11772701093,51.44019954912443,residential,Damodarapuram Main Road,False
313775242,313775239,98.57867549384757,residential,Damodarapuram 3rd Street,False
313775242,257433290,38.1490850283561,residential,1st Street,False
313775242,313775241,89.07025029572003,"['residential', 'living_street']","['Damodarapuram 3rd Street', '4th Street']",False
313775244,313775246,45.74545201948452,residential,,False
313775244,257430036,27.07678965179513,secondary,Besant Avenue Road,False
313775244,310580314,100.94210303365055,secondary,Besant Avenue Road,False
313775245,313775246,27.68417129642835,residential,,False
313775246,313775245,27.68417129642835,residential,,False
313775246,313775244,45.74545201948452,residential,,False
313775246,313775247,99.40698690129494,residential,2nd Link Street,False
313775247,313775261,52.207306812520706,residential,Karpagam Garden 1st Main Road,False
313775247,310580314,43.63506696844752,residential,Karpagam Garden 1st Main Road,False
313775247,313775246,99.40698690129494,residential,2nd Link Street,False
313775250,310580314,185.57313545688572,secondary,Besant Avenue Road,False
313775250,313775258,49.37383251133059,residential,2nd Main Road,False
313775250,310580344,77.10390380901673,secondary,Besant Avenue Road,False
313775253,313775265,47.19030827138143,residential,Karpagam Garden 1st Main Road,False
313775253,313775255,56.59977503475861,residential,Karpagam Garden 1st Main Road,False
313775253,313775254,189.93457328539583,residential,"['2nd Main Road', '3rd Cross Street']",False
313775254,313775258,50.53936753162108,residential,2nd Main Road,False
313775254,313775255,150.47026721131644,residential,2nd Cross Street,False
313775254,313775253,189.9345732853958,residential,"['2nd Main Road', '3rd Cross Street']",False
313775255,313775253,56.59977503475861,residential,Karpagam Garden 1st Main Road,False
313775255,313775261,52.187867716964625,residential,Karpagam Garden 1st Main Road,False
313775255,313775254,150.47026721131644,residential,2nd Cross Street,False
313775258,313775254,50.53936753162108,residential,2nd Main Road,False
313775258,313775261,162.21898890250276,residential,1st Cross Street,False
313775258,313775250,49.37383251133059,residential,2nd Main Road,False
313775261,313775255,52.187867716964625,residential,Karpagam Garden 1st Main Road,False
313775261,313775247,52.207306812520706,residential,Karpagam Garden 1st Main Road,False
313775261,313775258,162.21898890250276,residential,1st Cross Street,False
313775265,313775277,49.95152281158716,residential,Karpagam Garden 1st Main Road,False
313775265,313775277,308.53512798875965,residential,"['5th Cross Street', '4th Cross Street', '9th Cross Street']",False
313775265,313775253,47.19030827138143,residential,Karpagam Garden 1st Main Road,False
313775277,313775265,49.95152281158716,residential,Karpagam Garden 1st Main Road,False
313775277,313775265,308.53512798875965,residential,"['5th Cross Street', '4th Cross Street', '9th Cross Street']",False
313775277,313775282,47.21313331822214,residential,1st Main Road,False
313775282,313775298,45.51980877341778,residential,1st Main Road,False
313775282,313775298,256.3891098637463,residential,"['7th Cross Street', '8th cross street', '6th Cross Street']",False
313775282,313775277,47.21313331822214,residential,1st Main Road,False
313775288,313775291,37.41115023467922,residential,,False
313775288,335535115,31.500795077848284,residential,,False
313775288,310580355,33.36795734282179,residential,Padmanabha Nagar 5th Street,False
313775288,335535114,33.39755597554459,residential,Padmanabha Nagar 5th Street,False
313775291,313775288,37.41115023467922,residential,,False
313775293,313775296,28.190828769733912,residential,,False
313775295,313775296,32.23408417608644,residential,,False
313775296,335535114,40.943319970884026,residential,Padmanabha Nagar 5th Street,False
313775296,335535096,35.827647350844806,residential,Padmanabha Nagar 5th Street,False
313775296,313775293,28.190828769733912,residential,,False
313775296,313775295,32.23408417608644,residential,,False
313775298,313775282,45.51980877341778,residential,1st Main Road,False
313775298,313775282,256.3891098637463,residential,"['7th Cross Street', '8th cross street', '6th Cross Street']",False
313775298,313775323,78.07055196178634,residential,Venkateswara Nagar 3rd Street,False
313775310,257433290,78.19280555595728,residential,Venkateswara Nagar 3rd Street,False
313775310,313775323,64.34678061988886,residential,Venkateswara Nagar 3rd Street,False
313775310,335535145,166.0535516862858,residential,2nd Street,False
313775310,313775332,133.70404665109675,residential,5th Street,False
313775323,313775327,80.58568147059826,residential,4th Street venkateshwara nagar,False
313775323,313775310,64.34678061988886,residential,Venkateswara Nagar 3rd Street,False
313775323,313775298,78.07055196178634,residential,Venkateswara Nagar 3rd Street,False
313775327,313775323,80.58568147059826,residential,4th Street venkateshwara nagar,False
313775332,299805493,12.519598211604292,residential,Damodarapuram Main Road,False
313775332,257430152,160.59242612424381,residential,Damodarapuram Main Road,False
313775332,313775310,133.70404665109675,residential,5th Street,False
313783486,313783544,90.4636685605615,residential,7th Lane,False
313783486,313783511,22.25889638577744,residential,Shastri Nagar 1st Cross Street,False
313783486,313783542,35.674641124391435,residential,Shastri Nagar 1st Cross Street,False
313783487,11402478338,151.03840810805065,tertiary,Shastri Nagar 1st Avenue,False
313783487,257430109,100.9601502816268,tertiary,Shastri Nagar 1st Avenue,False
313783487,313783531,45.77198456403239,residential,Shastri Nagar 1st Cross Street,False
313783492,257432752,62.46846938657173,tertiary,Shastri Nagar1st Main Road,True
313783493,313783495,184.9613644013511,residential,4th Cross Street,False
313783493,313783498,50.71544518736858,tertiary,Shastri Nagar1st Main Road,True
313783495,1730498151,23.840889161755957,residential,Shastri Nagar 1st Cross Street,False
313783495,313783505,17.50604023574202,residential,Shastri Nagar 1st Cross Street,False
313783495,313783493,184.9613644013511,residential,4th Cross Street,False
313783498,313783504,183.53795073209832,residential,3rd Cross Street,False
313783498,257432751,36.35071859337973,tertiary,Shastri Nagar1st Main Road,True
313783504,313783505,36.210084724974635,residential,Shastri Nagar 1st Cross Street,False
313783504,313783511,13.851431320496724,residential,Shastri Nagar 1st Cross Street,False
313783504,313783498,183.53795073209832,residential,3rd Cross Street,False
313783505,313783495,17.50604023574202,residential,Shastri Nagar 1st Cross Street,False
313783505,313783504,36.210084724974635,residential,Shastri Nagar 1st Cross Street,False
313783505,313783508,134.5454079669495,residential,9th Lane,False
313783508,313783510,17.2336583094975,residential,9th Lane,False
313783508,313783513,39.500230956586435,residential,9th Lane,False
313783508,313783505,134.54540796694954,residential,9th Lane,False
313783509,3774546061,70.01457826811055,residential,9th Lane,False
313783509,7047990709,11.010724820369036,residential,,False
313783509,310535742,266.54957312810654,secondary,Dr Muthulakshmi Salai,True
313783510,3774546061,9.09616741525786,residential,9th Lane,False
313783510,313783508,17.2336583094975,residential,9th Lane,False
313783510,313783512,115.51799572556217,residential,15th cross street,False
313783511,313783504,13.851431320496724,residential,Shastri Nagar 1st Cross Street,False
313783511,313783486,22.25889638577744,residential,Shastri Nagar 1st Cross Street,False
313783511,313783513,48.120488822471984,residential,9th Lane,False
313783512,313783510,115.51799572556217,residential,15th cross street,False
313783513,313783508,39.500230956586435,residential,9th Lane,False
313783513,313783511,48.120488822471984,residential,9th Lane,False
313783513,313783519,189.36829025734073,residential,2nd Cross Street,False
313783519,313783534,46.37436110262763,residential,Shastri Nagar 1st Cross Street,False
313783519,313783531,29.699073319651074,residential,Shastri Nagar 1st Cross Street,False
313783519,313783513,189.36829025734073,residential,2nd Cross Street,False
313783531,313783519,29.699073319651074,residential,Shastri Nagar 1st Cross Street,False
313783531,313783532,178.2714001124825,residential,2nd Lane,False
313783531,313783487,45.77198456403239,residential,Shastri Nagar 1st Cross Street,False
313783532,313783531,178.2714001124825,residential,2nd Lane,False
313783532,257430111,72.84468546914825,tertiary,Shastri Nagar1st Main Road,True
313783533,313783543,89.46790938799226,residential,4th Lane,False
313783533,11601245322,7.176641482105432,tertiary,Shastri Nagar1st Main Road,True
313783534,313783542,35.61620348892656,residential,Shastri Nagar 1st Cross Street,False
313783534,313783519,46.37436110262763,residential,Shastri Nagar 1st Cross Street,False
313783534,313783543,90.72309354617553,residential,4th Lane,False
313783540,11402484621,108.80680028255333,residential,3rd Lane,False
313783540,313783532,37.9385182091582,tertiary,Shastri Nagar1st Main Road,True
313783541,313783545,90.87785277450102,residential,6th Lane,False
313783541,11601245319,24.356386035464645,tertiary,Shastri Nagar1st Main Road,True
313783542,313783486,35.674641124391435,residential,Shastri Nagar 1st Cross Street,False
313783542,313783534,35.61620348892656,residential,Shastri Nagar 1st Cross Street,False
313783542,313783545,90.41896695972929,residential,6th Lane,False
313783543,313783534,90.72309354617553,residential,4th Lane,False
313783543,313783533,89.46790938799226,residential,4th Lane,False
313783543,313783545,36.19814387733666,residential,8th Lane,False
313783544,257432751,92.5783763382122,residential,7th Lane,False
313783544,313783486,90.4636685605615,residential,7th Lane,False
313783544,313783545,33.73537435784901,residential,8th Lane,False
313783545,313783542,90.41896695972929,residential,6th Lane,False
313783545,313783544,33.73537435784901,residential,8th Lane,False
313783545,313783543,36.19814387733666,residential,8th Lane,False
313783545,313783541,90.87785277450102,residential,6th Lane,False
313783546,11601281930,38.08077123581143,tertiary,Shastri Nagar 1st Avenue,False
313783546,313783561,79.08462110689139,residential,Shastri Nagar 11th Cross Street,False
313783546,257430115,208.10727582743937,tertiary,Shastri Nagar 1st Avenue,False
313783547,313783551,68.94710179940527,residential,Shastri Nagar 11th Cross Street,False
313783547,313783564,65.54691491287318,residential,Shastri Nagar 11th Cross Street,False
313783547,257430158,164.18343588111463,residential,Shastri Nagar 7th Cross Street,False
313783547,257432751,130.80601467786482,residential,Shastri Nagar 7th Cross Street,False
313783548,313783571,66.42416039818137,residential,8th Cross Street,False
313783548,313783569,56.608115226968316,residential,8th Cross Street,False
313783548,313783551,67.1457545584766,residential,Shastri Nagar 11th Cross Street,False
313783549,313783551,70.33620764990526,residential,Shastri Nagar 12th Cross Street,False
313783549,1730498149,29.738525414626366,residential,,False
313783549,1730498154,33.19382440503058,residential,,False
313783551,313783548,67.1457545584766,residential,Shastri Nagar 11th Cross Street,False
313783551,313783547,68.94710179940527,residential,Shastri Nagar 11th Cross Street,False
313783551,313783549,70.33620764990526,residential,Shastri Nagar 12th Cross Street,False
313783551,11402591043,105.41970995620412,residential,,False
313783561,313783564,80.04094434644982,residential,Shastri Nagar 11th Cross Street,False
313783561,313783564,279.31657774969193,residential,"['Shastri Nagar 14th Cross Street', 'Shastri Nagar 13th Cross Street']",False
313783561,313783546,79.08462110689139,residential,Shastri Nagar 11th Cross Street,False
313783564,313783547,65.54691491287318,residential,Shastri Nagar 11th Cross Street,False
313783564,313783561,80.04094434644982,residential,Shastri Nagar 11th Cross Street,False
313783564,313783561,279.316577749692,residential,"['Shastri Nagar 14th Cross Street', 'Shastri Nagar 13th Cross Street']",False
313783569,313783548,56.608115226968316,residential,8th Cross Street,False
313783569,257430159,99.61395742859105,residential,8th Cross Street,False
313783569,11050668379,35.90669861551258,residential,10th Cross Street,False
313783570,10258358775,12.954109544343398,secondary,Mahatma Gandhi Road,False
313783570,313786561,185.3850615957282,secondary,Mahatma Gandhi Road,False
313783570,313783575,76.34916353461529,residential,10th Cross Street,False
313783571,257432752,66.97777038456272,residential,8th Cross Street,False
313783571,313783548,66.42416039818137,residential,8th Cross Street,False
313783571,313783573,66.27134143974064,residential,9th Cross Street,False
313783572,313783573,11.52702022518187,residential,9th Cross Street,False
313783573,313783572,11.52702022518187,residential,9th Cross Street,False
313783573,313783571,66.27134143974064,residential,9th Cross Street,False
313783573,313783575,121.58071245546478,residential,9th Cross Street,False
313783575,11050668379,32.34586270667212,residential,10th Cross Street,False
313783575,313783573,121.58071245546478,residential,9th Cross Street,False
313783575,313783570,76.34916353461529,residential,10th Cross Street,False
313785309,313785322,59.63906979970963,residential,7th Cross Street,False
313785309,313774893,48.63280186927973,residential,7th Cross Street,False
313785309,313785316,129.60397763558146,residential,,False
313785316,313785322,69.03590424297282,residential,8th Cross Street,False
313785316,313785320,55.3558835188392,residential,8th Cross Street,False
313785316,313785309,129.60397763558143,residential,,False
313785320,313785316,55.3558835188392,residential,8th Cross Street,False
313785320,291192686,50.84162055520551,tertiary,Indira Nagar 3rd Avenue,False
313785320,257430065,109.31588289459779,tertiary,Indira Nagar 3rd Avenue,False
313785322,313774895,53.309120124954035,residential,7th Cross Street,False
313785322,313785309,59.63906979970963,residential,7th Cross Street,False
313785322,313785316,69.03590424297282,residential,8th Cross Street,False
313785362,312025154,62.60529303861402,tertiary,Indira Nagar 3rd Avenue,False
313785362,13757859356,24.86445747318946,tertiary,2nd Avenue Ext 2,False
313785362,319489407,98.99616794527459,tertiary,Indira Nagar 3rd Avenue,False
313785372,4413815190,14.80319474838573,tertiary,,False
313785372,13757859356,169.24395299048308,tertiary,2nd Avenue Ext 2,True
313786539,313786542,41.814843789324364,residential,TM Maistry Street,False
313786539,257430049,60.549310071456624,residential,TM Maistry Street,False
313786539,334267123,198.96970587674826,residential,Anna Colony,False
313786542,313786539,41.814843789324364,residential,TM Maistry Street,False
313786542,2173002868,80.56655566742242,residential,TM Maistry Street,False
313786542,313786544,103.20541967532375,residential,TMM Lane,False
313786544,313786542,103.20541967532375,residential,TMM Lane,False
313786545,10258358775,17.072074240620967,secondary,Mahatma Gandhi Road,False
313786545,257430049,64.78990250680721,secondary,Mahatma Gandhi Road,False
313786545,313786550,307.17548883980703,residential,"['Raj Colony', '2nd Street']",False
313786550,313786552,85.49801558090597,residential,Malaviya Avenue,False
313786550,3674408087,44.818044206408324,residential,2nd Street,False
313786550,313786545,307.1754888398071,residential,"['Raj Colony', '2nd Street']",False
313786552,310535969,105.39093014908768,residential,3rd Street,False
313786552,310535968,83.2473003469802,residential,3rd Street,False
313786552,313786566,35.92510537583166,residential,Malaviya Avenue,False
313786552,313786550,85.49801558090597,residential,Malaviya Avenue,False
313786553,313786560,55.07600820909887,secondary,Dr. Muthulakshmi Road,True
313786553,313786555,184.02037923773216,residential,Malaviya Avenue,False
313786555,313786557,107.6568259150055,residential,Malaviya Avenue 1st Street,False
313786555,313786553,184.02037923773216,residential,Malaviya Avenue,False
313786555,313786566,56.25191844795705,residential,Malaviya Avenue,False
313786557,313786555,107.6568259150055,residential,Malaviya Avenue 1st Street,False
313786557,257430051,119.59541296971346,secondary,Mahatma Gandhi Road,False
313786557,13980639745,22.43629317754287,secondary,Mahatma Gandhi Road,False
313786560,9179561420,131.04814923479088,residential,,False
313786560,310535972,27.951397788676562,secondary,Dr. Muthulakshmi Road,True
313786561,257430050,4.764534220732853,secondary,Mahatma Gandhi Road,False
313786561,3674408087,58.575694287634136,residential,2nd Street,False
313786561,313783570,185.3850615957282,secondary,Mahatma Gandhi Road,False
313786563,313786566,106.17996986817748,residential,2nd Street,False
313786563,13980639745,35.79443920066875,secondary,Mahatma Gandhi Road,False
313786563,310535969,36.36297833304324,secondary,Mahatma Gandhi Road,False
313786566,313786563,106.17996986817748,residential,2nd Street,False
313786566,313786555,56.25191844795705,residential,Malaviya Avenue,False
313786566,313786552,35.92510537583166,residential,Malaviya Avenue,False
313857687,313857689,10.195631822209547,residential,Ram Nagar Main Road,False
313857687,299883970,50.79182362706445,residential,Ram Nagar Main Road,False
313857687,299878983,84.32046081394363,residential,,False
313857689,313857690,40.8820222324131,residential,Ram Nagar Main Road,False
313857689,313857687,10.195631822209547,residential,Ram Nagar Main Road,False
313857689,299883210,146.36291594305573,residential,,False
313857690,300185264,16.28403223558152,residential,Ram Nagar Main Road,False
313857690,313857689,40.8820222324131,residential,Ram Nagar Main Road,False
313857690,313857691,83.96770804641257,residential,,False
313857691,313857690,83.96770804641257,residential,,False
313857691,299879154,21.220057436418685,residential,,False
313857691,299879030,31.52410866519752,residential,,False
313857696,299879028,51.40641930572263,residential,11th Main Road,False
313857696,299878960,60.6433876943148,residential,11th Main Road,False
313857696,313857697,84.39175689470794,residential,,False
313857697,299879174,50.77045127268788,residential,13th Main Road,False
313857697,313857696,84.39175689470794,residential,,False
313857697,299883993,79.95086057208519,residential,13th Main Road,False
313857698,299879028,49.80187338022939,residential,,False
313857698,299879174,40.12401125446463,residential,,False
313857698,313857699,73.89986844480612,residential,12th Main Road,False
313857699,313857698,73.89986844480612,residential,12th Main Road,False
313857700,299879128,74.26444494243322,residential,,False
313857700,299878883,47.609234782550566,residential,5th Main Road,False
313857700,1889993380,58.18813620524556,residential,5th Main Road,False
313857702,313857704,53.937736803031434,residential,,False
313857702,12294623165,15.114373039820501,residential,Vijayanagar 1st Main Road,False
313857702,1751203573,129.29920181883256,residential,Vijayanagar 1st Main Road,False
313857704,313857702,53.937736803031434,residential,,False
313857704,1889993394,46.70041557969089,residential,,False
313857704,313857707,84.35345196755765,residential,Vijayanagar 2nd Main Road,False
313857707,313857704,84.35345196755765,residential,Vijayanagar 2nd Main Road,False
313857708,313857709,107.96731630910159,residential,10th Main Road,False
313857708,299878983,29.081020449034593,residential,,False
313857708,299883996,37.00872918991052,residential,,False
313857709,299879097,45.72084141227479,residential,,False
313857709,299879028,51.93265459833024,residential,,False
313857709,313857708,107.96731630910159,residential,10th Main Road,False
313857710,300185264,148.59483794342077,residential,,False
313857710,300185261,154.84109377167997,residential,,False
313857710,300185300,44.31869256630731,residential,,False
313857711,299883878,76.41471182109481,residential,6th Main Road,False
313857711,299878850,150.98934624529426,residential,6th Main Road,False
313857711,338282645,68.77529518900461,residential,,False
319489298,319489305,97.9292097900051,residential,29 th Main Road,False
319489298,257430025,75.82282923296074,residential,29th Cross Street,False
319489298,319489449,100.98977172871689,residential,29th Cross Street,False
319489305,319489310,29.23873565434937,residential,29 th Main Road,False
319489305,319489298,97.9292097900051,residential,29 th Main Road,False
319489305,319489449,75.44990830797835,residential,,False
319489310,319489305,29.23873565434937,residential,29 th Main Road,False
319489310,2166973537,30.87899687489815,living_street,,False
319489310,319489367,132.47468093328263,residential,29 th Main Road,False
319489310,319489421,84.9137910672843,residential,,False
319489367,319489368,125.23629174050185,residential,Gandhi Street,False
319489367,2166924842,49.500201548877364,residential,,False
319489367,319489310,132.47468093328263,residential,29 th Main Road,False
319489368,319489367,125.23629174050185,residential,Gandhi Street,False
319489369,319489449,46.29567834448832,residential,29th Cross Street,False
319489369,319489411,287.5318768795604,residential,28th Cross Street,False
319489369,319489372,137.64372327872888,residential,28th Cross Street,False
319489372,319489403,62.9467372043001,residential,28th Cross Street,False
319489372,319489402,26.980559841148438,residential,28th Cross Street,False
319489372,319489369,137.64372327872888,residential,28th Cross Street,False
319489388,319489408,125.78100319893844,residential,,False
319489388,2166813753,2.708888795739446,residential,20th Cross Street,False
319489388,310535900,355.13109914812145,residential,20th Cross Street,False
319489402,319489372,26.980559841148438,residential,28th Cross Street,False
319489402,319489408,29.902067668800154,residential,17th Cross Street,False
319489402,319489411,78.63102738135355,residential,28th Cross Street,False
319489403,319489372,62.9467372043001,residential,28th Cross Street,False
319489403,319489465,118.74814295070341,residential,,False
319489403,2166813756,44.753265005046984,tertiary,Indira Nagar 3rd Avenue,False
319489403,319489458,208.41333156408734,tertiary,Indira Nagar 3rd Avenue,False
319489405,2166860194,45.86130753100348,residential,17th Cross Street,False
319489405,319489407,81.80531767795433,residential,16th Cross Street,False
319489405,13065690352,23.894091334600752,residential,16th Cross Street,False
319489407,2166860195,43.13526789402311,tertiary,Indira Nagar 3rd Avenue,False
319489407,319489405,81.80531767795433,residential,16th Cross Street,False
319489407,319489482,60.23068607729949,residential,21st Cross Street,False
319489407,313785362,98.99616794527459,tertiary,Indira Nagar 3rd Avenue,False
319489408,11670454698,55.093658529332856,residential,17th Cross Street,False
319489408,319489402,29.902067668800154,residential,17th Cross Street,False
319489408,319489388,125.78100319893844,residential,,False
319489411,11057770503,28.375603805976173,residential,28th Cross Street,False
319489411,319489402,78.63102738135355,residential,28th Cross Street,False
319489411,319489369,287.5318768795604,residential,28th Cross Street,False
319489421,2166973535,29.156443411406197,residential,,False
319489421,2166924842,17.117106186906234,residential,,False
319489421,319489310,84.9137910672843,residential,,False
319489449,319489369,46.29567834448832,residential,29th Cross Street,False
319489449,319489305,75.44990830797835,residential,,False
319489449,319489298,100.98977172871689,residential,29th Cross Street,False
319489458,13875637496,57.258429773709814,tertiary,Indira Nagar 3rd Avenue,False
319489458,319489403,208.41333156408737,tertiary,Indira Nagar 3rd Avenue,False
319489458,319489462,108.0625190756425,residential,Indira Nagar 4th Main Road,False
319489459,319489462,154.41690534160608,residential,Indira Nagar 4th Main Road,False
319489459,319489474,93.09050435631106,residential,4th Avenue,False
319489459,257430024,82.32862723743588,residential,4th Avenue,False
319489459,319489475,168.06448379515018,residential,25th Cross Street,False
319489461,319489482,63.571592947486096,residential,,False
319489461,319489471,76.35419758698475,residential,,False
319489461,319489475,115.87515960993022,residential,24th Cross Street,False
319489462,319489459,154.41690534160608,residential,Indira Nagar 4th Main Road,False
319489462,319489458,108.0625190756425,residential,Indira Nagar 4th Main Road,False
319489462,319489465,114.69849132587892,residential,265h Cross Street,False
319489465,319489403,118.74814295070341,residential,,False
319489465,319489468,130.41008538722122,residential,265h Cross Street,False
319489465,319489462,114.69849132587892,residential,265h Cross Street,False
319489468,319489474,46.7955719153024,residential,4th Avenue,False
319489468,319489471,52.11020667843844,residential,4th Avenue,False
319489468,319489465,130.41008538722122,residential,265h Cross Street,False
319489471,319489468,52.11020667843844,residential,4th Avenue,False
319489471,257430067,59.4926844104106,residential,4th Avenue,False
319489471,319489461,76.35419758698475,residential,,False
319489473,319489480,80.15358944306264,residential,,False
319489473,319489481,54.77782290567389,residential,3rd Main Road,False
319489473,319489477,72.96800413089814,residential,3rd Main Road,False
319489474,319489468,46.7955719153024,residential,4th Avenue,False
319489474,319489459,93.09050435631106,residential,4th Avenue,False
319489474,319489475,75.63489594937585,residential,3rd Main Road,False
319489475,319489481,57.706609704710964,residential,3rd Main Road,False
319489475,319489461,115.87515960993022,residential,24th Cross Street,False
319489475,319489474,75.63489594937585,residential,3rd Main Road,False
319489475,319489459,168.06448379515018,residential,25th Cross Street,False
319489477,319489480,100.62564955861936,residential,22nd Link Street,False
319489477,257430081,178.80446426631084,"['residential', 'tertiary']","['3rd Main Road', 'Indira Nagar 2nd Avenue']",False
319489477,319489473,72.96800413089815,residential,3rd Main Road,False
319489480,319489473,80.15358944306264,residential,,False
319489480,319489477,100.62564955861936,residential,22nd Link Street,False
319489480,319489482,111.57278791739857,residential,,False
319489481,319489473,54.77782290567389,residential,3rd Main Road,False
319489481,319489475,57.706609704710964,residential,3rd Main Road,False
319489481,319489482,133.19436764377906,residential,21st Cross Street,False
319489482,319489461,63.571592947486096,residential,,False
319489482,319489407,60.23068607729949,residential,21st Cross Street,False
319489482,319489481,133.19436764377906,residential,21st Cross Street,False
319489482,319489480,111.57278791739857,residential,,False
319489486,257430081,173.83018742086878,residential,LB Road 1st Street,False
319489486,10310854936,33.48973977386729,secondary,Dr. Muthulakshmi Road,True
319489516,257430025,239.77633490112976,secondary,Dr. Muthulakshmi Road,True
319489523,319489516,147.83495935873492,residential,1st Main Road,True
319489524,319489523,55.73550672350484,residential,,True
319489524,12157405822,69.4872290019097,primary,West Avenue Road,True
319489535,3350192367,13.771410976929642,secondary,Kalki Krishnamurty Road,True
319490079,319490080,84.79539530211667,living_street,,False
319490080,319490079,84.79539530211667,living_street,,False
319490080,319489523,121.62084797135358,residential,1st Main Road,True
319490080,319490084,55.641009221564055,residential,Kamarajar Nagar (west),False
319490080,2166924837,115.05310497430459,living_street,,False
319490084,319490080,55.641009221564055,residential,Kamarajar Nagar (west),False
319490084,319489524,118.79045976406077,primary,West Avenue Road,True
319490085,257439290,183.36473881622445,residential,,False
319490085,257432778,42.02186137582319,secondary,Kalki Krishnamurty Road,False
319490085,257432774,187.1714080321647,secondary,Kalki Krishnamurty Road,False
319490086,11655443007,109.26962171300367,residential,,False
319490089,2167013044,72.44241942028091,residential,,False
319490089,257432774,58.7698405496085,residential,,False
319490089,319490101,101.1982042175598,residential,,False
319490094,319490096,37.42307551621697,residential,,False
319490094,11806419122,11.578518082071074,residential,,False
319490094,2167013050,29.923642250957784,residential,,False
319490096,319490100,27.244981574672078,residential,,False
319490096,319490094,37.42307551621697,residential,,False
319490096,319490097,60.20398379468062,residential,,False
319490097,319490096,60.20398379468062,residential,,False
319490097,2167013042,12.597167342969309,residential,,False
319490097,2167013050,65.90569438649602,residential,,False
319490098,319490099,58.83019021561354,residential,,False
319490098,2167013042,21.34452128765299,residential,,False
319490098,2167013048,63.27883592120716,residential,,False
319490099,319490100,28.559786398928917,residential,,False
319490099,319490098,58.83019021561354,residential,,False
319490099,2167013048,57.943632205231665,residential,,False
319490100,319490099,28.559786398928917,residential,,False
319490100,319490096,27.244981574672078,residential,,False
319490100,319490101,32.867785033067605,residential,,False
319490101,319490100,32.867785033067605,residential,,False
319490101,2167013046,180.91612602482024,residential,,False
319490101,319490089,101.1982042175598,residential,,False
319490833,2166813753,48.559754157945385,residential,20th Cross Street,False
319490833,319490835,111.08378833837554,residential,18th Cross Street,False
319490833,2166836267,46.18173642147244,residential,,False
319490835,2166836269,43.95252871963663,residential,17th Cross Street,False
319490835,11670454698,48.694162500575956,residential,17th Cross Street,False
319490835,319490833,111.08378833837554,residential,18th Cross Street,False
319490835,257430069,66.27792189996543,residential,18th Cross Street,False
319490838,257430067,36.811538503811704,tertiary,Indira Nagar 3rd Avenue,False
319490838,11419978120,76.73142743410287,residential,,False
319490838,257430069,81.01883233307834,tertiary,Indira Nagar 3rd Avenue,False
319490848,2166860186,40.154844902746554,residential,,False
319490848,2166836267,42.94733857804379,residential,,False
319490848,11419978124,109.50121799399054,residential,13th Lane,False
319493743,12541133530,6.872490736192512,residential,,False
319493743,319493751,237.20413821826773,residential,Kamaraj Nagar,False
319493743,11037122652,283.72399627547827,secondary,Dr. Muthulakshmi Road,True
319493750,319493751,81.02516974484163,residential,,False
319493751,319493752,52.6561116011602,residential,,False
319493751,319493750,81.02516974484163,residential,,False
319493751,319493743,237.2041382182677,residential,Kamaraj Nagar,False
319493752,11772697257,29.55273459866429,living_street,Marundeeswar Nagar Main Road,False
319493752,319493751,52.6561116011602,residential,,False
319493752,310535968,45.3649216968221,residential,Marundeeswar Nagar Main Road,False
319493755,334648144,21.832071193067303,residential,Gangai Amman Koil Street,False
319493755,334648143,61.5558878952954,living_street,Raju Street,False
319493755,334267008,52.033936538426524,residential,Gangai Amman Koil Street,False
319493757,257432761,57.98389631354698,residential,1st Cross Street,False
319493757,3674408086,80.2035673336796,residential,Gangai Amman Koil Street,False
319493757,319493758,295.5503040019367,residential,1st Cross Street,False
319493758,319493767,55.13891657296101,residential,Radhakrishnan Nagar Main Road,False
319493758,319493768,66.53324724593995,residential,Radhakrishnan Nagar Main Road,False
319493758,319493757,295.5503040019367,residential,1st Cross Street,False
319493760,319493767,57.65057978650818,residential,Radhakrishnan Nagar Main Road,False
319493760,319493761,135.96679616185673,residential,3rd Cross Street,False
319493760,310535967,174.15328977015452,residential,Radhakrishnan Nagar Main Road,False
319493761,319493760,135.96679616185673,residential,3rd Cross Street,False
319493761,319493765,57.66440640030552,residential,,False
319493761,319493763,104.89518906651543,residential,,False
319493763,319493761,104.89518906651541,residential,,False
319493765,319493761,57.66440640030553,residential,,False
319493767,319493760,57.65057978650818,residential,Radhakrishnan Nagar Main Road,False
319493767,319493758,55.13891657296101,residential,Radhakrishnan Nagar Main Road,False
319493767,12060675401,215.91128060320136,residential,2nd Cross Street,False
319493768,319493758,66.53324724593995,residential,Radhakrishnan Nagar Main Road,False
319493768,319493854,22.671769319038944,residential,Radhakrishnan Nagar Main Road,False
319493768,2168668803,30.415603917708083,residential,Sriram Nagar Main Road,False
319493769,319493841,47.2704429053917,residential,Valmiki Street,False
319493769,319493770,116.77408858816563,residential,Jeevanandam Street,False
319493769,319493832,188.19914561147633,residential,Sriram Nagar Main Road,False
319493770,319493771,37.73441999982705,residential,Kamaraj Street,False
319493770,319493779,10.662672531957286,residential,Kamaraj Street,False
319493770,319493769,116.77408858816563,residential,Jeevanandam Street,False
319493771,257432761,40.94892565281304,residential,Kamaraj Street,False
319493771,319493770,37.73441999982705,residential,Kamaraj Street,False
319493771,319493772,93.62067345229826,living_street,MGR Street,False
319493771,319493783,130.93968044822213,residential,3rd Street,False
319493772,319493771,93.62067345229826,living_street,MGR Street,False
319493779,319493770,10.662672531957286,residential,Kamaraj Street,False
319493779,11801341350,26.708186062301383,residential,Kamaraj Street,False
319493779,319493780,125.48051556006175,residential,2nd Street,False
319493780,319493845,46.382178308666184,residential,Muthulakshmi Street,False
319493780,319493783,54.568004943454994,residential,Muthulakshmi Street,False
319493780,319493779,125.48051556006175,residential,2nd Street,False
319493783,319493780,54.568004943454994,residential,Muthulakshmi Street,False
319493783,257430162,38.32134448047995,residential,Muthulakshmi Street,False
319493783,319493771,130.93968044822213,residential,3rd Street,False
319493784,11041730091,77.8594591702883,living_street,4th Street,False
319493784,11491457873,12.532067266154575,residential,Kamaraj Street,False
319493784,257432761,12.677362234792374,residential,Kamaraj Street,False
319493811,319493819,79.59333161266099,residential,1st Street,False
319493811,319493829,27.43905508960255,residential,Kamaraj Street,False
319493811,257432757,140.36120627374808,residential,Kamaraj Street,False
319493819,319493811,79.59333161266099,residential,1st Street,False
319493827,310535823,41.03316458291116,residential,Kalakshetra Road,False
319493827,334267056,84.14256789083002,residential,Kalakshetra Avenue 2nd Street,False
319493827,257432757,100.15611412062968,residential,Kalakshetra Road,False
319493828,310535823,47.302956792818364,residential,Kalakshetra Avenue 1st Street,False
319493828,319493841,93.74296296744411,residential,Kalakshetra Avenue 1st Street,False
319493828,334267079,98.66978649263409,residential,2nd Avenue,False
319493829,319493846,85.1177664889114,living_street,2nd Street,False
319493829,11591485617,18.204646837327463,residential,Kamaraj Street,False
319493829,319493811,27.43905508960255,residential,Kamaraj Street,False
319493831,11801341350,89.84968277795802,residential,4th Street,False
319493832,2168668803,22.576827786033267,residential,Sriram Nagar Main Road,False
319493832,319493840,45.126298535051056,residential,,False
319493832,319493769,188.19914561147633,residential,Sriram Nagar Main Road,False
319493840,319493832,45.126298535051056,residential,,False
319493840,11757871848,212.11056613216252,residential,,False
319493840,319493841,187.47963265282073,residential,Sriram Nagar 1st Street,False
319493841,319493769,47.2704429053917,residential,Valmiki Street,False
319493841,319493828,93.74296296744411,residential,Kalakshetra Avenue 1st Street,False
319493841,319493840,187.47963265282073,residential,Sriram Nagar 1st Street,False
319493845,319493780,46.382178308666184,residential,Muthulakshmi Street,False
319493845,257432760,125.89167681075995,residential,1st Street,False
319493845,257430164,240.38144257015625,residential,Muthulakshmi Street,False
319493846,319493829,85.1177664889114,living_street,2nd Street,False
319493853,319493858,24.655105364333007,residential,,False
319493853,319493854,46.90494812448408,residential,,False
319493853,319493857,145.05991436802057,residential,,False
319493854,319493768,22.671769319038944,residential,Radhakrishnan Nagar Main Road,False
319493854,319493853,46.90494812448408,residential,,False
319493854,334267100,97.5914833859957,residential,Radhakrishnan Nagar Main Road,False
319493856,319493858,9.761666169494656,residential,,False
319493857,11757813314,14.168004632279274,residential,,False
319493857,319493853,145.0599143680206,residential,,False
319493857,319493858,84.03968652001942,residential,LIC Colony,False
319493858,319493853,24.655105364333007,residential,,False
319493858,319493856,9.761666169494656,residential,,False
319493858,319493857,84.03968652001942,residential,LIC Colony,False
319493860,7024968822,225.21902944966365,residential,Anand Apartments Road,False
319494419,334267079,17.55187268125789,residential,Kalakshetra Road,False
319494419,334267076,84.5221444871407,residential,,False
319494419,310535823,40.39994802097246,residential,Kalakshetra Road,False
319494422,12088978424,5.172401638645868,residential,Valmiki Street,False
319494422,310535824,23.40215834182791,residential,Valmiki Street,False
319494422,2167054630,136.92032289243818,residential,Cholapuram Street,False
319494424,319494425,169.03555203185638,residential,Balu Street,False
319494424,2167054622,41.47986827147092,residential,Valmiki Street,False
319494424,2167054624,4.743925276700882,residential,Valmiki Street,False
319494425,319494424,169.03555203185638,residential,Balu Street,False
319494426,2167054624,17.593102687539645,residential,Valmiki Street,False
319494426,12088978424,41.36919142131211,residential,Valmiki Street,False
319494426,319494428,55.74342408171769,residential,,False
319494428,319494426,55.743424081717706,residential,,False
319494430,319494431,54.61133800199623,residential,2nd East Street,False
319494430,319494440,73.74448376639101,residential,1st East Street,False
319494430,319494433,60.79806418985844,residential,2nd East Street,False
319494431,319494430,54.61133800199623,residential,2nd East Street,False
319494432,9179560495,40.04619841645679,residential,2nd East Street,False
319494432,319494435,179.01444194137866,primary,Thiruvalluvar Road,True
319494433,9179560495,32.416167914218846,residential,2nd East Street,False
319494433,319494436,177.32097656667912,residential,3rd East Street,False
319494433,319494430,60.79806418985844,residential,2nd East Street,False
319494435,9179560494,42.495544549383624,residential,,False
319494435,310535907,146.87417856983095,primary,Thiruvalluvar Road,True
319494436,319494433,177.32097656667912,residential,3rd East Street,False
319494436,9179560494,28.301918088021274,residential,,False
319494436,310535907,215.8244614904154,residential,"['3rd East Street', '4th East Street']",False
319494439,310535966,69.98519456523678,residential,Kalakshetra Road,False
319494439,310535820,147.85480407337042,residential,Kalakshetra Road,False
319494439,319494440,165.44860767631417,residential,Sivasundar 1st Avenue,False
319494440,319494430,73.74448376639101,residential,1st East Street,False
319494440,319494439,165.44860767631417,residential,Sivasundar 1st Avenue,False
319494440,2167054629,101.3613091044954,residential,"['1st East Street', 'Sivasundar 2nd Avenue']",False
319495758,319495759,29.115254898117012,residential,,False
319495758,319495761,20.180779817370606,residential,,False
319495758,11041722780,71.80257574105497,residential,Anna Colony,False
319495759,319495758,29.115254898117012,residential,,False
319495759,319495764,82.05821243545648,residential,29th Cross Street,False
319495759,11041722780,112.16749405056495,residential,,False
319495760,257440304,57.465466673748196,residential,Tiger Varadachari Road,False
319495760,334650984,11.994563650532383,residential,Tiger Varadachari Road,False
319495760,319495763,134.09541547265522,residential,29th Cross Street,False
319495761,319495758,20.180779817370606,residential,,False
319495761,257430048,50.5580333497136,residential,,False
319495761,334267127,158.5188715951741,residential,30th Cross Street,False
319495762,319500423,134.91652131834869,residential,30th Cross Street,False
319495762,334267127,40.19867513479828,residential,30th Cross Street,False
319495762,319495763,47.33774717392516,residential,,False
319495763,319495760,134.09541547265522,residential,29th Cross Street,False
319495763,319495764,116.41808307896953,residential,29th Cross Street,False
319495763,319495762,47.33774717392516,residential,,False
319495764,319495770,56.22099341962006,residential,Neduchezhian Road,False
319495764,319495763,116.41808307896953,residential,29th Cross Street,False
319495764,319495759,82.05821243545648,residential,29th Cross Street,False
319495770,319495772,62.103511677665004,residential,Neduchezhian Road,False
319495770,319495764,56.22099341962006,residential,Neduchezhian Road,False
319495770,257440304,245.91609704313439,residential,Rukmani Road,False
319495770,319497840,227.90347731626642,residential,Rukmani Road,False
319495772,319495773,69.93048469833917,residential,Neduchezhian Road,False
319495772,319495770,62.103511677665004,residential,Neduchezhian Road,False
319495772,257440271,242.94680384445817,residential,MG Ramachandran Road,False
319495772,257440311,228.48283139816652,residential,MG Ramachandran Road,False
319495773,319500476,33.06764567254535,residential,Beach Road,False
319495773,319500480,43.4398279959997,residential,Beach Road,False
319495773,319495772,69.93048469833917,residential,Neduchezhian Road,False
319495776,334651429,34.913938707178424,residential,Beach Road,True
319495776,319495777,38.99668294878804,residential,Rukmani Road,False
319495776,11772936284,86.0884451697115,residential,Rukmani Road,False
319495777,319495776,38.99668294878804,residential,Rukmani Road,False
319495777,257440296,124.95336996314217,residential,Beach Road,False
319495777,319495778,102.36459928933273,residential,Rukmani Road,False
319495778,319495780,18.488415363529928,residential,Arundale Beach Road,False
319495778,257440275,127.93613307890834,residential,Arundale Beach Road,False
319495778,319495777,102.36459928933273,residential,Rukmani Road,False
319495780,334651031,62.52717737663877,residential,Arundale Beach Road,False
319495780,319495778,18.488415363529928,residential,Arundale Beach Road,False
319495780,319495781,44.11464565632144,residential,Pari Street,False
319495781,319495786,46.25001064545424,residential,Kambar Street,False
319495781,319495780,44.11464565632144,residential,Pari Street,False
319495781,319495785,106.05955318176572,residential,Pari Street,False
319495782,319495786,50.064445854783585,residential,Kambar Street,False
319495782,319495783,60.1201168290811,residential,Jeevanathan Street,False
319495782,12069331922,18.63902430669165,residential,,False
319495783,319495782,60.1201168290811,residential,Jeevanathan Street,False
319495783,319495784,50.54668277510235,living_street,,False
319495783,319495785,50.8503359037259,residential,,False
319495784,319500447,33.782383906620005,residential,Kumannan Street,False
319495784,319495783,50.54668277510235,living_street,,False
319495784,319495787,46.23055928488094,residential,Kumannan Street,False
319495785,319495786,62.45833176788714,residential,,False
319495785,319495783,50.8503359037259,residential,,False
319495785,319495781,106.05955318176572,residential,Pari Street,False
319495786,319495785,62.45833176788714,residential,,False
319495786,319495782,50.064445854783585,residential,Kambar Street,False
319495786,319495781,46.25001064545424,residential,Kambar Street,False
319495787,319500458,52.074765467205005,residential,Gangai Street,False
319495787,257440279,49.43922078576942,residential,Nava Bharath Colony 1st Street,False
319495787,319500475,100.03151666661613,residential,Gangai Street,False
319495787,319495784,46.23055928488094,residential,Kumannan Street,False
319495788,319500475,110.4562078795806,residential,Gangai Street,False
319495788,319500452,47.31326454846612,residential,Coastal Road,False
319495788,334651031,156.69817389142887,residential,Coastal Road,False
319495789,11639697316,42.71027682585986,residential,Beach Road,True
319495789,11757720109,85.68308318176435,residential,Ashtalakshmi Garden,False
319495789,3701044129,64.51672043211914,residential,Coastal Road,False
319495792,4392279595,22.112347675650323,residential,,False
319495792,2168582368,32.76390784488811,residential,Beach Road,True
319496128,12069344946,82.29462420750913,residential,,True
319496128,2168628529,136.99866329015606,residential,,False
319496128,257430107,74.02085079116782,residential,,False
319497839,257440271,69.6502072912766,residential,MG Ramachandran Road,False
319497840,257440311,62.29063673926347,residential,,False
319497840,319495770,227.90347731626642,residential,Rukmani Road,False
319497840,319497844,50.334518899560976,residential,Rukmani Road,False
319497844,319497840,50.334518899560976,residential,Rukmani Road,False
319497847,257430160,45.25344598060875,residential,TM Maistry Street,False
319497847,3900810109,17.966827935922655,residential,TM Maistry Street,False
319497847,257440311,198.68403085642177,residential,Mahalxmi Avenue,False
319500423,334650984,35.4049467080406,residential,Tiger Varadachari Road,False
319500423,11772936282,19.111886951211766,residential,Tiger Varadachari Road,False
319500423,319495762,134.91652131834869,residential,30th Cross Street,False
319500445,257440275,130.93370086597656,residential,Arundale Beach Road,False
319500445,319500477,68.82015345646047,residential,Arundale Beach Road,False
319500445,319500447,198.38617031968073,residential,Apper Street,False
319500447,319495784,33.782383906620005,residential,Kumannan Street,False
319500447,257440275,73.78774818767323,residential,Kumannan Street,False
319500447,319500445,198.38617031968073,residential,Apper Street,False
319500449,334267140,36.1120504110086,residential,Gangai Street,False
319500450,334267143,50.59962010304655,residential,Cauvery Street,False
319500451,319500452,108.72986195171717,residential,Cauvery Street,False
319500451,257440279,102.42046246986763,residential,Cauvery Street,False
319500451,319500475,47.937758378639494,residential,,False
319500452,319500451,108.72986195171717,residential,Cauvery Street,False
319500452,319495788,47.31326454846612,residential,Coastal Road,False
319500452,257440286,109.58811784055973,residential,Coastal Road,False
319500453,319500467,30.332862511296955,residential,Thirumurugan Street,False
319500453,334267165,80.19827223398039,residential,Thirumurugan Street,False
319500453,334267155,39.13288079532617,residential,,False
319500454,319500463,26.544470209339668,residential,,False
319500454,319500459,14.127255386480872,residential,,False
319500454,334267147,34.56409968395917,residential,Thirumurugan Street,False
319500456,319500457,41.30961722996742,residential,,False
319500456,319500463,37.63190754374205,residential,,False
319500456,319500464,109.82496556310227,residential,"['Raja Raja Cholan Street', 'Yamuna Street']",False
319500457,257440279,49.97539443864608,residential,Cauvery Street,False
319500457,334267143,34.908150595532895,residential,Cauvery Street,False
319500457,319500458,50.85408673349774,residential,,False
319500457,319500456,41.30961722996742,residential,,False
319500458,319495787,52.074765467205005,residential,Gangai Street,False
319500458,334267140,35.248639629133976,residential,Gangai Street,False
319500458,319500457,50.85408673349774,residential,,False
319500459,319500454,14.127255386480872,residential,,False
319500459,11328787841,26.765208151716465,residential,,False
319500459,319500466,74.75267850155029,residential,Parvathi Street,False
319500463,319500454,26.544470209339668,residential,,False
319500463,319500464,75.73410117085177,residential,Maruthapandian Street,False
319500463,319500456,37.63190754374205,residential,,False
319500464,319500463,75.73410117085177,residential,Maruthapandian Street,False
319500464,319500466,40.273269184447344,residential,Raja Raja Cholan Street,False
319500464,319500456,109.82496556310227,residential,"['Yamuna Street', 'Raja Raja Cholan Street']",False
319500466,12062541389,105.26028740299793,residential,Parvathi Street,False
319500466,319500459,74.75267850155029,residential,Parvathi Street,False
319500466,319500464,40.273269184447344,residential,Raja Raja Cholan Street,False
319500467,334267147,12.70192210037124,residential,Thirumurugan Street,False
319500467,319500453,30.332862511296955,residential,Thirumurugan Street,False
319500467,319500468,57.91489133761337,residential,Nava Bharath Colony 1st Street,False
319500468,319500467,57.91489133761337,residential,Nava Bharath Colony 1st Street,False
319500468,319500470,215.19095921591173,residential,Vaigai Street,False
319500468,257440279,48.817352184592046,residential,Nava Bharath Colony 1st Street,False
319500470,334267160,15.17507447000934,residential,Thirumurugan Street,False
319500470,257440286,58.53883233658723,residential,Thirumurugan Street,False
319500470,319500468,215.1909592159117,residential,Vaigai Street,False
319500475,319495788,110.4562078795806,residential,Gangai Street,False
319500475,319500451,47.937758378639494,residential,,False
319500475,319495787,100.03151666661614,residential,Gangai Street,False
319500476,319495773,33.06764567254535,residential,Beach Road,False
319500476,319500501,32.947657886113106,residential,2nd Street,False
319500476,257440296,207.36982258898675,residential,Beach Road,False
319500477,319500445,68.82015345646047,residential,Arundale Beach Road,False
319500477,319500486,75.6757581783347,residential,Arundale Beach Road,False
319500477,319500501,56.408500772349086,residential,2nd Street,False
319500480,319495773,43.4398279959997,residential,Beach Road,False
319500480,257430167,187.5689582579364,residential,Beach Road,False
319500480,319500502,32.76849445218301,residential,1st Street,False
319500486,319500477,75.6757581783347,residential,Arundale Beach Road,False
319500486,319500502,57.31296129026003,residential,1st Street,False
319500486,257440290,195.13628061782157,residential,Arundale Beach Road,False
319500501,319500477,56.408500772349086,residential,2nd Street,False
319500501,319500476,32.947657886113106,residential,2nd Street,False
319500501,319500502,75.54547348483858,residential,3rd Street,False
319500502,319500486,57.31296129026003,residential,1st Street,False
319500502,319500480,32.76849445218301,residential,1st Street,False
319500502,319500501,75.54547348483858,residential,3rd Street,False
319500503,11757813355,38.63162617098733,residential,Jayaram Street,False
319500503,11757813352,37.07466063726404,residential,,False
319500503,319500505,114.65304123236973,residential,Jayaram Street,False
319500505,10786607273,82.52512497110656,residential,,False
319500505,319500503,114.65304123236973,residential,Jayaram Street,False
319500505,319500507,185.8471477620905,residential,Jayaram Street,False
319500507,319500510,254.45338406429534,residential,Vemballiamman Koil Street,False
319500507,319500505,185.84714776209046,residential,Jayaram Street,False
319500510,11757813353,71.70697848676089,residential,Vemballiamman Koil Street,False
319500510,319500507,254.4533840642953,residential,Vemballiamman Koil Street,False
319500511,319500519,77.39224434057516,residential,Thiruvanmiyur Kuppam Beach Road,False
319500511,301299619,73.88037157120364,residential,Thiruvanmiyur Kuppam Beach Road,False
319500511,9179560478,100.19117568302251,residential,Rajagopalan Road,False
319500511,319500530,38.41779051888755,living_street,,False
319500512,319500520,37.4706098936836,living_street,,False
319500512,319500516,71.28495437771767,living_street,3rd Street,False
319500512,319500515,114.05858247651295,living_street,3rd Street,False
319500514,319500520,71.97458988530374,living_street,2nd Street,False
319500515,319500520,81.10806919300839,living_street,2nd Street,False
319500515,319500521,33.01623930373581,living_street,,False
319500515,319500512,114.05858247651295,living_street,3rd Street,False
319500516,319500512,71.28495437771767,living_street,3rd Street,False
319500519,301299640,7.459582340454171,residential,Thiruvanmiyur Kuppam Beach Road,False
319500519,319500511,77.39224434057516,residential,Thiruvanmiyur Kuppam Beach Road,False
319500519,319500521,38.34158937084982,living_street,,False
319500520,319500515,81.10806919300839,living_street,2nd Street,False
319500520,319500514,71.97458988530374,living_street,2nd Street,False
319500520,319500512,37.4706098936836,living_street,,False
319500520,319500530,31.500271553149428,living_street,,False
319500521,319500530,79.51299541717356,living_street,1st Street,False
319500521,319500519,38.34158937084982,living_street,,False
319500521,319500515,33.01623930373581,living_street,,False
319500530,319500546,72.73042171714292,living_street,1st Street,False
319500530,319500521,79.51299541717356,living_street,1st Street,False
319500530,319500520,31.500271553149428,living_street,,False
319500530,319500511,38.41779051888755,living_street,,False
319500546,319500530,72.73042171714292,living_street,1st Street,False
319500550,319500582,59.91768140051888,residential,Sannadi Street,False
319500550,6341503681,40.253039764411284,residential,West Mada Street,False
319500550,319500557,41.996697390988125,residential,Chitrakulam Street,False
319500557,319500550,41.996697390988125,residential,Chitrakulam Street,False
319500557,333732481,148.2852864529718,residential,Chitrakulam Street,False
319500557,9179560473,62.846092716581616,residential,Mettu Street,False
319500580,9179560473,68.68290912955395,residential,Mettu Street,False
319500580,5458687167,18.4587177162514,primary,East Coast Road,True
319500581,319500582,50.04891039924251,residential,Sannadi Street,False
319500581,257430170,14.311397927911576,residential,East Mada Street,False
319500581,301299658,199.5072191371053,residential,East Mada Street,False
319500582,319500581,50.04891039924251,residential,Sannadi Street,False
319500582,319500550,59.91768140051888,residential,Sannadi Street,False
319500582,319500583,108.61986103095735,residential,Lalitha Garden,False
319500583,319500582,108.61986103095735,residential,Lalitha Garden,False
325206177,300313019,57.62516977487369,primary,Velachery Bypass Road,True
325206177,300310320,137.8200880179426,residential,Janakpuri 1st Street,False
325206177,338406737,14.658681551721873,residential,,False
325206256,277911477,30.36675776465001,primary,Velachery Bypass Road,True
325206256,277911476,74.74174219050731,tertiary,Dhroupathy Amman Koil Street,False
325206353,338406743,131.50646790218175,residential,Pandian Street,False
325206584,338406748,117.02226491761657,residential,Radhakrishnan Street,False
325206636,338440033,18.603777902016382,residential,Lakshmipuram Street,False
325206636,11770278873,28.385978131107155,residential,Lakshmipuram Street,False
325206636,277911475,60.62814771368303,residential,,False
325206683,2442518721,22.83888055886742,secondary,Velachery Main Road,False
325206683,338440186,101.81132043802315,residential,Lakshmipuram Main Road,False
325206683,300195626,70.54187292643402,secondary,Velachery Main Road,False
325207106,2168591067,131.3458529353318,secondary,Velachery Main Road,False
325207106,11052089962,32.62721363397589,secondary,Velachery Main Road,False
325207106,3431404935,59.64828697374835,tertiary,JagannathaPuram 3rd Main Road,False
325207131,3431404935,33.46988566450807,tertiary,JagannathaPuram 3rd Main Road,False
325207131,300312864,70.06156757554378,residential,JagannathaPuram 1st Main road,False
325207131,3431404936,87.85853157655728,tertiary,JagannathaPuram 3rd Main Road,False
325207171,300312948,47.84811654811699,residential,RajaLaxmi Nagar 2nd main Road,False
325207171,325207254,51.05407312280758,residential,RajaLaxmi Nagar 2nd main Road,False
325207171,300313002,109.40515192352558,residential,RajaLaxmi Nagar 5th cross Street,False
325207171,325207217,67.22373736502588,residential,RajaLaxmi Nagar 5th cross Street,False
325207217,325207171,67.22373736502588,residential,RajaLaxmi Nagar 5th cross Street,False
325207217,325207251,45.7587793527394,tertiary,RajaLaxmi Nagar 3rd Main Road,False
325207217,325207278,88.50640074254954,tertiary,RajaLaxmi Nagar 3rd Main Road,False
325207251,325207254,65.97215616305843,residential,JagannathaPuram 2nd Street,False
325207251,325207217,45.7587793527394,tertiary,RajaLaxmi Nagar 3rd Main Road,False
325207251,3431404936,76.71080799746316,tertiary,"['RajaLaxmi Nagar 3rd Main Road', 'JagannathaPuram 3rd Main Road']",False
325207254,300312835,91.76795673232782,residential,JagannathaPuram 2nd Street,False
325207254,325207251,65.97215616305843,residential,JagannathaPuram 2nd Street,False
325207254,325207171,51.05407312280758,residential,RajaLaxmi Nagar 2nd main Road,False
325207254,3426336738,59.018708991478526,residential,"['JagannathaPuram 2nd Main road', 'RajaLaxmi Nagar 2nd main Road']",False
325207257,4358646185,60.75312630462795,residential,Rajalakshmi Nagar 7th Cross Street,False
325207257,338223272,97.68399843961299,primary,Velachery Bypass Road,True
325207278,325207279,74.30814212612093,residential,RajaLaxmi Nagar 10th Street,False
325207278,4304449135,56.1166149008925,tertiary,RajaLaxmi Nagar 3rd Main Road,False
325207278,325207217,88.50640074254956,tertiary,RajaLaxmi Nagar 3rd Main Road,False
325207279,4300667151,55.850432792898864,residential,RajaLaxmi Nagar 2nd main Road,False
325207279,300312948,40.43923947349268,residential,RajaLaxmi Nagar 2nd main Road,False
325207279,325207278,74.30814212612093,residential,RajaLaxmi Nagar 10th Street,False
325207488,338406694,14.56411356664545,tertiary,Marudupandi Street,False
325207488,4265654365,16.014937869801297,primary,Velachery Bypass Road,True
325207996,300195629,22.281120559358218,secondary,Velachery Main Road,False
325207996,300464446,177.421872368478,residential,Telungu Brahmin Street,False
325207996,325208906,49.87144359892072,secondary,Velachery Main Road,False
325208249,4335419613,64.39777485462913,residential,,False
325208249,11549375624,97.22709928023052,residential,Pillaiyar Koil Street,False
325208249,299883329,71.48578054698379,residential,,False
325208583,300463862,52.17245606843575,residential,Dhandeeswaram Nagar 1st Cross Road,False
325208583,3265132498,78.27317694398506,residential,Dhandeeshwaram Nagar 6th Main Road,False
325208583,325208596,117.5578229109467,residential,"['Dhandeeshwaram Nagar 6th Main Road Avenue', 'Dhandeeswaram Nagar 1st Cross Road']",False
325208583,325209570,50.026427314546666,residential,,False
325208596,11431675433,48.72306953165085,residential,Dhandeeshwaram Nagar 2nd Cross Street,False
325208596,3265132498,44.0910219077169,residential,Dhandeeshwaram Nagar 2nd Cross Street,False
325208596,325208583,117.5578229109467,residential,"['Dhandeeswaram Nagar 1st Cross Road', 'Dhandeeshwaram Nagar 6th Main Road Avenue']",False
325208906,11052089962,83.0804449576927,secondary,Velachery Main Road,False
325208906,325208966,29.522318788646263,residential,Brahmin Street,False
325208906,325207996,49.87144359892072,secondary,Velachery Main Road,False
325208966,325208906,29.522318788646263,residential,Brahmin Street,False
325208966,300464447,166.71774853340798,residential,Brahmin Street,False
325208966,300463790,56.77681879000607,residential,Nattar Street,False
325209149,300463817,21.79896008983157,residential,Dandeeswaram Main Road,False
325209149,338222919,51.52537519993785,residential,Dandeeswaram Main Road,False
325209149,4278233220,65.20662029938208,residential,Dhandeeshwaram 2st cross street,False
325209226,300312481,60.47344180061465,residential,Ravi Street,False
325209226,300312750,58.1285588725783,residential,Ravi Street,False
325209226,325209255,83.30896399484229,residential,Amuda Street,False
325209255,325209226,83.30896399484229,residential,Amuda Street,False
325209255,12033352013,26.461148406548215,residential,,False
325209255,12033352014,26.51586701770988,residential,,False
325209290,300312750,42.10396687807226,residential,Selvi Street,False
325209290,4278233219,40.04153627748631,residential,Kambar,False
325209290,300312748,154.85986000355814,residential,Selvi Street,False
325209310,11618401738,54.34736184335059,residential,Bharathi Street,False
325209310,300196199,24.19882436633918,residential,Dhandeeshwaram Nagar 7th Main Road,False
325209310,6552436477,66.86178342024206,residential,Dhandeeshwaram Nagar 7th Main Road,False
325209344,300311903,130.70786981601464,residential,,False
325209344,300463832,45.9853445913059,residential,,False
325209344,325209359,48.09548221686387,residential,Dhandeeshwaram 4th cross street,False
325209345,338222919,46.745197814181914,residential,Dandeeswaram Main Road,False
325209345,4265677246,32.03201553414999,residential,Dandeeswaram Main Road,False
325209345,325209359,82.63136120085319,residential,Dhandeeshwaram 4th cross street,False
325209359,325209345,82.63136120085319,residential,Dhandeeshwaram 4th cross street,False
325209359,325209344,48.09548221686387,residential,Dhandeeshwaram 4th cross street,False
325209359,325209363,152.0251580272701,residential,Dhandeeshwaram 6th cross street,False
325209363,4265677246,42.69650566040133,residential,Dandeeswaram Main Road,False
325209363,300196199,54.596544931450126,residential,Dandeeswaram Main Road,False
325209363,4278233222,75.91234711078943,residential,Dhandeeshwaram Nagar 6th Main Road,False
325209363,325209359,152.0251580272701,residential,Dhandeeshwaram 6th cross street,False
325209553,325210343,75.40684617795883,residential,Dhandeeshwaram Nagar 9th Cross Avenue,False
325209553,300311630,69.28832742625437,residential,Dhandeeswaram Nagar 8th Cross Road,False
325209553,325209560,37.66736633965303,residential,Dhandeeswaram Nagar 8th Cross Road,False
325209556,300463822,24.992776518755015,residential,,False
325209556,325209560,128.54409119250585,residential,,False
325209556,300463832,99.57060903536099,residential,,False
325209560,325209556,128.54409119250585,residential,,False
325209560,6445277942,28.771341322006585,residential,Dhandeeswaram Nagar 8th Cross Road,False
325209560,325209553,37.66736633965303,residential,Dhandeeswaram Nagar 8th Cross Road,False
325209567,2407565892,22.039752998044843,residential,East Mada Street,False
325209567,300312789,93.44785703365167,residential,East Mada Street,False
325209567,11431653775,76.34827251680467,residential,Thirumekarai Street,False
325209570,325209625,149.51121910281483,residential,Karunambigai Road,False
325209570,11431653775,27.09853032321699,residential,Thirumekarai Street,False
325209570,325208583,50.026427314546666,residential,,False
325209625,325209570,149.51121910281483,residential,Karunambigai Road,False
325209831,4265546765,14.077028957301492,residential,Tansi Nagar 3rd street,False
325209831,6588259895,158.34239010333025,primary,Taramani Link Road,True
325209833,325210170,75.76201548958186,residential,Dhandeeswaram Nagar 4th Avenue [west],False
325209833,6547624284,43.99931122913115,residential,Dhandeeshwaram Nagar 7th Main Road,False
325209833,325210163,43.743226740073396,residential,Dhandeeshwaram Nagar 7th Main Road,False
325209833,300311905,105.33112036474282,residential,Dhandeeswaram Nagar 4th Avenue(East),False
325209851,6547635085,83.63953523117164,residential,Dhandeeshwaram Nagar 3rd Avenue (East),False
325209851,338461438,42.20934715522909,residential,Dhandeeshwaram Nagar 7th Main Road,False
325209851,6547624284,6.4241855463163775,residential,Dhandeeshwaram Nagar 7th Main Road,False
325209921,4221820418,61.72375623696147,residential,Rani Street,False
325209921,300312361,42.99209218735314,residential,Rani Street,False
325209921,4221820417,135.27399869284068,residential,"['Prabhu Lane', 'Seethapathy Nagar 2rd Cross Street']",False
325209932,4221820418,41.70709059234715,residential,Rani Street,False
325209932,325209943,70.93337124644796,residential,Raja Street,False
325209932,325210015,48.51326199484527,residential,Raja Street,False
325209932,300312362,58.44968491346724,residential,Rani Street,False
325209943,4221820417,40.81864827162714,residential,Seethapathy Nagar 2rd Cross Street,False
325209943,300312549,59.13862194242669,residential,Seethapathy Nagar 2rd Cross Street,False
325209943,325209932,70.93337124644796,residential,Raja Street,False
325209951,300312074,41.49421036590366,residential,Raja Street,False
325209951,4279691215,17.41562119977607,residential,Shanti Street,False
325209951,300312067,161.51525507650555,residential,Shanti Street,False
325210015,325209932,48.51326199484527,residential,Raja Street,False
325210015,300312074,47.389448356657134,residential,Raja Street,False
325210015,300312632,151.82283774296752,residential,Latha Street,False
325210157,325210158,37.683733369246404,residential,Seethapathy Nagar Extn,False
325210157,300311905,53.21197419816798,residential,Seethapathy Nagar Extn,False
325210157,325210163,103.69544043486815,residential,dhandeeswaram Nagar 5th Avenue East,False
325210158,325210157,37.683733369246404,residential,Seethapathy Nagar Extn,False
325210158,338417891,42.16482935712744,residential,Dhandeeswaram Nagar 7th Avenue(East),False
325210158,1528037753,46.054721568026615,residential,Seethapathy Nagar Extn,False
325210159,1528037753,11.873442626045035,residential,Seethapathy Nagar Extn,False
325210159,2146417139,338.8008943038226,primary,Taramani Link Road,True
325210162,338417891,88.84879960228398,residential,Dhandeeswaram Nagar 7th Avenue(East),False
325210162,338417897,65.27509443686228,residential,,False
325210162,338417885,53.992683680071416,residential,Dhandeeshwaram Nagar 7th Main Road,False
325210163,325209833,43.743226740073396,residential,Dhandeeshwaram Nagar 7th Main Road,False
325210163,338417903,15.21292446504693,residential,Dhandeeshwaram Nagar 7th Main Road,False
325210163,325210157,103.69544043486815,residential,dhandeeswaram Nagar 5th Avenue East,False
325210170,325209833,75.76201548958186,residential,Dhandeeswaram Nagar 4th Avenue [west],False
325210170,4278233218,33.547878215468934,residential,Dhandeeswaram Nagar 4th Avenue [west],False
325210170,338417903,139.03171583139107,residential,"['Dhandeeswaram Nagar 5th Avenue [west]', 'Dhandeeswaram Nagar 4th Avenue [west] 1 cross street']",False
325210179,325210234,48.690545047736826,residential,Dhandeeswaram Nagar 9th Main Road;Tansi Nagar 3rd street,False
325210179,2168576110,45.8346340033737,residential,Dhandeeswaram Nagar 9th Main Road;Tansi Nagar 3rd street,False
325210179,338417876,109.80566647031861,residential,Dhandeeswaram Nagar 12th Cross Road,False
325210202,4278284259,34.77381251951574,residential,Dhandeeswaram Nagar 12th Cross Road,False
325210234,300311871,55.81103821744607,residential,Dhandeeswaram Nagar 9th Main Road;Tansi Nagar 3rd street,False
325210234,325210179,48.690545047736826,residential,Dhandeeswaram Nagar 9th Main Road;Tansi Nagar 3rd street,False
325210234,325210242,107.64554081154438,residential,Dhandeeswaram Nagar 11th Cross Road,False
325210242,325210234,107.64554081154438,residential,Dhandeeswaram Nagar 11th Cross Road,False
325210242,338417879,58.8111795980906,residential,Dhandeeswaram Nagar 10th Main Road,False
325210242,338417876,36.975872541700014,residential,Dhandeeswaram Nagar 10th Main Road,False
325210260,338417879,76.28558213709034,residential,Dhandeeswaram Nagar 10th Cross Road,False
325210260,300311871,31.117215492016026,residential,Dhandeeswaram Nagar 10th Cross Road,False
325210260,300311870,69.13585469642346,residential,Dhandeeshwaram Nagar 3rd Main Road,False
325210282,2407564048,8.981709014870548,residential,Dhandeeswaram Nagar 9th Cross Road,False
325210343,325209553,75.40684617795883,residential,Dhandeeshwaram Nagar 9th Cross Avenue,False
325210343,2407564048,48.031081137367266,residential,Dhandeeswaram Nagar 9th Cross Road,False
325210343,300311870,70.51557512067922,residential,Dhandeeswaram Nagar 9th Cross Road,False
325210401,4926000719,55.80934280227075,residential,LIC Colony 2nd Street,False
325210401,338461428,51.34886620446537,residential,LIC Colony Main Road,False
325210401,11043788307,222.215255081186,residential,Tansi Nagar 1st Street,False
325210402,338461410,51.507769314015164,secondary,Velachery Main Road,False
325210402,299883320,398.42716155077983,secondary,Velachery Main Road,False
325210402,338461428,110.30732014826376,residential,LIC Colony Main Road,False
330401242,299878196,144.16560516087117,residential,,False
330401242,299878227,48.6478599896129,residential,,False
330401242,300165032,48.88768682457137,residential,,False
330401245,299877858,91.32632358375125,residential,Chokkalingam Nagar Road,False
330401245,299877805,74.30291981627077,residential,AGS Colony 4th Main Road,False
330401245,11941450633,222.7105786455389,residential,"['Chokkalingam Nagar Road', 'Murugan Nagar Extension 1st Street']",False
330401245,299878329,108.5026779311244,residential,AGS Colony 4th Main Road,False
330401247,299877829,34.666682129268274,residential,,False
330401247,299877788,190.7671026824929,residential,,False
330401247,299877805,49.288542250569755,residential,,False
330401247,299877804,46.801314150345405,residential,,False
330401249,299883984,52.60890144563446,residential,Ram Nagar Main Road,False
330401249,330401251,50.7580706920914,residential,Ram Nagar Main Road,False
330401249,1764122477,292.2579906063148,residential,6th Main Road,False
330401249,8697656184,277.3148309997435,residential,6th Main Road,False
330401251,300185429,76.6290387495882,residential,,False
330401251,299883986,134.1880539809614,residential,,False
330401251,330401249,50.7580706920914,residential,Ram Nagar Main Road,False
330401251,299883876,59.48528497449494,residential,Ram Nagar Main Road,False
330410493,330410530,85.05454083730164,residential,Ranganathan Street,False
330410493,330410497,44.2715918275274,residential,Ranganathan Street,False
330410493,300164819,58.167765578884655,residential,,False
330410493,300164818,38.76716639409094,residential,,False
330410497,330410493,44.2715918275274,residential,Ranganathan Street,False
330410497,300193313,36.51249997305035,residential,,False
330410497,300164819,105.7950334638411,residential,Thirumurugan Street,False
330410500,299880454,269.5123500404683,residential,Karunanidhi Street,False
330410500,300159994,36.48019269595998,residential,Kamarajar Street,False
330410500,300164813,32.66685779803875,residential,Kamarajar Street,False
330410500,300193133,214.98864406747526,residential,Karunanidhi Street,False
330410512,300163926,135.21685015811906,residential,TNHB Colony 2nd Main Road,False
330410512,300162586,43.39109488692133,residential,TNHB Colony 2nd Main Road,False
330410512,300164008,42.94077296716144,residential,2nd Avenue,False
330410512,300192714,35.55517596871695,residential,6th Street,False
330410518,11626010095,68.5823025229885,residential,,False
330410518,300159695,21.635668158603902,residential,,False
330410518,11330511053,41.432905001855836,residential,,False
330410518,300159692,24.64140315539872,residential,,False
330410525,10593574676,34.329966753118114,residential,,False
330410525,300159552,39.082598960704004,residential,,False
330410525,11330511052,54.40947650942584,residential,,False
330410526,14049890124,7.6905294207409325,residential,,False
330410526,300164837,36.7249475253309,residential,,False
330410526,330420098,62.03135723260649,tertiary,TNHB Main Road,False
330410527,299880497,68.39024678348815,residential,,False
330410527,299880477,25.400058937614265,residential,,False
330410527,300159763,73.54397332474451,residential,,False
330410527,11190008349,43.46128856977692,residential,,False
330410528,299880374,5.433810921764435,tertiary,Nethaji Road,False
330410528,300164815,105.29293908734424,tertiary,Nethaji Road,False
330410528,11039516410,32.73913820954551,tertiary,Cart Track Road,False
330410529,330410530,55.26956178289665,residential,,False
330410529,300164819,84.6466837765073,residential,Thirumurugan Street,False
330410529,299385934,110.06558519593959,residential,Thirumurugan Street,False
330410530,300164815,114.82302363508599,residential,Ranganathan Street,False
330410530,330410493,85.05454083730164,residential,Ranganathan Street,False
330410530,330410529,55.26956178289665,residential,,False
330410550,300164827,25.775354337538705,residential,,False
330410550,300164824,13.41585983465053,residential,,False
330410550,300159763,24.35039965855627,residential,,False
330410558,338440260,88.15031245477593,residential,,False
330410558,7826160051,29.099147126534596,residential,Nehru Nagar 1st Main Road,False
330410558,300192883,32.1929727137032,residential,Nehru Nagar 1st Main Road,False
330412894,313444568,139.2586378022042,residential,,False
330413846,339291575,62.76363975745035,residential,,False
330413846,309812134,101.51818447303432,residential,,False
330413846,339291597,97.20465744018608,residential,,False
330413879,2241055810,121.89303772649728,residential,,False
330413879,11238112987,24.246844386190993,secondary,Racecourse Road,True
330413886,330413896,23.60128449808578,residential,M.G.R Street,False
330413886,2241055860,67.41271786068076,residential,M.G.R Street,False
330413886,330413943,32.574496983095564,residential,,False
330413887,330413896,19.39237436452555,residential,M.G.R Street,False
330413887,330413888,84.03815939986359,residential,,False
330413887,11238112987,51.841284890779804,residential,,False
330413888,330413897,30.174621950551302,residential,,False
330413888,11846911054,20.183865434447057,residential,,False
330413888,330413887,84.03815939986359,residential,,False
330413896,330413887,19.39237436452555,residential,M.G.R Street,False
330413896,330413886,23.60128449808578,residential,M.G.R Street,False
330413896,330413897,80.16756453755893,residential,,False
330413897,330413896,80.16756453755893,residential,,False
330413897,330413898,27.80630398235026,residential,,False
330413897,330413888,30.174621950551302,residential,,False
330413898,330413943,41.72471517009858,residential,,False
330413898,330413897,27.80630398235026,residential,,False
330413898,13909222841,112.68443023692295,residential,,False
330413943,330413898,41.72471517009858,residential,,False
330413943,330413886,32.574496983095564,residential,,False
330413943,330413944,104.65643921392218,residential,,False
330413944,13909222840,13.786570021579173,residential,,False
330413944,13909222841,18.426881807037883,residential,,False
330413944,330413943,104.65643921392218,residential,,False
330420098,330420101,98.20690141414711,tertiary,TNHB Main Road,False
330420098,330410526,62.03135723260649,tertiary,TNHB Main Road,False
330420098,330420198,31.605098560102295,residential,11th Street,False
330420101,330420098,98.20690141414711,tertiary,TNHB Main Road,False
330420101,330420108,129.50104334739407,residential,TNHB Colony 1st Avenue,False
330420101,300192309,94.29083210352371,tertiary,TNHB Main Road,False
330420108,330420126,45.23820596670881,residential,TNHB Colony 1st Avenue,False
330420108,330420101,129.50104334739407,residential,TNHB Colony 1st Avenue,False
330420108,330420173,33.912269209182384,residential,TNHB Colony 3rd Avenue,False
330420108,11801245726,41.56692729977862,residential,12th Street,False
330420111,330420229,38.177719097623495,residential,3rd Street,False
330420111,330420126,42.29923888011381,residential,TNHB Colony 1st Avenue,False
330420111,330420199,31.712539693363023,residential,2nd Avenue,False
330420111,300163992,132.37459454732738,residential,TNHB Colony 1st Avenue,False
330420114,300160351,37.41724887405827,residential,3rd Street,False
330420114,7806670150,59.521672848826555,residential,2nd Street,False
330420114,330420229,55.33043099020048,residential,3rd Street,False
330420119,300163974,42.893172334041004,residential,TNHB Colony 4th Main Road,False
330420119,300159695,62.59474636056644,tertiary,Nethaji Road,False
330420119,300159552,91.85094946048413,tertiary,Dr. Ambedkar 1st Main Road,False
330420126,330420111,42.29923888011381,residential,TNHB Colony 1st Avenue,False
330420126,330420108,45.23820596670881,residential,TNHB Colony 1st Avenue,False
330420126,300163974,131.0599369187546,residential,TNHB Colony 4th Main Road,False
330420130,330420139,45.65656020856072,residential,Ezumudaliyar Street,False
330420130,330420163,34.15429561825906,residential,TNHB Colony 8th Street,False
330420130,330420162,34.69407947719945,residential,TNHB Colony 8th Street,False
330420130,300163876,129.63765608410918,residential,TNHB Colony 4th Avenue,False
330420139,300162588,51.23634874791476,residential,TNHB Colony 1st Main Road,False
330420139,300162586,127.56091823328751,residential,TNHB Colony 1st Main Road,False
330420139,11770278961,15.578132410223741,residential,Ezumudaliyar Street,False
330420139,330420130,45.65656020856072,residential,Ezumudaliyar Street,False
330420146,300192508,36.65176063715375,residential,TNHB Colony 7th Street,False
330420146,11050648633,32.953098196224694,residential,,False
330420146,3674393190,82.67625363558928,residential,TNHB Colony 7th Street,False
330420162,11050648635,65.04452572926212,residential,,False
330420162,330420130,34.69407947719945,residential,TNHB Colony 8th Street,False
330420162,3674393190,46.75180772312781,residential,TNHB Colony 7th Street,False
330420163,300192387,56.66208622355469,residential,TNHB Colony 8th Street,False
330420163,330420130,34.15429561825906,residential,TNHB Colony 8th Street,False
330420163,330420169,153.07139271571717,residential,,False
330420169,300192387,99.20393609435983,residential,9th Street,False
330420169,3674393186,31.591238106788172,residential,9th Street,False
330420169,330420163,153.07139271571717,residential,,False
330420173,330420108,33.912269209182384,residential,TNHB Colony 3rd Avenue,False
330420173,6790387534,31.848674444251667,residential,TNHB Colony 3rd Avenue,False
330420173,330420180,94.8738111635159,residential,67th Lane,False
330420175,300192045,95.49224957247932,residential,10th Street,False
330420175,300192309,34.14737794227734,residential,10th Street,False
330420175,11419436626,48.55916305755404,living_street,,False
330420180,330420173,94.8738111635159,residential,67th Lane,False
330420197,330420198,71.94017740930107,living_street,,False
330420198,330420098,31.605098560102295,residential,11th Street,False
330420198,330420197,71.94017740930107,living_street,,False
330420198,11801272291,127.44824931424577,residential,"['11th Street', '12th Street']",False
330420199,6795313107,30.038816873208496,residential,2nd Avenue,False
330420199,330420111,31.712539693363023,residential,2nd Avenue,False
330420199,11052703592,127.01594888555375,residential,,False
330420211,12204815385,19.36840336159525,residential,,False
330420211,12204815385,74.91387227768581,residential,,False
330420211,12204815383,26.18752250362133,residential,,False
330420229,330420111,38.177719097623495,residential,3rd Street,False
330420229,330420114,55.33043099020048,residential,3rd Street,False
330420229,3674393212,59.23892398119446,residential,,False
330420234,300192714,95.99899657002369,residential,5th Street,False
330420234,300192713,40.358734453988156,residential,5th Street,False
330420234,11770278971,33.522423106323245,residential,40th Lane,False
330420240,11770278971,56.72429878831102,residential,40th Lane,False
330420245,300164837,43.70652910626281,residential,,False
330420245,2167149306,40.14407112474392,residential,,False
330420245,300159512,59.01645481848639,residential,,False
330420245,330420263,186.96802978932058,residential,,False
330420263,330420245,186.96802978932058,residential,,False
330420272,300164837,181.8994063299533,residential,,False
330420309,2167149315,46.567111978255305,residential,,False
330420309,7806766991,37.57492131746531,residential,,False
330420309,338223214,88.68279114427553,residential,,False
330420309,2167149303,37.672487662467994,residential,,False
330420320,2167149309,47.822452521487044,residential,12th Cross Street,False
330420320,7806766990,33.68541444997452,residential,12th Cross Street,False
330420320,2167149303,44.84501153437087,residential,,False
330420320,300159498,50.31688008564478,residential,,False
330648707,330648711,68.01628204807038,residential,,False
330648711,330648707,68.01628204807038,residential,,False
330648711,300195622,46.61647238052912,residential,,False
330648711,330648715,84.31550132778703,residential,,False
330648715,11419629607,96.74364251645923,residential,,False
330648715,300195623,80.74483124383553,residential,,False
330648715,330648711,84.31550132778703,residential,,False
330648719,330648749,48.26440687953578,residential,Sony Nagar 1st Street,False
330648719,277911467,59.17108105864688,tertiary,Gandhi Road,False
330648719,277911468,55.36180146219431,tertiary,Gandhi Road,False
330648724,330648749,67.91125353212307,residential,Sony Nagar 1st Street,False
330648724,330648822,62.3975768338446,residential,SevaNagar 4th Street,False
330648724,3426339340,59.38861274087566,residential,Sony Nagar 3rd Street,False
330648749,330648724,67.91125353212307,residential,Sony Nagar 1st Street,False
330648749,330648719,48.26440687953578,residential,Sony Nagar 1st Street,False
330648749,330648759,91.53733053039991,residential,Sony Nagar 2nd Street,False
330648759,3419458094,13.038927222641377,residential,Andalam avenue,False
330648759,330648749,91.53733053039991,residential,Sony Nagar 2nd Street,False
330648759,330648763,182.69195180673205,residential,Andalam avenue,False
330648763,3419458094,74.1784313380284,residential,Andalam avenue,False
330648763,11763084336,21.167628921654845,residential,Andalam avenue,False
330648763,330648759,182.69195180673205,residential,Andalam avenue,False
330648782,330648838,46.27719737149253,residential,SevaNagar 1st street,False
330648782,330648800,25.454623490532935,residential,SevaNagar 1st street,False
330648782,330648822,112.51079795347829,residential,SevaNagar 4th Street,False
330648800,330648782,25.454623490532935,residential,SevaNagar 1st street,False
330648807,3298604087,37.45556652128493,residential,SevaNagar 1st street,False
330648807,3426339608,90.34579054146663,tertiary,Gandhi Road,False
330648807,2407565893,22.970197522551096,tertiary,Gandhi Road,False
330648822,330648724,62.3975768338446,residential,SevaNagar 4th Street,False
330648822,277911467,125.65041969351343,residential,ParasuRaman Street,False
330648822,330648782,112.51079795347829,residential,SevaNagar 4th Street,False
330648838,3298604087,41.55859137321775,residential,SevaNagar 1st street,False
330648838,330648782,46.27719737149253,residential,SevaNagar 1st street,False
330648838,3298604092,77.90426569121156,residential,SevaNagar 3rd Street,False
330648843,2407565893,53.37313650496732,tertiary,Gandhi Road,False
330648843,4329339264,149.25405184909118,residential,Kannabiran Street,False
330648843,330648854,29.415655314854583,tertiary,Gandhi Road,False
330648854,330648857,152.34455528027857,residential,Mahalaxmi Street,False
330648854,330648843,29.415655314854583,tertiary,Gandhi Road,False
330648854,277911466,21.6587672448127,tertiary,Gandhi Road,False
330648857,330648854,152.34455528027857,residential,Mahalaxmi Street,False
330648866,330648870,43.364071665465175,residential,Gandhi Road to IIT Krishna Gate Road,False
330648870,330648866,43.364071665465175,residential,Gandhi Road to IIT Krishna Gate Road,False
330648870,330648881,54.792027023509256,residential,Gandhi Road to IIT Krishna Gate Road,False
330648870,4329339261,174.53311540178308,residential,Natarajan Street,False
330648881,330648870,54.792027023509256,residential,Gandhi Road to IIT Krishna Gate Road,False
330648881,277911466,31.658775723924872,residential,Gandhi Road to IIT Krishna Gate Road,False
330648881,11847094892,164.4320053752918,residential,Raja Street,False
330648898,277911466,43.73388092909577,tertiary,Ambika street,False
330648898,277911465,23.768985580399523,tertiary,Ambika street,False
330648898,330648900,62.96925278778667,residential,Kabali Street,False
330648900,330648898,62.96925278778667,residential,Kabali Street,False
330648900,11052133645,38.30241108930673,residential,,False
330648900,330648908,23.715679046779016,residential,,False
330648908,330648900,23.715679046779016,residential,,False
330648924,338466197,41.145551777660366,residential,Vinayagar Street,False
330648924,338466186,88.61200274505173,residential,Kokilam Street,False
330648924,330648927,98.97514369861042,residential,Kokilam Street,False
330648924,4279691216,87.53837545380904,residential,Vinayagar Street,False
330648927,11763071658,32.84924280403273,residential,Dhandapani Street,False
330648927,4279691218,123.00293025906343,residential,"['Dhandapani Street', 'Shanti 2n Street']",False
330648927,330648924,98.97514369861042,residential,Kokilam Street,False
330648930,338461469,76.21132845129311,residential,Kokilam 2nd Street,False
330648930,4279691216,5.674016043602477,residential,Vinayagar Street,False
330648930,300312067,16.762730483433867,residential,"['MurphyDoss Street;Way to Gandhi Road / VGP avenue', 'MurphyDoss Street']",False
330653119,11763071658,54.61508341867948,residential,Dhandapani Street,False
330653119,338461455,12.869090300413585,residential,Dhandapani Street,False
330653119,330653122,83.09080427341168,residential,Parameshwar Street,False
330653122,330653136,21.330984734864995,residential,Thiruvalluvar Street,False
330653122,330653119,83.09080427341168,residential,Parameshwar Street,False
330653122,11431834475,15.327174254005461,residential,Vinayagar Street,False
330653128,330653136,23.890927515737523,residential,Thiruvalluvar Street,False
330653128,2168591068,13.009886524519708,residential,Thiruvalluvar Street,False
330653128,330653131,80.6057338778719,residential,Subramaniyan Street,False
330653131,338461455,37.32815923602376,residential,Dhandapani Street,False
330653131,330653128,80.6057338778719,residential,Subramaniyan Street,False
330653131,3426339608,77.56185746688104,residential,Dhandapani Street,False
330653136,330653128,23.890927515737523,residential,Thiruvalluvar Street,False
330653136,330653122,21.330984734864995,residential,Thiruvalluvar Street,False
330653136,4275748424,112.76223610897894,living_street,,False
330653469,9179599604,54.319506218012826,tertiary,Kannagam Road,False
330653469,6536963544,62.1192907085996,residential,,False
330653469,6536963546,59.05896964483149,tertiary,Kannagam Road,False
330653536,416852691,26.721535018346458,tertiary,Peeliamman Koil Street,False
330653536,11050659276,27.67210952003468,tertiary,Taramani Road,True
330653536,11591484194,861.1963021957719,tertiary,Kannagam Road,False
330653540,330653592,102.1132339238901,tertiary,Thiruvallur Street,False
330653540,330653679,39.4932487674033,tertiary,Eri Karai Street,False
330653540,303453673,214.32358084120398,tertiary,Pillaiyar Koil Street,False
330653546,303453608,55.95139970627654,residential,Arangannal Street,False
330653546,338461719,19.465991964746483,residential,Rajaji Street,False
330653546,11806418890,12.387839500648923,residential,,False
330653546,338461713,66.05286866985341,residential,Rajaji Street,False
330653556,303453608,13.673444348251094,tertiary,Thiruvallur Street,False
330653556,338466140,87.92999631985806,residential,Avvaiyar Street,False
330653556,338461740,25.466519493873108,tertiary,Thiruvallur Street,False
330653560,338461719,55.13783388462117,residential,,False
330653560,330653776,55.776013854208756,tertiary,Thiruvallur Street,False
330653560,303453608,22.996944733588727,tertiary,Thiruvallur Street,False
330653587,303453682,14.103225343299371,tertiary,Thiruvallur Street,False
330653587,330653776,24.227095907767296,tertiary,Thiruvallur Street,False
330653587,330653818,57.570725983273256,residential,VOC Street,False
330653592,330653540,102.1132339238901,tertiary,Thiruvallur Street,False
330653592,330653645,25.494554200979984,tertiary,Thiruvallur Street,False
330653592,338461736,97.63358064113561,residential,,False
330653631,338461736,26.33291478035551,residential,,False
330653635,338461732,28.452722403021777,residential,,False
330653645,303453682,26.892378563369697,tertiary,Thiruvallur Street,False
330653645,330653650,88.01717846943342,residential,Agasthiyar Street,False
330653645,330653592,25.494554200979984,tertiary,Thiruvallur Street,False
330653645,338461732,108.42821464360541,residential,Agasthiyar Street,False
330653650,338466130,19.673604353951287,tertiary,Eri Karai Street,False
330653650,330653679,26.56778869507815,tertiary,Eri Karai Street,False
330653650,330653645,88.01717846943342,residential,Agasthiyar Street,False
330653654,303453682,38.565385151522314,residential,Ma. Po. C. Street,False
330653663,338461732,24.488480416405555,residential,Rajaji Street,False
330653663,338461719,46.81842286086432,residential,Rajaji Street,False
330653663,330653669,27.024729873620586,residential,,False
330653663,7027462127,51.73715010813033,residential,,False
330653669,330653663,27.024729873620586,residential,,False
330653673,338461719,29.515802548397765,residential,,False
330653679,303453692,132.88026146154158,residential,Bharathiyar Street,False
330653679,330653650,26.56778869507815,tertiary,Eri Karai Street,False
330653679,330653540,39.493248767403294,tertiary,Eri Karai Street,False
330653698,303453692,49.553636268744214,residential,,False
330653698,330653708,42.12860327063359,residential,,False
330653698,330653729,90.8716165520186,residential,M. Govindapillai Street,False
330653704,303453636,36.2489224922445,tertiary,Peeliamman Koil Street,False
330653704,330653708,50.288514384630986,residential,,False
330653704,277911188,92.68969132563002,tertiary,Peeliamman Koil Street,False
330653708,330653698,42.12860327063359,residential,,False
330653708,303453689,38.38949386696256,residential,,False
330653708,330653704,50.288514384630986,residential,,False
330653708,1364815699,110.11021889807283,residential,Perumal Koil Street,False
330653729,338466130,36.626360945081515,residential,M. Govindapillai Street,False
330653729,330653698,90.8716165520186,residential,M. Govindapillai Street,False
330653729,330653735,94.33749974267451,residential,Gandhi Street,False
330653735,330653729,94.33749974267451,residential,Gandhi Street,False
330653735,1364815699,48.66042965437563,residential,Gandhi Street,False
330653735,303453609,27.776369624060273,residential,Gandhi Street,False
330653742,330653765,76.95695949210415,residential,Kambar Street,False
330653742,303453682,37.923662762499575,residential,Ma. Po. C. Street,False
330653742,303453681,32.48959892122126,residential,Ma. Po. C. Street,False
330653765,338466127,31.935578169490178,residential,Arangannal Street,False
330653765,330653818,25.14582852371762,residential,Arangannal Street,False
330653765,12239526654,64.31961330913339,residential,Kambar Street,False
330653765,330653742,76.95695949210415,residential,Kambar Street,False
330653776,330653800,44.22552546769378,residential,Indhra Gandhi Street,False
330653776,330653587,24.2270959077673,tertiary,Thiruvallur Street,False
330653776,330653560,55.776013854208756,tertiary,Thiruvallur Street,False
330653800,330653818,25.654723423995964,residential,Arangannal Street,False
330653800,338471944,28.030273327471367,residential,Arangannal Street,False
330653800,330653776,44.22552546769378,residential,Indhra Gandhi Street,False
330653800,338466135,78.04683974920422,residential,Indhra Gandhi Street,False
330653818,330653765,25.14582852371762,residential,Arangannal Street,False
330653818,330653800,25.654723423995964,residential,Arangannal Street,False
330653818,338466137,74.24939491627764,residential,VOC Street,False
330653818,330653587,57.570725983273256,residential,VOC Street,False
330780887,4294274238,24.33679438068594,residential,Ambedhkar Main Road,False
330780887,330780891,228.6301643950911,tertiary,"['New Colony 3rd Main Road', 'Thiruvallur Street']",False
330780887,4294274247,31.166062802878137,tertiary,New Colony 3rd Main Road,False
330780891,338466149,104.16110392882804,tertiary,Thiruvallur Street,False
330780891,330780887,228.6301643950911,tertiary,"['New Colony 3rd Main Road', 'Thiruvallur Street']",False
330780891,338466159,40.79526437196731,residential,Tamirabarani Street,False
330780893,277911462,6.308780469132242,tertiary,New Colony Main Road,False
330780893,4294274240,59.45114746941424,tertiary,New Colony Main Road,False
330780893,4294274247,104.79676440088107,tertiary,New Colony 3rd Main Road,False
332030621,264040352,52.18998631299424,residential,Karpagam Avenue 4th Street,False
332030621,359370703,47.99132846291866,residential,Karpagam Avenue 4th Street,False
332030621,359370702,37.92714276815375,residential,,False
332095305,9181580902,27.37691261102959,residential,Rohini Gardens,False
332095305,310504062,104.7818028849919,residential,Rohini Gardens,False
332095305,11763079338,48.29900383295914,residential,,False
332095380,9181580900,24.715766097859373,residential,,False
332095380,6790452764,22.236789805939978,residential,,False
332095380,11763079338,87.23413324063677,residential,,False
333604497,333719107,63.929560408187925,residential,Srinivasa Nagar Main Road,False
333604497,301299702,119.040888203668,residential,Srinivasa Nagar Main Road,False
333604497,1453466285,108.79891959906115,residential,"['1st Street', '2nd Street']",False
333604599,9179560423,19.83775808260801,residential,2nd Street,False
333604599,1453466285,76.15831881328981,residential,2nd Street,False
333604599,301299695,63.70110185643527,residential,"['Journalist Colony', '2nd Street']",False
333719061,257439202,10.19311799367569,residential,Avvai Nagar Main Road,False
333719061,11495765890,186.21921294098124,secondary,"['Kalki Krishnamurty Road', 'Lattice Bridge']",True
333719061,333719063,109.57192270730754,residential,Avvai Nagar Main Road,False
333719063,333719167,99.16963167946915,residential,Shanti Nagar,False
333719063,333719061,109.57192270730752,residential,Avvai Nagar Main Road,False
333719063,333719074,332.3683837021711,residential,Avvai Nagar Main Road,False
333719074,334190084,39.7977077639299,residential,Ganapathy Street,False
333719074,334190009,159.3057615517063,residential,Avvai Nagar Main Road,False
333719074,333719063,332.3683837021711,residential,Avvai Nagar Main Road,False
333719075,1453447504,132.32484415594536,residential,Kannappa Nagar Ext,False
333719075,334190009,96.46605314586245,residential,Avvai Nagar Main Road,False
333719107,301299703,9.765478066926786,residential,Srinivasa Nagar Main Road,False
333719107,333604497,63.929560408187925,residential,Srinivasa Nagar Main Road,False
333719108,333744572,183.13547113335437,residential,7th Main Road,False
333719108,333719107,39.63769601137041,primary,East Coast Road,True
333719109,11064683706,21.829371318234973,primary,East Coast Road,True
333719109,11064683712,24.223968838685202,residential,,True
333719112,333744593,40.265789218066594,residential,Tiruvalluvar Nagar 1st Avenue,False
333719112,301299673,7.690220786319994,residential,Tiruvalluvar Nagar 1st Avenue,False
333719112,333719109,147.95628098856537,primary,East Coast Road,True
333719120,246866333,9.843084667082909,residential,,False
333719120,11756873900,273.3277436913235,primary,East Coast Road,True
333719120,333732530,40.15131591853017,residential,TVK Koil Street,False
333719159,333719160,86.58582488997035,residential,Rajaji Nagar Main Road,False
333719159,334201254,41.59806739730805,residential,Rajaji Nagar Main Road,False
333719159,334190057,50.342594386791376,residential,,False
333719160,333719159,86.58582488997035,residential,Rajaji Nagar Main Road,False
333719160,334201298,55.26484329323557,residential,,False
333719160,9179599531,93.91967816293774,residential,Devendra Nagar Main Road,False
333719160,334201276,75.9534219519888,residential,Ganesh Nagar 1st Street,False
333719165,334190110,44.48252340017173,residential,,False
333719165,334190101,63.96582328092849,residential,,False
333719165,334190096,37.54638456065495,residential,,False
333719165,333719166,44.43307342004708,residential,,False
333719166,4842516438,57.72104709793017,residential,Ganapathy Street,False
333719166,334189979,54.96387546881415,residential,Ganapathy Street,False
333719166,333719165,44.43307342004709,residential,,False
333719167,333719063,99.16963167946915,residential,Shanti Nagar,False
333719167,333719171,117.39888002403704,residential,Shanti Nagar,False
333719167,333719169,68.74992288580015,residential,,False
333719169,4839937393,112.13681653812259,residential,,False
333719169,333719167,68.74992288580015,residential,,False
333719169,11138662919,94.50780585684811,residential,,False
333719171,333719167,117.39888002403704,residential,Shanti Nagar,False
333719172,11786614128,14.864672413857786,residential,Vasudeva Nagar Ext,False
333719175,333719179,48.129334610579505,residential,,False
333719175,11786614128,79.92636974002463,residential,Vasudeva Nagar Ext,False
333719175,257432770,71.02081989345798,residential,Vasudeva Nagar Ext,False
333719179,333719175,48.129334610579505,residential,,False
333719181,333732415,60.39566095089088,residential,South Avenue,False
333719181,333732441,120.03107250603571,residential,South Avenue,False
333719181,333732465,179.51928063411677,residential,"['19th Street', '20th Street']",False
333719198,9571012328,168.60424078876684,primary,Thiruvalluvar Road,True
333727710,333727753,40.46048266862224,residential,5th East Street,False
333727710,333727768,43.39288942455631,residential,5th East Street,False
333727710,333727747,48.556392174822115,residential,,False
333727747,333727710,48.556392174822115,residential,,False
333727753,310535965,57.244159107721174,residential,5th East Street,False
333727753,333727710,40.46048266862224,residential,5th East Street,False
333727753,333727761,43.02651856368492,residential,,False
333727761,333727753,43.02651856368492,residential,,False
333727768,333727710,43.39288942455631,residential,5th East Street,False
333727768,310535964,54.29193634350676,residential,5th East Street,False
333727768,333727775,52.830860482277906,residential,,False
333727775,333727768,52.830860482277906,residential,,False
333732366,333732386,46.881534549652315,residential,12th Street,False
333732366,3606391289,101.33893916674175,residential,8th Street,True
333732373,333732382,45.62684768496665,residential,6th Street,False
333732373,310535941,47.847862224066375,residential,6th Street,False
333732373,333732386,144.7789501347355,residential,"['11th Street', '12th Street']",False
333732373,11038547512,187.2968616879275,residential,"['9th Street', '14th Street', '13th Street']",False
333732382,11038547512,28.329607119206987,residential,6th Street,False
333732382,333732373,45.62684768496665,residential,6th Street,False
333732382,333732386,101.24504482367861,residential,10th Street,False
333732386,333732366,46.881534549652315,residential,12th Street,False
333732386,333732373,144.77895013473548,residential,"['11th Street', '12th Street']",False
333732386,333732382,101.24504482367861,residential,10th Street,False
333732415,6804537846,48.13381524165786,residential,Vasudeva Nagar,False
333732415,257432770,16.446043479310998,residential,South Avenue,False
333732415,333719181,60.39566095089088,residential,South Avenue,False
333732433,333732437,128.82254582499542,residential,Rathnam Nagar,False
333732433,310535940,49.03347693859137,primary,East Coast Road,True
333732437,333732433,128.82254582499542,residential,Rathnam Nagar,False
333732441,333732465,58.587812111146,residential,21st Street,False
333732441,333719181,120.03107250603571,residential,South Avenue,False
333732441,6804537842,9.017322164484616,residential,South Avenue,False
333732444,333732465,54.40290156832856,residential,Kuttai Street,False
333732465,333732441,58.587812111146,residential,21st Street,False
333732465,333719181,179.5192806341168,residential,"['19th Street', '20th Street']",False
333732465,333732444,54.40290156832856,residential,Kuttai Street,False
333732481,11756811344,7.276204945885522,tertiary,South Mada Street,False
333732481,11045780375,47.70283313159002,tertiary,South Mada Street,False
333732481,319500557,148.2852864529718,residential,Chitrakulam Street,False
333732487,333732516,29.206308302455678,residential,Bharathidasan Street,False
333732487,333732521,43.200355169504626,residential,,False
333732487,11756811344,65.73510882635449,residential,Bharathidasan Street,False
333732492,333732498,39.22094367041156,residential,Bharathidasan Street,False
333732492,333732524,52.45699047065308,residential,,False
333732492,333732516,28.256660745296543,residential,Bharathidasan Street,False
333732498,333732492,39.22094367041156,residential,Bharathidasan Street,False
333732498,333732503,120.04069179175866,residential,Baratidasan Street,False
333732498,9179560472,72.32084788865181,residential,,False
333732503,11597822617,41.0973855707474,residential,TVK Koil Street,False
333732503,11597834191,33.23215291558107,residential,TVK Koil Street,False
333732503,333732498,120.04069179175866,residential,Baratidasan Street,False
333732513,301299657,78.29648668658959,tertiary,Tiruvalluvar Nagar 2nd Avenue,False
333732513,12989236287,24.917244587060175,tertiary,Tiruvalluvar Nagar 2nd Avenue,False
333732513,11597822617,83.63995024000214,residential,TVK Koil Street,False
333732516,333732487,29.206308302455678,residential,Bharathidasan Street,False
333732516,333732518,38.232379491457564,residential,,False
333732516,333732492,28.256660745296543,residential,Bharathidasan Street,False
333732518,333732516,38.232379491457564,residential,,False
333732521,333732487,43.200355169504626,residential,,False
333732524,333732492,52.45699047065308,residential,,False
333732530,11597834191,55.51914899242594,residential,TVK Koil Street,False
333732530,333719120,40.15131591853017,residential,TVK Koil Street,False
333732530,334548840,60.54253980930886,residential,TVK Koil 1st Street,False
333732540,2168628480,23.05541304042682,residential,Thiruvanmiyur Kuppam Beach Road,False
333732540,301299617,62.63522255259814,residential,Thiruvanmiyur Kuppam Beach Road,False
333732540,334270726,44.247410897053065,residential,,False
333732546,333732552,87.92980237480859,residential,4th Street,False
333732546,2168628479,36.28226588942221,residential,4th Street,False
333732546,334270726,49.042813114214475,residential,,False
333732552,333732546,87.92980237480859,residential,4th Street,False
333732552,334270741,43.56109136735755,residential,,False
333732552,9179560478,80.02519340199473,residential,,False
333734658,301299640,93.29046620405674,residential,Thiruvanmiyur Kuppam Beach Road,False
333734658,333734673,70.1319080147857,residential,Thiruvanmiyur Kuppam Beach Road,False
333734658,333734670,138.03173121398845,residential,CGE Colony,False
333734666,333734670,21.04484370116193,residential,CGE Colony,False
333734670,333734673,66.4421620911996,residential,,False
333734670,333734666,21.04484370116193,residential,CGE Colony,False
333734670,333734658,138.03173121398845,residential,CGE Colony,False
333734673,333734670,66.4421620911996,residential,,False
333734673,9179560479,38.46965272097195,residential,,False
333734673,6341503684,98.11654224253064,residential,Thiruvanmiyur Kuppam Beach Road,False
333734673,333734658,70.1319080147857,residential,Thiruvanmiyur Kuppam Beach Road,False
333734678,333734680,214.79999863374744,residential,2nd Seaward Road,False
333734678,279610134,80.73521492475925,tertiary,Tiruvalluvar Nagar 2nd Avenue,False
333734678,301299657,71.84591179427086,tertiary,Tiruvalluvar Nagar 2nd Avenue,False
333734680,333734688,75.63482008214787,residential,Balakrishnan Road,False
333734680,12368148117,44.02465460488283,residential,Balakrishnan Road,False
333734680,333734678,214.79999863374744,residential,2nd Seaward Road,False
333734680,9179560469,278.73628856109383,residential,2nd Seaward Road,False
333734688,9179560434,77.94495079528718,residential,Balakrishnan Road,False
333734688,333734680,75.63482008214787,residential,Balakrishnan Road,False
333734688,301299657,214.75029226920415,residential,3rd Seaward Road,False
333734688,11045782628,157.6975016486215,residential,3rd Seaward Road,False
333734689,2168628442,31.145317716601042,residential,4th Seaward Road,False
333734689,9179560434,78.03594737944616,residential,Balakrishnan Road,False
333734689,9179560443,52.90914478158696,residential,4th Seaward Road,False
333734689,2168628435,71.25925994712934,residential,Balakrishnan Road,False
333737975,333737981,46.1977661127707,residential,14th Street,False
333737981,333737975,46.1977661127707,residential,14th Street,False
333737981,333738065,51.0550867287987,residential,15th Street,False
333737981,301299648,29.49721522850591,residential,15th Street,False
333737981,2168628435,37.267783953669934,residential,Balakrishnan Road,False
333737992,333738124,89.29303219159077,residential,4th Main Road,False
333737992,333738048,35.21953224466108,residential,4th Main Road,False
333737992,334176853,30.20060203879478,residential,20th Street,False
333737992,333738065,119.25057222261835,residential,18th Street,False
333737999,333738011,31.036445119564828,residential,10th Street,False
333737999,334176861,31.039092934161648,residential,10th Street,False
333737999,333738088,85.55692984653173,residential,11th Street,False
333738001,313138965,90.43154482130853,residential,3rd Avenue,False
333738001,313138839,19.15185250747392,residential,3rd Avenue,False
333738001,11217099222,26.81153206529233,residential,24th Street,False
333738005,333743805,48.31400756379525,residential,1st Street,False
333738005,334176877,45.554790150720855,tertiary,Tiruvalluvar Nagar 2nd Avenue,False
333738005,279610139,43.8486963967211,tertiary,Tiruvalluvar Nagar 2nd Avenue,False
333738005,334176867,99.41842220228305,residential,9th Street,False
333738008,334176861,30.521785458362533,residential,10th Street,False
333738008,313138966,12.75530583692322,residential,4th Main Road,False
333738008,301299648,33.76923242019139,residential,4th Main Road,False
333738011,333737999,31.036445119564828,residential,10th Street,False
333738011,334176867,35.99663029733988,residential,9th Street,False
333738011,333738082,85.34004053396357,residential,9th Street,False
333738030,333738082,122.87986979155222,residential,24th Street,False
333738030,333738053,42.45972509307351,residential,24th Street,False
333738030,333738048,91.0849800835895,residential,25th Street,False
333738048,333738030,91.0849800835895,residential,25th Street,False
333738048,333737992,35.21953224466108,residential,4th Main Road,False
333738048,333738059,41.656293491020264,residential,4th Main Road,False
333738048,334519374,37.29024639727936,residential,26th Street,False
333738053,333738030,42.45972509307351,residential,24th Street,False
333738053,11217099222,26.185190354977408,residential,24th Street,False
333738053,333738059,92.29135801414431,residential,28th Street,False
333738059,333738053,92.29135801414431,residential,28th Street,False
333738059,333738048,41.656293491020264,residential,4th Main Road,False
333738059,11217099221,24.639176382605218,residential,4th Main Road,False
333738059,11217099224,40.466466352354836,living_street,,False
333738065,333738124,30.41084122867246,residential,17th Street,False
333738065,333737981,51.0550867287987,residential,15th Street,False
333738065,333737992,119.25057222261836,residential,18th Street,False
333738071,333738149,45.68096789226297,residential,6th Main Road,False
333738071,333738197,57.727760843228566,residential,6th Main Road,False
333738071,333738175,31.902861868089808,residential,5th Main Road,False
333738075,334176882,120.51145448536244,residential,Tiruvalluvar Nagar 1st Avenue,False
333738075,333738136,105.01620087517225,residential,Tiruvalluvar Nagar 1st Avenue,False
333738075,333738082,45.48220253047416,residential,3rd Main Road,False
333738075,333738175,58.364397406066644,residential,5th Main Road,False
333738082,333738030,122.87986979155222,residential,24th Street,False
333738082,333738075,45.48220253047416,residential,3rd Main Road,False
333738082,333738088,33.52993228095624,residential,3rd Main Road,False
333738082,333738011,85.34004053396357,residential,9th Street,False
333738088,334176840,33.963159936949296,residential,23rd Street,False
333738088,333738082,33.52993228095624,residential,3rd Main Road,False
333738088,334176857,28.31548164643932,residential,3rd Main Road,False
333738088,333737999,85.55692984653173,residential,11th Street,False
333738124,333738065,30.41084122867246,residential,17th Street,False
333738124,333737992,89.29303219159077,residential,4th Main Road,False
333738124,334176857,30.2415662072568,residential,3rd Main Road,False
333738124,301299648,51.60836085129204,residential,4th Main Road,False
333738128,333738186,50.722425339697935,residential,6th Main Road,False
333738128,333744831,15.713824827683151,tertiary,Tiruvalluvar Nagar 2nd Avenue,False
333738128,301299682,70.2198134705215,tertiary,Tiruvalluvar Nagar 2nd Avenue,False
333738136,333738075,105.01620087517225,residential,Tiruvalluvar Nagar 1st Avenue,False
333738136,301299672,109.93650173326586,residential,Tiruvalluvar Nagar 1st Avenue,False
333738136,333738167,56.82768838306326,residential,31st Street,False
333738142,333738163,60.47615989853609,residential,6th Main Road,False
333738142,333738149,55.628777625206375,residential,6th Main Road,False
333738142,333738167,33.57909302648541,residential,31st Street,False
333738149,333738142,55.628777625206375,residential,6th Main Road,False
333738149,333738071,45.68096789226297,residential,6th Main Road,False
333738149,333738155,32.16375534629681,residential,32nd Street,False
333738155,333738149,32.16375534629681,residential,32nd Street,False
333738155,333738167,56.4245910654283,residential,29th Street,False
333738155,11612717416,15.010005101161727,residential,,False
333738163,333738142,60.47615989853609,residential,6th Main Road,False
333738163,313138978,117.25055234737226,residential,"['6th Main Road', '3rd Avenue']",False
333738163,333738167,92.22868193164457,residential,"['29th Street', '30th Street']",False
333738167,333738142,33.57909302648541,residential,31st Street,False
333738167,333738155,56.4245910654283,residential,29th Street,False
333738167,333738136,56.82768838306326,residential,31st Street,False
333738167,333738163,92.22868193164457,residential,"['29th Street', '30th Street']",False
333738175,333738191,58.68169033900612,residential,35th Street,False
333738175,333738071,31.902861868089808,residential,5th Main Road,False
333738175,333738075,58.364397406066644,residential,5th Main Road,False
333738186,333738197,61.8082939832932,residential,6th Main Road,False
333738186,333738128,50.722425339697935,residential,6th Main Road,False
333738186,333738191,91.24815602954628,residential,"['33rd Street', '35th Street']",False
333738191,333738175,58.68169033900612,residential,35th Street,False
333738191,333738197,31.249130965635505,residential,34th Street,False
333738191,333738186,91.24815602954627,residential,"['33rd Street', '35th Street']",False
333738197,333738071,57.727760843228566,residential,6th Main Road,False
333738197,333738186,61.8082939832932,residential,6th Main Road,False
333738197,333738191,31.249130965635505,residential,34th Street,False
333743771,1446415947,14.273389841904427,tertiary,Tiruvalluvar Nagar 2nd Avenue,False
333743771,333743785,77.5188844053551,tertiary,Tiruvalluvar Nagar 2nd Avenue,False
333743771,333743855,85.17611054464055,residential,"['6th Street', '1st Main Road']",False
333743777,9179560428,12.129112283531592,residential,1st Main Road,False
333743777,11612693410,45.05312506154183,residential,1st Main Road,False
333743777,333743805,55.157165784286676,residential,1st Street,False
333743785,334176877,26.897334775654635,tertiary,Tiruvalluvar Nagar 2nd Avenue,False
333743785,333743796,79.41682745070308,residential,4th Street,False
333743785,333743771,77.5188844053551,tertiary,Tiruvalluvar Nagar 2nd Avenue,False
333743796,333743855,32.983351078287996,residential,1st Main Road,False
333743796,333743840,30.2945843869089,residential,1st Main Road,False
333743796,333743785,79.41682745070308,residential,4th Street,False
333743805,333738005,48.31400756379525,residential,1st Street,False
333743805,333743840,87.83375802158031,residential,"['2nd Street', '3rd Street']",False
333743805,333743777,55.157165784286676,residential,1st Street,False
333743840,333743796,30.2945843869089,residential,1st Main Road,False
333743840,9179560428,24.995089800566873,residential,1st Main Road,False
333743840,333743805,87.83375802158031,residential,"['2nd Street', '3rd Street']",False
333743855,333743796,32.983351078287996,residential,1st Main Road,False
333743855,3674408070,36.745123662549126,residential,5th Street,False
333743855,333743771,85.17611054464055,residential,"['6th Street', '1st Main Road']",False
333743882,279610136,79.51384231531142,residential,Subramaniya Avenue,False
333744213,333744226,51.371107665915915,residential,1st Street,False
333744226,333744213,51.371107665915915,residential,1st Street,False
333744226,1446415918,107.96385849475851,residential,2nd Main Road,False
333744226,1453466291,134.0019305193737,residential,"['1st Street', '3rd Main Road']",False
333744244,1453447504,49.3066936508801,residential,Kannappa Nagar Ext,False
333744244,1446415927,73.4935476935654,residential,2nd Main Road,False
333744271,1446415927,44.772488495242314,residential,2nd Main Road,False
333744271,334189916,48.81851702113021,residential,2nd Cross Street,False
333744271,1446415918,56.86531887276347,residential,2nd Main Road,False
333744486,313139410,59.94404865044079,residential,Journalist Colony,False
333744486,333744537,63.81321109920664,residential,Journalist Colony,False
333744486,313139427,51.593254120520356,residential,,False
333744534,313139427,59.11636604197795,residential,,False
333744534,333744537,48.4322538868982,residential,,False
333744534,313139428,118.08230253822967,residential,,False
333744537,333744486,63.81321109920664,residential,Journalist Colony,False
333744537,2168737133,20.838534104344088,residential,Journalist Colony,False
333744537,333744534,48.4322538868982,residential,,False
333744540,333744813,50.48384959284363,residential,7th Main Road,False
333744540,301299682,20.477556484588103,tertiary,Tiruvalluvar Nagar 2nd Avenue,False
333744540,313138689,46.2985737757016,tertiary,Tiruvalluvar Nagar 2nd Avenue,False
333744572,301299702,41.91550160714969,residential,2nd Street,False
333744572,333719108,183.13547113335437,residential,7th Main Road,False
333744572,333744586,100.55483060418406,residential,7th Main Road,False
333744579,11612693410,58.51534583581776,residential,Tiruvalluvar Nagar 1st Avenue,False
333744579,279610139,59.833371604240796,residential,Tiruvalluvar Nagar 1st Avenue,False
333744579,333744690,46.46085447443384,residential,39th Street,False
333744583,333744802,28.24654662133044,residential,39th Street,False
333744583,333744667,28.004163281857657,residential,39th Street,False
333744583,333744820,34.739809846409706,living_street,42nd Street,False
333744583,333744823,66.47605890917015,living_street,43rd Street,False
333744586,333744813,70.35289237193186,residential,7th Main Road,False
333744586,333744802,28.86172593060002,residential,39th Street,False
333744586,333744572,100.55483060418406,residential,7th Main Road,False
333744593,333719112,40.265789218066594,residential,Tiruvalluvar Nagar 1st Avenue,False
333744593,2274368824,81.54434157672773,residential,Tiruvalluvar Nagar 1st Avenue,False
333744593,333744687,53.447091514936695,residential,54th Street,False
333744603,333744613,16.47779786535548,residential,54th Street,False
333744613,333744603,16.47779786535548,residential,54th Street,False
333744613,333744696,23.601389208580766,residential,54th Street,False
333744613,333744626,27.414787381152244,residential,,False
333744626,333744613,27.414787381152244,residential,,False
333744637,2274368824,9.52300547258519,residential,Tiruvalluvar Nagar 1st Avenue,False
333744637,333744693,50.84134182292766,residential,6th Main Road,False
333744637,11612693410,58.89383783891908,residential,Tiruvalluvar Nagar 1st Avenue,False
333744667,333744583,28.004163281857657,residential,39th Street,False
333744667,333744732,20.363238059694584,residential,39th Street,False
333744667,333744759,141.137496790998,residential,6th Main Road,False
333744671,333744696,22.475773481728982,residential,54th Street,False
333744671,333744687,26.990890803556447,residential,54th Street,False
333744671,333744680,91.98435755249993,residential,52nd Street,False
333744676,333744711,22.75632629668581,residential,39th Street,False
333744676,333744690,28.582045762080053,residential,39th Street,False
333744676,333744680,115.85433049122678,residential,47th Street,False
333744680,333744700,21.6763054855275,residential,6th Main Road,False
333744680,333744693,28.105396692219344,residential,6th Main Road,False
333744680,333744671,91.98435755249993,residential,52nd Street,False
333744680,333744676,115.85433049122678,residential,47th Street,False
333744687,333744671,26.990890803556447,residential,54th Street,False
333744687,333744593,53.447091514936695,residential,54th Street,False
333744687,333744693,91.6288607300866,residential,53rd Street,False
333744690,333744676,28.582045762080053,residential,39th Street,False
333744690,333744579,46.46085447443384,residential,39th Street,False
333744690,333744693,115.80460383159746,residential,48th Street,False
333744690,333744830,85.0363439004096,residential,38th Street,False
333744693,333744680,28.105396692219344,residential,6th Main Road,False
333744693,333744637,50.84134182292766,residential,6th Main Road,False
333744693,333744687,91.6288607300866,residential,53rd Street,False
333744693,333744690,115.80460383159746,residential,48th Street,False
333744696,333744613,23.601389208580766,residential,54th Street,False
333744696,333744671,22.475773481728982,residential,54th Street,False
333744696,333744700,92.2625004615302,residential,51st Street,False
333744700,333744759,23.761653232249337,residential,6th Main Road,False
333744700,333744680,21.6763054855275,residential,6th Main Road,False
333744700,333744696,92.2625004615302,residential,51st Street,False
333744700,333744703,37.94487401163008,residential,49th Street,False
333744703,333744700,37.94487401163008,residential,49th Street,False
333744707,333744711,42.28735806010175,living_street,,False
333744711,333744827,5.784742863462626,residential,39th Street,False
333744711,333744676,22.75632629668581,residential,39th Street,False
333744711,333744707,42.28735806010175,living_street,,False
333744732,333744667,20.363238059694584,residential,39th Street,False
333744732,333744827,19.99730947601573,residential,39th Street,False
333744732,333744752,42.66817904106146,living_street,,False
333744752,333744732,42.66817904106146,living_street,,False
333744756,333744759,41.77037905343851,residential,50th Street,False
333744759,333744700,23.761653232249337,residential,6th Main Road,False
333744759,333744756,41.77037905343851,residential,50th Street,False
333744759,333744667,141.137496790998,residential,6th Main Road,False
333744799,333744802,45.992996026868404,living_street,41st Street,False
333744802,333744586,28.86172593060002,residential,39th Street,False
333744802,333744583,28.24654662133044,residential,39th Street,False
333744802,333744799,45.992996026868404,living_street,41st Street,False
333744802,333744805,68.83331030036571,living_street,44th Street,False
333744805,333744823,27.89307355820883,residential,38th Street,False
333744805,333744813,31.812882157640942,residential,38th Street,False
333744805,333744802,68.83331030036571,living_street,44th Street,False
333744813,333744586,70.35289237193186,residential,7th Main Road,False
333744813,333744540,50.48384959284363,residential,7th Main Road,False
333744813,333744805,31.812882157640942,residential,38th Street,False
333744820,333744583,34.739809846409706,living_street,42nd Street,False
333744823,333744830,44.77521441280312,residential,38th Street,False
333744823,333744805,27.89307355820883,residential,38th Street,False
333744823,333744583,66.47605890917015,living_street,43rd Street,False
333744827,333744732,19.99730947601573,residential,39th Street,False
333744827,333744711,5.784742863462626,residential,39th Street,False
333744827,333744830,45.928344645324145,residential,,False
333744830,333744823,44.77521441280312,residential,38th Street,False
333744830,333744831,48.8237435635995,residential,,False
333744830,333744827,45.928344645324145,residential,,False
333744830,333744690,85.0363439004096,residential,38th Street,False
333744831,333744830,48.8237435635995,residential,,False
333744831,9179560425,29.054860494817962,tertiary,Tiruvalluvar Nagar 2nd Avenue,False
333744831,333738128,15.713824827683151,tertiary,Tiruvalluvar Nagar 2nd Avenue,False
334176833,2168628476,77.53462574029842,residential,1st Seaward Road,False
334176833,301299607,28.58888784714057,residential,1st Seaward Road,False
334176833,2168628462,23.32556805681462,residential,69th cross Street,False
334176840,333738088,33.963159936949296,residential,23rd Street,False
334176840,334176853,81.86664697704597,residential,"['21st Street', '22nd Street']",False
334176840,334176853,82.44810790766499,residential,"['23rd Street', '20th Street']",False
334176853,333737992,30.20060203879478,residential,20th Street,False
334176853,334176840,82.44810790766498,residential,"['20th Street', '23rd Street']",False
334176853,334176840,81.86664697704599,residential,"['21st Street', '22nd Street']",False
334176857,334176861,85.82788261738555,residential,12th Street,False
334176857,333738088,28.31548164643932,residential,3rd Main Road,False
334176857,333738124,30.2415662072568,residential,3rd Main Road,False
334176861,333737999,31.039092934161648,residential,10th Street,False
334176861,333738008,30.521785458362533,residential,10th Street,False
334176861,334176857,85.82788261738555,residential,12th Street,False
334176867,334176882,45.56791779805993,residential,8th Street,False
334176867,333738005,99.41842220228305,residential,9th Street,False
334176867,333738011,35.99663029733988,residential,9th Street,False
334176867,334176877,155.35004993018018,residential,"['7th Street', '8th Street']",False
334176877,333743785,26.897334775654635,tertiary,Tiruvalluvar Nagar 2nd Avenue,False
334176877,333738005,45.554790150720855,tertiary,Tiruvalluvar Nagar 2nd Avenue,False
334176877,334176867,155.35004993018018,residential,"['7th Street', '8th Street']",False
334176882,279610139,88.59271769404616,residential,Tiruvalluvar Nagar 1st Avenue,False
334176882,333738075,120.51145448536244,residential,Tiruvalluvar Nagar 1st Avenue,False
334176882,334176867,45.56791779805993,residential,8th Street,False
334189916,334190029,54.17739955894156,residential,5th Street,False
334189916,333744271,48.81851702113021,residential,2nd Cross Street,False
334189916,334190035,103.11248451152014,residential,,False
334189916,334189953,159.2023089417939,residential,"['3rd Main Road', '4th Cross Street']",False
334189924,334190021,45.45004622572676,residential,Ganapathy 2nd Street,False
334189924,334190035,18.52104621106949,residential,,False
334189924,11612578760,31.860438684724997,residential,,False
334189930,334190017,12.568192303788262,residential,5th Street,False
334189953,334189916,159.2023089417939,residential,"['4th Cross Street', '3rd Main Road']",False
334189959,334190021,38.96089628408676,residential,Ganapathy 2nd Street,False
334189959,334190017,113.9086312162841,residential,3rd Street,False
334189959,334189966,182.51583779758036,residential,Ganapathy 2nd Street,False
334189966,334542209,42.49737917997133,residential,Darmambal Street,False
334189966,334189959,182.51583779758036,residential,Ganapathy 2nd Street,False
334189966,4841337246,86.72520382854427,residential,Darmambal Street,False
334189979,333719166,54.96387546881415,residential,Ganapathy Street,False
334189979,334190084,6.527181142834773,residential,Ganapathy Street,False
334189979,334542209,50.06566059090562,residential,Darmambal Street,False
334189992,334190009,77.63842534797135,residential,Pandian Street,False
334190009,334189992,77.63842534797135,residential,Pandian Street,False
334190009,333719074,159.3057615517063,residential,Avvai Nagar Main Road,False
334190009,333719075,96.46605314586245,residential,Avvai Nagar Main Road,False
334190017,334190029,41.26476396397707,residential,5th Street,False
334190017,334189930,12.568192303788262,residential,5th Street,False
334190017,334189959,113.9086312162841,residential,3rd Street,False
334190021,334189924,45.45004622572676,residential,Ganapathy 2nd Street,False
334190021,334189959,38.96089628408676,residential,Ganapathy 2nd Street,False
334190021,334190029,115.65133284520977,residential,4th Street,False
334190029,334189916,54.17739955894156,residential,5th Street,False
334190029,334190017,41.26476396397707,residential,5th Street,False
334190029,334190021,115.65133284520977,residential,4th Street,False
334190035,11217108050,67.63145899536269,residential,,False
334190035,334189916,103.11248451152014,residential,,False
334190035,334189924,18.52104621106949,residential,,False
334190057,334201298,86.05344034111081,residential,Pilliyar Koil Street,False
334190057,333719159,50.342594386791376,residential,,False
334190057,11217108047,14.974123535994247,residential,,False
334190076,3674798191,2.9956363012756078,residential,Netaji Nagar Main Road,False
334190076,12067453469,22.206662319673054,residential,Netaji Nagar Main Road,False
334190076,11217108050,133.59338442653834,residential,South Street,False
334190081,3674798191,116.79745595763777,residential,Netaji Nagar Main Road,False
334190081,301299673,61.67528137981741,primary,East Coast Road,True
334190084,334189979,6.527181142834773,residential,Ganapathy Street,False
334190084,333719074,39.7977077639299,residential,Ganapathy Street,False
334190084,334190101,38.57718530501413,residential,,False
334190087,334190101,42.854232015524055,residential,,False
334190087,334190096,66.77853245221642,residential,,False
334190087,334190089,32.055575804634906,residential,,False
334190089,334190087,32.055575804634906,residential,,False
334190096,334190087,66.77853245221642,residential,,False
334190096,333719165,37.54638456065495,residential,,False
334190096,334190115,92.62668967427196,residential,Devendra Nagar Main Road,False
334190101,334190087,42.854232015524055,residential,,False
334190101,334190084,38.57718530501413,residential,,False
334190101,333719165,63.96582328092849,residential,,False
334190110,333719165,44.48252340017173,residential,,False
334190110,334190121,40.609853074506226,residential,,False
334190110,2168668788,105.73208882191054,residential,,False
334190115,334190121,46.479031861114855,residential,,False
334190115,334190096,92.62668967427194,residential,Devendra Nagar Main Road,False
334190115,9179599531,84.04745528874832,residential,Devendra Nagar Main Road,False
334190121,334190115,46.479031861114855,residential,,False
334190121,334190110,40.609853074506226,residential,,False
334190121,334190128,58.33776805698266,residential,,False
334190128,334190121,58.33776805698266,residential,,False
334201254,333719159,41.59806739730805,residential,Rajaji Nagar Main Road,False
334201254,334547778,6.848574647562451,residential,Rajaji Nagar Main Road,False
334201254,334201270,32.572848081219504,residential,,False
334201270,334201254,32.572848081219504,residential,,False
334201270,334201276,85.24816962888578,residential,Ganesh Nagar 1st Street,False
334201270,334201281,129.8254608188259,residential,2nd Street,False
334201276,334201281,33.73844097916083,residential,,False
334201276,334201270,85.24816962888578,residential,Ganesh Nagar 1st Street,False
334201276,333719160,75.9534219519888,residential,Ganesh Nagar 1st Street,False
334201281,334201276,33.73844097916083,residential,,False
334201281,9179599528,113.99460934821185,residential,2nd Street,False
334201281,334201270,129.8254608188259,residential,2nd Street,False
334201298,333719160,55.26484329323557,residential,,False
334201298,334547726,12.384927214480243,residential,Pilliyar Koil Street,False
334201298,334190057,86.05344034111081,residential,Pilliyar Koil Street,False
334266949,334266951,120.83801130487467,residential,Subbu Street,False
334266949,313786553,49.46774795792938,secondary,Dr. Muthulakshmi Road,True
334266951,334266949,120.83801130487467,residential,Subbu Street,False
334267008,3674408086,8.07494141192247,residential,Gangai Amman Koil Street,False
334267008,11757813316,36.677548757861786,living_street,,False
334267008,319493755,52.033936538426524,residential,Gangai Amman Koil Street,False
334267013,11491457873,38.15810000210882,residential,Kamaraj Street,False
334267013,334267019,87.67445748178439,living_street,5th Street,False
334267013,334648145,92.02178490452964,residential,Kamaraj Street,False
334267019,334267013,87.67445748178439,living_street,5th Street,False
334267019,334267028,26.12457191138426,residential,Lal Bahadur Shastri Street,False
334267019,9179561418,122.06231648910254,residential,Lal Bahadur Shastri Street,False
334267028,334267036,53.06576709182836,living_street,,False
334267028,11041730091,24.714835733248982,residential,Lal Bahadur Shastri Street,False
334267028,334267019,26.12457191138426,residential,Lal Bahadur Shastri Street,False
334267036,257430162,19.43520028969437,residential,Muthulakshmi Street,False
334267036,257440290,63.011031682424445,residential,Muthulakshmi Street,False
334267036,334267028,53.06576709182836,living_street,,False
334267056,319493827,84.14256789083002,residential,Kalakshetra Avenue 2nd Street,False
334267067,334267079,37.0999416792339,residential,Kalakshetra Road,False
334267067,11047877883,27.647497102663305,residential,Kalakshetra Road,False
334267067,334267074,80.93143351616636,residential,1st Avenue,False
334267067,2168668803,278.0675853867973,residential,1st Avenue,False
334267074,334267067,80.93143351616636,residential,1st Avenue,False
334267074,10272969983,33.223083059556664,residential,,False
334267074,10272969985,51.487549026875186,residential,,False
334267076,319494419,84.5221444871407,residential,,False
334267076,10272969983,18.202747160151517,residential,,False
334267076,310535824,29.868926982441966,residential,,False
334267079,319494419,17.55187268125789,residential,Kalakshetra Road,False
334267079,334267067,37.0999416792339,residential,Kalakshetra Road,False
334267079,319493828,98.66978649263409,residential,2nd Avenue,False
334267095,334267100,96.74467042434749,residential,Shanti Avenue,False
334267100,310535966,69.09303202133306,residential,Radhakrishnan Nagar Main Road,False
334267100,334267095,96.74467042434749,residential,Shanti Avenue,False
334267100,319493854,97.5914833859957,residential,Radhakrishnan Nagar Main Road,False
334267123,11041722780,38.92033693845709,residential,Anna Colony,False
334267123,334267125,51.51477004358943,residential,,False
334267123,313786539,198.96970587674826,residential,Anna Colony,False
334267125,334267123,51.51477004358943,residential,,False
334267127,319495762,40.19867513479828,residential,30th Cross Street,False
334267127,319495761,158.5188715951741,residential,30th Cross Street,False
334267127,334267130,50.79119708318077,residential,,False
334267130,10573743301,70.18453637292244,secondary,Mahatma Gandhi Road,False
334267130,334267127,50.79119708318077,residential,,False
334267130,257430048,160.77476485197397,secondary,Mahatma Gandhi Road,False
334267140,319500458,35.248639629133976,residential,Gangai Street,False
334267140,319500449,36.1120504110086,residential,Gangai Street,False
334267140,334267143,51.22992394561055,residential,,False
334267143,319500457,34.908150595532895,residential,Cauvery Street,False
334267143,319500450,50.59962010304655,residential,Cauvery Street,False
334267143,334267140,51.22992394561055,residential,,False
334267147,319500454,34.56409968395917,residential,Thirumurugan Street,False
334267147,319500467,12.70192210037124,residential,Thirumurugan Street,False
334267147,334267151,38.81629645893755,residential,,False
334267151,334267147,38.81629645893755,residential,,False
334267155,319500453,39.13288079532617,residential,,False
334267160,334267165,35.90537992712148,residential,Thirumurugan Street,False
334267160,319500470,15.17507447000934,residential,Thirumurugan Street,False
334267160,334267163,44.60570427251895,residential,,False
334267163,334267160,44.60570427251895,residential,,False
334267165,319500453,80.19827223398039,residential,Thirumurugan Street,False
334267165,334267160,35.90537992712148,residential,Thirumurugan Street,False
334267165,334267167,43.16204634218289,residential,,False
334267167,334267165,43.16204634218289,residential,,False
334267254,310535825,19.445181626631502,residential,Valmiki Street,False
334267254,9179560491,36.816115813612114,residential,Valmiki Street,False
334267254,334267270,132.81379000009463,living_street,Pilliyar Koil Lane,False
334267270,11328697149,66.58387606496326,living_street,Pilliyar Koil Lane,False
334267270,257432758,114.87269007837607,residential,Pilliyar Koil Street,False
334267270,334267254,132.81379000009463,living_street,Pilliyar Koil Lane,False
334267270,9179560487,105.21003660749169,residential,Pilliyar Koil Street,False
334270726,333732540,44.247410897053065,residential,,False
334270726,334270741,96.27986621556227,residential,,False
334270726,333732546,49.042813114214475,residential,,False
334270741,334270726,96.27986621556227,residential,,False
334270741,301299619,54.346410511363665,residential,,False
334270741,333732552,43.56109136735755,residential,,False
334270752,301299641,82.3336860063095,residential,1st Seaward Road,False
334270752,12419970575,15.190821423345426,residential,1st Seaward Road,False
334270752,9179560478,99.098572222357,residential,Rajagopalan Road,False
334270766,13144750314,29.328824466745942,residential,,False
334519374,333738048,37.29024639727936,residential,26th Street,False
334542209,334189966,42.49737917997133,residential,Darmambal Street,False
334542209,334189979,50.06566059090562,residential,Darmambal Street,False
334542209,11217108049,254.67630116407832,residential,Ganapathy 1st Street,False
334547726,334201298,12.384927214480243,residential,Pilliyar Koil Street,False
334547726,2168668788,87.70839346020698,residential,Pilliyar Koil Street,False
334547726,334547741,48.716498565416344,residential,Netaji Nagar Main Road,False
334547741,334547751,90.45249889071134,residential,,False
334547741,11756873919,54.48595005543941,residential,Netaji Nagar Main Road,False
334547741,334547726,48.716498565416344,residential,Netaji Nagar Main Road,False
334547751,334547741,90.45249889071134,residential,,False
334547764,334547778,37.85478429592124,residential,,False
334547778,334201254,6.848574647562451,residential,Rajaji Nagar Main Road,False
334547778,246866335,44.67602507270785,residential,Rajaji Nagar Main Road,False
334547778,334547764,37.85478429592124,residential,,False
334547793,334547803,72.31076058367952,residential,2nd Street,False
334547793,246866335,81.23505703973619,primary,East Coast Road,True
334547803,334547793,72.31076058367952,residential,2nd Street,False
334548840,334548858,103.4719055428292,residential,,False
334548840,11756873898,84.74528504211726,residential,TVK Koil 1st Street,False
334548840,333732530,60.54253980930886,residential,TVK Koil 1st Street,False
334548858,334548840,103.4719055428292,residential,,False
334640499,334640500,94.14788720365661,residential,2nd Street,False
334640499,2168628479,48.86970541466037,residential,4th Street,False
334640499,2168628473,85.788962135459,residential,,False
334640500,301299617,16.738369396445233,residential,Thiruvanmiyur Kuppam Beach Road,False
334640500,11757871772,119.51278805598938,residential,"['Vemballiamman Koil Street', 'Thiruvanmiyur Kuppam Beach Road']",False
334640500,334640499,94.14788720365661,residential,2nd Street,False
334645948,334645951,181.88982026926126,residential,26th East Street,False
334645951,9571012328,136.49105942663738,primary,South Avenue,True
334645951,334645948,181.88982026926126,residential,26th East Street,False
334648143,319493755,61.5558878952954,living_street,Raju Street,False
334648144,257430160,44.502717421163595,residential,Gangai Amman Koil Street,False
334648144,319493755,21.832071193067303,residential,Gangai Amman Koil Street,False
334648144,334648145,47.88185682289427,living_street,,False
334648145,257430168,25.619070997157067,residential,Kamaraj Street,False
334648145,334648144,47.88185682289427,living_street,,False
334648145,334267013,92.02178490452964,residential,Kamaraj Street,False
334650982,299800637,68.15032415769667,tertiary,Annai Velankanni Road,True
334650982,11772936281,34.17586122524145,residential,,False
334650982,12672943584,3.6377897405992483,residential,,False
334650984,319495760,11.994563650532383,residential,Tiger Varadachari Road,False
334650984,319500423,35.4049467080406,residential,Tiger Varadachari Road,False
334650984,334650985,89.53817354078849,residential,,False
334650985,11772936281,24.092581645318614,residential,,False
334650985,11772936279,41.0270442077169,residential,,False
334650985,334650984,89.53817354078849,residential,,False
334651031,319495780,62.52717737663877,residential,Arundale Beach Road,False
334651031,3701044129,60.971466274382294,residential,Coastal Road,False
334651031,319495788,156.69817389142887,residential,Coastal Road,False
334651429,319495789,44.5970366514336,residential,Beach Road,True
334651429,11757720109,110.51742240342686,residential,Ashtalakshmi Garden,False
334701818,2218345771,64.76477029179814,living_street,,False
334701818,249497877,109.4432182950516,tertiary,East Kottur Canal Bank Road,False
334701818,334701849,124.70197882649256,tertiary,East Kottur Canal Bank Road,False
334701844,334701849,127.74476948519813,living_street,,False
334701849,334701818,124.70197882649256,tertiary,East Kottur Canal Bank Road,False
334701849,249493616,99.25912352216653,tertiary,East Kottur Canal Bank Road,False
334701849,334701844,127.74476948519815,living_street,,False
334713047,11772949125,50.984447971113596,living_street,,False
334713137,11772949124,144.08069343629748,living_street,,False
335480446,312031567,46.20373761442586,residential,8th Main Road,False
335480446,257432745,62.28890314066018,residential,Arangannai Salai,False
335480446,312031446,106.46151794011205,residential,Arangannai Salai,False
335480465,11770790447,15.38717260508828,residential,8th Main Road,False
335480465,312031567,128.8630038524325,residential,8th Main Road,False
335480465,4843437601,41.01340769473902,residential,8th Main Road Kasthuribai Nagar,False
335480516,11414318734,55.58248143657314,residential,Tiruvengadam Street,False
335480516,335480533,57.781390264090014,residential,Kanniammal Lane,False
335480516,257431350,126.48623897570582,residential,Tiruvengadam Street,False
335480533,335480516,57.781390264090014,residential,Kanniammal Lane,False
335503107,335503117,104.0839532529548,residential,Lane Chetty Garden,False
335503107,11600959942,148.20434776186585,secondary,Dr Muthulakshmi Salai,True
335503117,335503107,104.0839532529548,residential,Lane Chetty Garden,False
335503132,312025128,60.286414107518674,residential,5th Street,False
335503132,312025126,63.23441982662981,residential,5th Street,False
335503132,335503145,93.74077205311649,residential,,False
335503145,11061455125,54.62599668019454,residential,Kamaraj Avenue 2nd Street,False
335503145,257430108,55.5060432936255,residential,Kamaraj Avenue 2nd Street,False
335503145,335503132,93.74077205311649,residential,,False
335515546,257430063,97.59781368528006,residential,Kamaraj Avenue 2nd Street,False
335515546,313774845,41.96470838929466,residential,Kamaraj Avenue 2nd Street,False
335515546,11770790430,104.94970054756057,residential,Wariyar Colony,False
335515590,335515596,127.19172134946253,residential,Venkatarathnam Ext 1,False
335515590,313774873,60.39662340419757,residential,Indira Nagar 13th Cross Street,False
335515590,257430014,53.90826527960665,residential,Indira Nagar 13th Cross Street,False
335515596,335515590,127.19172134946253,residential,Venkatarathnam Ext 1,False
335515597,313774891,38.02396287936958,residential,2nd Lane,False
335515597,313774890,65.04115779421929,residential,2nd Lane,False
335515597,335515601,72.2791648074696,residential,3rd Lane,False
335515601,313774877,37.05051239172109,residential,,False
335515601,313774868,50.49399759368521,residential,,False
335515601,335515597,72.2791648074696,residential,3rd Lane,False
335515602,313774868,34.39519841826394,residential,,False
335515602,257430065,47.81498531063552,residential,6th Cross Street,False
335515602,313774893,79.35338471037812,residential,6th Cross Street,False
335515603,313774880,22.845175588520714,residential,14th Cross Street,False
335515605,312025305,59.28440418208794,residential,LB Road 1st Street,False
335515605,257430081,20.45816836873735,residential,LB Road 1st Street,False
335515605,11736029912,206.17462919037393,residential,,False
335522209,291192861,78.36152475098494,residential,Indira Nagar 1st Main Road,False
335522209,291193234,69.38307267622514,residential,Indira Nagar 1st Main Road,False
335522209,335522217,179.2661166111147,residential,3rd Cross Street,False
335522217,335522209,179.2661166111147,residential,3rd Cross Street,False
335522217,291192621,68.72958196271884,residential,Indira Nagar 2nd Main Road,False
335522217,312025190,14.344427675351573,residential,Indira Nagar 2nd Main Road,False
335535094,335535096,32.25397053233436,residential,,False
335535095,335535096,29.527102204873206,residential,,False
335535096,335535095,29.527102204873206,residential,,False
335535096,335535094,32.25397053233436,residential,,False
335535096,313775296,35.827647350844806,residential,Padmanabha Nagar 5th Street,False
335535096,335535102,42.19312973218668,residential,Padmanabha Nagar 5th Street,False
335535097,335535102,26.330827612968722,residential,,False
335535098,335535102,29.837556833776596,residential,,False
335535102,335535098,29.837556833776596,residential,,False
335535102,335535097,26.330827612968722,residential,,False
335535102,335535096,42.19312973218668,residential,Padmanabha Nagar 5th Street,False
335535102,335535134,31.77801114951318,residential,Padmanabha Nagar 5th Street,False
335535110,335535114,30.567499637810553,residential,,False
335535113,335535114,30.076040283734567,residential,,False
335535114,335535113,30.076040283734567,residential,,False
335535114,335535110,30.567499637810553,residential,,False
335535114,313775288,33.39755597554459,residential,Padmanabha Nagar 5th Street,False
335535114,313775296,40.943319970884026,residential,Padmanabha Nagar 5th Street,False
335535115,313775288,31.500795077848284,residential,,False
335535116,335535122,17.634305855955102,residential,4th Street,False
335535116,335535120,9.500276227350902,residential,4th Street,False
335535116,335535117,47.17815629601643,residential,,False
335535117,335535116,47.17815629601643,residential,,False
335535118,335535119,42.36697630937071,residential,,False
335535119,335535141,17.178725528463083,residential,4th Street,False
335535119,335535122,15.627487479927867,residential,4th Street,False
335535119,335535118,42.36697630937071,residential,,False
335535120,335535116,9.500276227350902,residential,4th Street,False
335535120,313775110,27.741691425024047,residential,4th Street,False
335535120,335535121,44.602248261451145,residential,,False
335535121,335535120,44.602248261451145,residential,,False
335535122,335535119,15.627487479927867,residential,4th Street,False
335535122,335535116,17.634305855955102,residential,4th Street,False
335535122,335535123,45.52716713120293,residential,,False
335535123,335535122,45.52716713120293,residential,,False
335535129,313775100,35.265483969056575,residential,1st Street,True
335535129,335535130,41.76337979361246,residential,,False
335535130,335535129,41.76337979361246,residential,,False
335535133,335535134,32.830081890276304,residential,,False
335535134,335535133,32.830081890276304,residential,,False
335535134,335535102,31.77801114951318,residential,Padmanabha Nagar 5th Street,False
335535134,335535137,37.57304372403047,residential,Padmanabha Nagar 5th Street,False
335535135,335535137,27.36930951861453,residential,,False
335535136,335535137,32.96089413725076,residential,,False
335535137,335535136,32.96089413725076,residential,,False
335535137,335535135,27.36930951861453,residential,,False
335535137,335535134,37.57304372403047,residential,Padmanabha Nagar 5th Street,False
335535137,335535140,37.86930537367051,residential,Padmanabha Nagar 5th Street,False
335535138,335535140,33.0010329976181,residential,,False
335535139,335535140,24.63701544245792,residential,,False
335535140,335535139,24.63701544245792,residential,,False
335535140,335535138,33.0010329976181,residential,,False
335535140,335535137,37.86930537367051,residential,Padmanabha Nagar 5th Street,False
335535140,310580344,50.60638564311095,residential,Padmanabha Nagar 5th Street,False
335535141,313775119,38.71645816356154,residential,4th Street,False
335535141,335535119,17.178725528463083,residential,4th Street,False
335535141,335535142,42.318585865467185,residential,,False
335535141,11626085411,37.995230923823684,residential,,False
335535142,335535141,42.318585865467185,residential,,False
335535143,313775231,49.69914321160432,living_street,Ext 2,False
335535145,313775310,166.05355168628577,residential,2nd Street,False
335535149,299805382,99.5645497950301,residential,1st cross street,False
335535149,257430116,61.46120141591596,residential,1st cross street,False
335535149,335535150,71.73617219876341,residential,,False
335535150,335535149,71.7361721987634,residential,,False
335997558,252391739,81.19337331197984,secondary,Gandhi Mandapam Road,True
335997558,269219247,218.98797386315286,residential,"['Arunachalam Road', 'Valliammai Road']",False
338222919,300463823,76.64827365592197,residential,Dhandeeshwaram 3rd Main Road,False
338222919,300311629,76.58549017221115,residential,Dhandeeshwaram 3rd Main Road,False
338222919,325209149,51.52537519993785,residential,Dandeeswaram Main Road,False
338222919,325209345,46.745197814181914,residential,Dandeeswaram Main Road,False
338222927,299880853,45.21919945042332,residential,,False
338222927,300464009,23.246502961812034,residential,,False
338222927,299880913,98.29374749324492,residential,,False
338222942,299878744,38.58785142605521,residential,,False
338222942,300464063,42.632854552882236,residential,,False
338222942,299883744,44.0026759776392,residential,,False
338222942,300464064,135.04132488742533,residential,,False
338222949,300464073,42.298142271775525,residential,,False
338222949,2167148972,68.53908952456948,residential,,False
338222949,299883758,107.49028003970396,residential,,False
338222949,299883757,30.645419219071567,residential,,False
338223162,299385811,47.520849043106864,residential,Mohanapuri 2nd Street,False
338223162,299383048,80.05223607297377,residential,,False
338223162,338440044,46.958301787946354,residential,,False
338223162,338223169,97.57015613521574,residential,Mohanapuri 2nd Street,False
338223169,299886559,49.97764388526427,residential,4th Cross Street,False
338223169,2167149212,39.94985459235025,residential,4th Cross Street,False
338223169,299382716,77.0084917060302,residential,Mohanapuri 2nd Street,False
338223169,338223162,97.57015613521574,residential,Mohanapuri 2nd Street,False
338223175,6445046253,62.035309105354166,residential,Mohanapuri 4th Street,False
338223175,299886460,81.12104091667467,residential,Mohanapuri 4th Street,False
338223175,2167149212,44.11492356880702,residential,4th Cross Street,False
338223175,3674466519,38.05587948611978,residential,4th Cross Street,False
338223207,300159188,106.4347961263739,residential,,False
338223207,300159528,56.501391053375514,residential,,False
338223207,300190250,46.42453857655311,residential,,False
338223207,300159065,141.57931149592474,residential,,False
338223214,300159499,43.154466238548494,residential,,False
338223214,330420309,88.68279114427553,residential,,False
338223214,11801132750,36.773360912491675,residential,,False
338223214,2167149324,46.94219182738998,residential,,False
338223221,300159529,60.47392640494239,residential,,False
338223221,300190607,72.85817033984553,residential,,False
338223221,338223227,47.876092755202144,tertiary,2nd Cross Street,False
338223227,300159070,66.76945562892114,residential,,False
338223227,300159188,70.33793466762897,residential,,False
338223227,338223221,47.876092755202144,tertiary,2nd Cross Street,False
338223227,300159530,51.45642916717925,tertiary,2nd Cross Street,False
338223232,300312074,157.58006266056154,residential,Usha Street,False
338223232,300312067,48.087496629592415,residential,MurphyDoss Street;Way to Gandhi Road / VGP avenue,False
338223232,1641560713,7.299921300781603,residential,MurphyDoss Street;Way to Gandhi Road / VGP avenue,False
338223241,4450459259,21.8962664494894,residential,Ayodhya Colony,False
338223241,1641560713,126.49248505386694,residential,Ayodhya Colony 1st Street,False
338223241,1641560714,29.5816211983145,residential,Ayodhya Colony 1st Street,False
338223241,251172944,55.386790547350124,residential,Ayodhya Colony,False
338223248,4252220059,45.779879821973516,residential,Street in Tansi Nagar (anna nagar) Velachery,False
338223248,300313917,99.2353413363323,residential,Street in Tansi Nagar (anna nagar) Velachery,False
338223248,1457503274,66.14195143489967,residential,Anna Nagar 4th Main Road,False
338223248,300464570,45.09651782472065,residential,Anna Nagar 4th Main Road,False
338223254,300464568,68.79405084431356,residential,Venus Colony 1st street,False
338223254,1457503275,117.02482509095266,residential,Venus Colony 2nd Street,False
338223254,4252220060,38.83118842114864,residential,"['Venus Colony 2nd Street', 'Street in Tansi Nagar (anna nagar) Velachery']",False
338223258,299879312,48.119242944002714,residential,VGP Selva Nagar 2nd Street,False
338223258,299879241,102.72830997817361,residential,VGP Selva Nagar 2nd Street,False
338223258,299879259,62.25437100830983,residential,VGP Selva Nagar 2nd Main Road,False
338223258,1768289876,228.45619640216907,residential,VGP Selva Nagar 2nd Main Road,False
338223259,1751203573,31.855904488543974,residential,Vijayanagar 1st Main Road,False
338223259,2167148944,30.740468848669956,residential,Vijayanagar 1st Main Road,False
338223259,5388533200,88.43277870350838,residential,,False
338223259,299883951,62.76270727790839,residential,,False
338223272,4300667151,69.84757384723207,residential,RajaLaxmi Nagar 2nd main Road,False
338223272,2623043962,84.36453194286727,primary,Velachery Bypass Road,True
338223280,300165125,49.905018513622885,residential,Bhavathi Amman Koil Street,False
338223280,300165175,33.65350049499116,residential,Bhavathi Amman Koil Street,False
338223280,299382730,55.55898524644835,residential,Lakshmi Hayagriva 1st Main Road,False
338223280,300165127,133.72125398970678,residential,Lakshmi Hayagriva 1st Main Road,False
338282591,12483820630,92.45506087327874,primary,,True
338282602,338406481,194.15133258314492,residential,Dr.Seetharaman Nagar Main Road,False
338282602,12157030704,34.36919922342741,primary,Major Mukund Varadharajan Salai,True
338282605,299879280,65.95054138431254,residential,VGP Selva Nagar Main Road,False
338282605,12183394019,136.04941270042414,primary,Major Mukund Varadharajan Salai,True
338282639,338282645,3.044426976632093,residential,7th Main Road,False
338282639,299883997,103.305789795763,residential,7th Main Road,False
338282639,299879154,38.91924042781924,residential,,False
338282645,299884000,83.73871599732593,residential,7th Main Road,False
338282645,338282639,3.044426976632093,residential,7th Main Road,False
338282645,313857711,68.77529518900461,residential,,False
338341070,299877917,99.41020466945184,residential,kalki nagar main road,False
338341070,2407564026,42.498961437579474,residential,kalki nagar main road,False
338341110,12483820631,5.47087757972608,tertiary,Annai Indhra Gandhi Road,False
338341110,4239226796,61.900194868363094,tertiary,Annai Indhra Gandhi Road,False
338341110,338341116,164.90590575694335,primary,,True
338341116,12756684689,5.32418660348016,tertiary,Velachery MRTS,False
338341116,5355073731,299.5275682194652,tertiary,Velachery MRTS,False
338341116,2197525463,88.63424759867682,primary,,True
338406414,1457503214,268.2858210135511,residential,Bhuvaneswary Nagar 1st Main Road,False
338406414,299879241,14.049089595144256,residential,Bhuvaneswary Nagar 1st Main Road,False
338406414,338406415,37.254292907264826,residential,,False
338406415,1457503208,269.70615290851794,residential,Buhuvaneswary Nagar 2nd Main Road,False
338406415,1457503198,58.833399625557156,residential,,False
338406415,338406414,37.254292907264826,residential,,False
338406415,11612773137,58.17240645007895,residential,Buhuvaneswary Nagar 2nd Street,False
338406416,1457503208,127.34166387388598,residential,Buhuvaneswary Nagar 2nd Main Road,False
338406416,1457503207,150.18131626063712,residential,"['3rd Main Road', 'Chandru Street']",False
338406416,299879272,83.16490688902874,residential,Chandru Street,False
338406419,338406481,157.8663330299296,residential,"['Dr.Seetharaman Nagar Main Road', 'Dr.Seetharaman Nagar 1st Street']",False
338406481,11050795498,107.36643854150088,residential,,False
338406481,338282602,194.15133258314492,residential,Dr.Seetharaman Nagar Main Road,False
338406481,338406419,157.8663330299296,residential,"['Dr.Seetharaman Nagar Main Road', 'Dr.Seetharaman Nagar 1st Street']",False
338406517,11059186600,32.7596972608545,primary,Major Mukund Varadharajan Salai,True
338406517,11768865771,128.3091448500069,residential,,False
338406531,4294218147,4.069130204512332,residential,Sarathy Nagar 1st Main Road,False
338406531,11612748156,39.961911273320425,residential,Sarathy Nagar 1st Main Road,False
338406531,338406589,39.94118708705072,residential,Sarathy Nagar 2nd street,False
338406537,338406543,125.66598541863817,residential,,False
338406543,338406589,38.595645443162276,residential,Sarathy Nagar 2nd street,False
338406543,338406537,125.66598541863817,residential,,False
338406543,6595580907,108.80738886603034,residential,Sarathy Nagar 2nd street,False
338406544,338406546,62.22879740494163,residential,Sarathy Nagar 5th street,False
338406544,338406545,29.285804169660892,residential,,False
338406544,300313916,42.22156444279404,residential,Sarathy Nagar 5th street,False
338406545,338406544,29.285804169660892,residential,,False
338406546,338406544,62.22879740494163,residential,Sarathy Nagar 5th street,False
338406546,338406562,34.819460306277094,residential,Sarathy Nagar 5th street,False
338406546,14014630764,127.48845704346668,residential,Kathiravan Nagar,False
338406549,4294218143,23.210799972773046,residential,Sarathy Nagar 1st Main Road,False
338406549,338406562,62.41008557440905,residential,Sarathy Nagar 5th street,False
338406549,4294218142,53.75221043778939,residential,"['Sarathy Nagar 6th street', 'Sarathy Nagar 1st Main Road']",False
338406554,338406562,28.181595075702216,residential,Sarathy Nagar 5th street,False
338406562,338406554,28.181595075702216,residential,Sarathy Nagar 5th street,False
338406562,338406546,34.819460306277094,residential,Sarathy Nagar 5th street,False
338406562,338406549,62.41008557440905,residential,Sarathy Nagar 5th street,False
338406569,4294218147,36.58462136409201,residential,Sarathy Nagar 1st street,False
338406589,338406543,38.595645443162276,residential,Sarathy Nagar 2nd street,False
338406589,338406531,39.94118708705072,residential,Sarathy Nagar 2nd street,False
338406589,8042009289,41.96811464759574,residential,,False
338406601,338461405,54.328007962620276,residential,Varadarajapuram,False
338406630,2167149046,22.39725622476332,primary,Velachery Bypass Road,True
338406630,299883714,35.09771161532912,residential,,False
338406637,300184998,229.70106142332472,residential,,False
338406637,299883330,44.17004386792708,primary,Velachery Bypass Road,True
338406648,299883303,135.34185058626682,residential,,False
338406648,11183232599,104.38061040579214,primary,Velachery Bypass Road,True
338406658,11789974947,29.818235752328363,residential,South Street,False
338406658,338406669,48.527253011929,primary,Velachery Bypass Road,True
338406669,338406678,60.72667514962296,primary,Velachery Bypass Road,True
338406669,300165209,182.9260764201729,residential,"['Sakthi Vijayalkshmi Road', '2nd Street']",False
338406678,13793703061,44.818656382562125,primary,Velachery Bypass Road,True
338406678,7806767007,137.46769918491097,residential,Sasi Nagar Road,False
338406694,338440293,42.9163287977388,primary,Velachery Bypass Road,True
338406694,325207488,14.56411356664545,tertiary,Marudupandi Street,False
338406694,11770378188,255.3607992700578,tertiary,Marudupandi Street,False
338406725,277911479,79.5520770165391,residential,Gangai Amman Koil Street,False
338406725,11046206862,28.56800663898652,primary,Velachery Bypass Road,True
338406731,11046206859,117.24871915949069,living_street,,False
338406731,338406737,110.58023018293864,primary,Velachery Bypass Road,True
338406737,338406743,60.34666086831619,primary,Velachery Bypass Road,True
338406737,11056212008,46.23664902578337,residential,Radhamohan Street,False
338406737,325206177,14.658681551721873,residential,,False
338406743,338406748,58.16196346830999,primary,Velachery Bypass Road,True
338406743,325206353,131.50646790218175,residential,Pandian Street,False
338406748,11050651533,57.80272263806091,primary,Velachery Bypass Road,True
338406748,325206584,117.02226491761657,residential,Radhakrishnan Street,False
338406760,11052728313,317.80913168725283,secondary,Velachery Main Road,True
338406831,300306147,65.52129218744346,residential,,False
338406836,300306147,68.64072603812735,residential,,False
338406836,300463612,198.44046497076707,residential,"['4th Street', '5th Street', 'Astalakshmi Nagar 2nd Street']",False
338406836,2407565222,70.13639988216767,residential,3rd Street,False
338406860,243326004,12.895431120939078,secondary,Velachery Main Road,False
338406860,12497489527,137.8440049741817,primary,Major Mukund Varadharajan Salai,True
338417876,325210242,36.975872541700014,residential,Dhandeeswaram Nagar 10th Main Road,False
338417876,4278284259,43.510611373751246,residential,Dhandeeswaram Nagar 12th Cross Road,False
338417876,325210179,109.80566647031863,residential,Dhandeeswaram Nagar 12th Cross Road,False
338417879,300311668,24.38387135314471,residential,Dhandeeswaram Nagar 10th Cross Road,False
338417879,325210260,76.28558213709034,residential,Dhandeeswaram Nagar 10th Cross Road,False
338417879,325210242,58.8111795980906,residential,Dhandeeswaram Nagar 10th Main Road,False
338417885,338417903,26.389184027650156,residential,Dhandeeshwaram Nagar 7th Main Road,False
338417885,325210162,53.992683680071416,residential,Dhandeeshwaram Nagar 7th Main Road,False
338417885,338417891,88.40689901077678,residential,Dhandeeswaram Nagar 6th Avenue(East),False
338417891,325210162,88.84879960228398,residential,Dhandeeswaram Nagar 7th Avenue(East),False
338417891,325210158,42.16482935712744,residential,Dhandeeswaram Nagar 7th Avenue(East),False
338417891,338417885,88.40689901077678,residential,Dhandeeswaram Nagar 6th Avenue(East),False
338417897,325210162,65.27509443686228,residential,,False
338417903,325210163,15.21292446504693,residential,Dhandeeshwaram Nagar 7th Main Road,False
338417903,338417885,26.389184027650156,residential,Dhandeeshwaram Nagar 7th Main Road,False
338417903,325210170,139.03171583139107,residential,"['Dhandeeswaram Nagar 5th Avenue [west]', 'Dhandeeswaram Nagar 4th Avenue [west] 1 cross street']",False
338417906,325209831,49.269761490308895,primary,Taramani Link Road,True
338417906,4265546764,12.918742376052569,residential,Tansi Nagar 2nd Street,False
338440033,11050668344,50.29017022567384,residential,Lakshmipuram Street,False
338440033,325206636,18.603777902016382,residential,Lakshmipuram Street,False
338440033,338440035,97.40676684424622,living_street,,False
338440035,338440033,97.40676684424622,living_street,,False
338440035,4265654360,40.665242784815575,residential,,False
338440035,11050668343,49.97214857610909,residential,,False
338440036,7030307791,89.45834854953358,residential,,False
338440036,300304761,23.88069963018089,residential,,False
338440036,299883586,58.25199138101356,residential,,False
338440038,299385811,51.85947642944895,residential,,False
338440038,338440041,38.78507420739558,residential,,False
338440038,300165126,145.71373213947726,residential,,False
338440041,338440038,38.78507420739558,residential,,False
338440041,299385806,44.152384215309716,residential,,False
338440041,11155690560,44.448839370918485,residential,,False
338440041,299886837,44.243717637774026,residential,2nd Main Road,False
338440044,299886559,97.32956445551727,residential,,False
338440044,338223162,46.958301787946354,residential,,False
338440044,299886837,44.43234029708941,residential,,False
338440047,299880831,40.72553808383602,residential,,False
338440049,299383040,88.73644947744349,residential,,False
338440049,299382716,51.71373561678457,residential,Mohanapuri 2nd Street,False
338440049,299382713,44.03170710268679,residential,Mohanapuri 2nd Street,False
338440186,11770224841,54.57442937580459,residential,,False
338440186,11770224843,40.95011938958398,residential,Lakshmipuram Main Road,False
338440186,325206683,101.81132043802315,residential,Lakshmipuram Main Road,False
338440186,338440189,95.9700010151973,residential,,False
338440189,277911472,77.5536000847872,tertiary,Dhroupathy Amman Koil Street,False
338440189,338440186,95.9700010151973,residential,,False
338440189,4265654366,46.97076012492809,tertiary,Dhroupathy Amman Koil Street,False
338440191,338440193,42.60947614800548,residential,Mathiazhagan Street,False
338440193,338440191,42.60947614800548,residential,Mathiazhagan Street,False
338440193,338440255,32.155423042715135,residential,,False
338440193,300164148,43.84059537755224,residential,Mathiazhagan Street,False
338440200,338440222,26.89182208189209,residential,,False
338440200,338440223,30.5138032306957,residential,,False
338440200,338440202,142.560491282368,residential,Veerabandiya Kattabomman Street,False
338440200,300164300,116.70060097532266,residential,Veerabandiya Kattabomman Street,False
338440202,338440214,32.08161075200977,residential,,False
338440202,338440200,142.560491282368,residential,Veerabandiya Kattabomman Street,False
338440202,338440220,29.63603174926281,residential,,False
338440205,338440252,20.16717525114121,residential,,False
338440205,338440232,154.31785863509782,residential,Nedunchezhian Street,False
338440205,366081887,51.92836609008703,residential,,False
338440214,338440202,32.08161075200977,residential,,False
338440214,338440223,133.65857726120802,residential,Periyar Street,False
338440214,11052728313,32.87414801487367,residential,,False
338440220,338440222,151.79299028345986,residential,Amnbil Dharmalingam Street,False
338440220,338440202,29.63603174926281,residential,,False
338440220,338440252,31.85880859738238,residential,,False
338440222,338440253,117.70103476363167,residential,Amnbil Dharmalingam Street,False
338440222,338440225,27.551755681931844,residential,,False
338440222,338440200,26.89182208189209,residential,,False
338440222,338440220,151.79299028345986,residential,Amnbil Dharmalingam Street,False
338440223,338440200,30.5138032306957,residential,,False
338440223,338440214,133.65857726120802,residential,Periyar Street,False
338440223,300164300,141.95877895583334,residential,,False
338440225,338440232,26.852308241736647,residential,,False
338440225,338440222,27.551755681931844,residential,,False
338440225,6588171743,120.1912876066098,residential,Madhavan Street,False
338440225,338440252,155.303436519797,residential,Madhavan Street,False
338440232,338440225,26.852308241736647,residential,,False
338440232,338440245,59.027647085897314,residential,Nedunchezhian Street,False
338440232,338440205,154.3178586350978,residential,Nedunchezhian Street,False
338440245,338440255,14.98515878906067,residential,,False
338440245,338440232,59.027647085897314,residential,Nedunchezhian Street,False
338440245,11770278945,21.21942755453876,residential,Nedunchezhian Street,False
338440252,1184617250,44.38393692489286,residential,Madhavan Street,False
338440252,338440205,20.16717525114121,residential,,False
338440252,338440225,155.303436519797,residential,Madhavan Street,False
338440252,338440220,31.85880859738238,residential,,False
338440253,300164286,13.532342578907151,residential,,False
338440253,300164300,27.388171925657545,residential,,False
338440253,338440222,117.70103476363167,residential,Amnbil Dharmalingam Street,False
338440255,338440245,14.98515878906067,residential,,False
338440255,338440193,32.155423042715135,residential,,False
338440255,338440257,70.92498009392631,residential,,False
338440257,338440255,70.92498009392631,residential,,False
338440260,330410558,88.15031245477593,residential,,False
338440260,11770278963,30.95992202974583,residential,,False
338440260,7826160051,124.83677393588331,residential,,False
338440263,11770378188,50.8868867009083,tertiary,Marudupandi Street,False
338440263,299386209,39.71277175894407,tertiary,Marudupandi Street,False
338440263,11770378182,19.35534718730737,residential,,False
338440271,277911482,35.08459404441473,residential,Gangai Amman Koil Street,False
338440271,7266494419,9.264697962099993,residential,Gangai Amman Koil Street,False
338440271,338440274,104.87089177603264,residential,,False
338440272,7266494418,8.845208902680204,residential,Gangai Amman Koil Street,False
338440272,338440274,57.91009212490985,residential,,False
338440272,277911479,179.45345783014739,residential,Gangai Amman Koil Street,False
338440274,338440272,57.91009212490985,residential,,False
338440274,338440271,104.87089177603264,residential,,False
338440274,11770378182,39.79808885835655,residential,,False
338440292,300164298,56.26260011983325,residential,Gandhi Street,False
338440292,277911482,69.20088181008053,residential,Gandhi Street,False
338440292,299386209,168.52991710825904,residential,,False
338440293,338406725,53.58885516988814,primary,Velachery Bypass Road,True
338440293,338440297,89.62984185923582,residential,Pandidurai Street,False
338440297,338440293,89.62984185923582,residential,Pandidurai Street,False
338461031,1640674281,153.09769966083442,residential,Film Street,False
338461031,338461071,42.37297425642533,residential,Tansi Nagar 12th Street,False
338461031,338461089,26.22127101258204,residential,Tansi Nagar 12th Street,False
338461054,300464737,6.337096299947047,residential,Sastri Road,False
338461054,300464732,42.71435696964339,residential,Sastri Road,False
338461054,338461071,154.4853065772684,residential,Tansi Nagar 13 th street,False
338461071,338461054,154.4853065772684,residential,Tansi Nagar 13 th street,False
338461071,4450539390,42.32904420708466,residential,Tansi Nagar 12th Street,False
338461071,338461031,42.37297425642533,residential,Tansi Nagar 12th Street,False
338461081,338461084,87.45398647849372,residential,Tansi Nagar 10th Street,False
338461081,300464860,32.17780918253562,residential,Tansi Nagar 14th Street,False
338461081,300464861,34.15109852324696,residential,Tansi Nagar 14th Street,False
338461084,300464915,45.03940354466071,residential,Tansi Nagar 9th Street,False
338461084,338461081,87.45398647849372,residential,Tansi Nagar 10th Street,False
338461084,4450539389,48.5365301532604,residential,Tansi Nagar 9th Street,False
338461089,338461031,26.22127101258204,residential,Tansi Nagar 12th Street,False
338461089,300464596,19.88028659236446,residential,Tansi Nagar 12th Street,False
338461089,4450536983,54.77648863204879,residential,Tansi Nagar 14th Street,False
338461093,300464860,42.758018288563676,residential,Tansi Nagar 20th Street,False
338461093,300464570,151.46324559218814,residential,Tansi Nagar 20th Street,False
338461093,300464879,91.23037287808775,residential,,False
338461163,11612748156,26.528297410388078,residential,Sarathy Nagar 3rd street,False
338461174,300464739,46.42698347955389,residential,Doss Avenue,False
338461183,300464731,39.635411662936235,residential,Doss Avenue,False
338461183,11066184597,51.845532467918744,residential,Baby Nagar 2nd Main Road,False
338461183,1457503510,109.27672843516154,residential,Bharathi Street,False
338461201,300455464,59.713703872263544,residential,Seshadripuram 1st Main Road,False
338461201,338461249,196.86877459824132,residential,V O C Street,False
338461201,4239255903,183.42217785205855,residential,Seshadripuram 1st Main Road,False
338461201,338461274,231.9373291358432,residential,Park Avenue 3rd Street,False
338461207,338461380,59.99107702177801,residential,baby nagar to perungudi railway station road,False
338461207,2146414141,4.456694873708113,residential,baby nagar to perungudi railway station road,False
338461207,338461216,102.77660030920859,residential,Baby Nagar 1st Main Road,False
338461216,1640674279,49.098365256568904,residential,Baby Nagar 1st Cross Road,False
338461216,338461249,236.53326871873645,residential,"['Baby Nagar 1st Main Road', 'V O C Street']",False
338461216,338461207,102.77660030920859,residential,Baby Nagar 1st Main Road,False
338461216,338461377,52.45829311957696,residential,Baby Nagar 1st Cross Road,False
338461249,1640633833,98.65959965000792,residential,,False
338461249,338461201,196.86877459824126,residential,V O C Street,False
338461249,338461216,236.53326871873645,residential,"['Baby Nagar 1st Main Road', 'V O C Street']",False
338461263,338461359,82.44321438097501,residential,Park Avenue 1st Street,False
338461263,300455464,59.52006876928341,residential,Seshadripuram 1st Main Road,False
338461263,4294274206,20.566762833332547,residential,Seshadripuram 1st Main Road,False
338461267,1640636923,102.24350249574782,residential,Park Avenue 1st Street,False
338461267,1640636923,194.94935598408273,residential,"['Park Avenue 2nd Cross Street', 'Park Avenue 3rd Cross Street']",False
338461267,338461359,52.820933083058826,residential,Park Avenue 1st Street,False
338461274,338461201,231.9373291358432,residential,Park Avenue 3rd Street,False
338461274,1765260863,44.7845092810671,tertiary,Perungudi Station Road,False
338461274,14137325193,56.52846693412787,tertiary,Perungudi Station Road,False
338461288,4294274209,63.59668030927596,residential,Udhayam Nagar 1st Main Road,False
338461288,300455566,39.07811297685111,tertiary,Bharani Street,False
338461288,1640636924,52.7826420385341,tertiary,Bharani Street,False
338461292,338461315,36.78798711633766,residential,Udhayam Nagar 2nd Main Road,False
338461292,338461336,73.53359955400448,residential,Udhayam Nagar 1st Main Road,False
338461292,4294274209,42.48093358805234,residential,Udhayam Nagar 1st Main Road,False
338461296,338461302,36.808253728852314,residential,Udhayam Nagar 2nd Main Road,False
338461296,338461299,40.02649709548084,residential,Udhayam Nagar 4th Main Road,False
338461296,10718017048,59.27286792334077,residential,Udhayam Nagar 2nd Main Road,False
338461299,338461296,40.02649709548084,residential,Udhayam Nagar 4th Main Road,False
338461302,338461296,36.808253728852314,residential,Udhayam Nagar 2nd Main Road,False
338461302,338461315,33.31198990753552,residential,Udhayam Nagar 2nd Main Road,False
338461302,4294274214,43.266326258490956,residential,Udhayam Nagar 3th Main Road,False
338461315,338461302,33.31198990753552,residential,Udhayam Nagar 2nd Main Road,False
338461315,338461292,36.78798711633766,residential,Udhayam Nagar 2nd Main Road,False
338461315,4294274216,181.1646467318744,residential,"['Sachidanantha Nagar Main Road', 'Udhayam Nagar 2nd Cross Road']",False
338461336,338461292,73.53359955400448,residential,Udhayam Nagar 1st Main Road,False
338461359,338461267,52.820933083058826,residential,Park Avenue 1st Street,False
338461359,338461263,82.44321438097501,residential,Park Avenue 1st Street,False
338461359,300455464,134.2641913880168,residential,"['Park Avenue 2nd Street', 'Park Avenue 1st Cross Street']",False
338461377,338461394,49.9127784568363,residential,Sheshadri Puram 1st Main Road;baby nagar to perungudi railway station road,False
338461377,300455463,102.85563596905943,residential,Sheshadri Puram 1st Main Road,False
338461377,338461216,52.45829311957696,residential,Baby Nagar 1st Cross Road,False
338461377,338461399,140.62972601189887,residential,Sheshadri Puram 3rd Cross Road,False
338461380,338461207,59.99107702177801,residential,baby nagar to perungudi railway station road,False
338461380,338461383,57.327970983462755,residential,Sheshadri Puram 1st Cross Road,False
338461380,338461394,44.89862890641323,residential,Sheshadri Puram 1st Main Road;baby nagar to perungudi railway station road,False
338461383,338471952,10.37697514776168,residential,,False
338461383,338471958,17.46208285664838,residential,,False
338461383,338461380,57.327970983462755,residential,Sheshadri Puram 1st Cross Road,False
338461386,338461391,39.63934409167848,residential,,False
338461388,1641560827,57.96596903176564,residential,,False
338461388,1641560829,67.65822978011148,residential,,False
338461388,11431727600,16.164331959725715,residential,,False
338461391,1641560829,30.98741114473986,residential,,False
338461391,338461386,39.63934409167848,residential,,False
338461391,338471952,42.06850703161581,residential,,False
338461394,338461377,49.9127784568363,residential,Sheshadri Puram 1st Main Road;baby nagar to perungudi railway station road,False
338461394,338461380,44.89862890641323,residential,Sheshadri Puram 1st Main Road;baby nagar to perungudi railway station road,False
338461394,338471958,83.53342600640079,residential,Sheshadri Puram 2nd Cross Road,False
338461399,338461377,140.62972601189887,residential,Sheshadri Puram 3rd Cross Road,False
338461403,338406860,47.194035549134085,primary,Taramani Link Road,True
338461403,4294218147,54.997103997751125,residential,Sarathy Nagar 1st Main Road,False
338461405,338406601,54.32800796262028,residential,Varadarajapuram,False
338461405,338461403,64.8462716032503,primary,Taramani Link Road,True
338461408,2146414141,21.280406703859487,residential,baby nagar to perungudi railway station road,False
338461408,2146414137,129.45010461248066,primary,Taramani Link Road,True
338461410,338461412,71.1261778223883,residential,Madavmani Avenue,False
338461410,325210402,51.507769314015164,secondary,Velachery Main Road,False
338461410,243326004,109.37630524790046,secondary,Velachery Main Road,False
338461412,338461410,71.1261778223883,residential,Madavmani Avenue,False
338461428,338461433,65.35268603974353,residential,LIC Colony 1st street,False
338461428,325210402,110.30732014826376,residential,LIC Colony Main Road,False
338461428,325210401,51.34886620446537,residential,LIC Colony Main Road,False
338461433,338461428,65.35268603974353,residential,LIC Colony 1st street,False
338461438,300311903,12.981391689203617,residential,Dhandeeshwaram Nagar 7th Main Road,False
338461438,325209851,42.20934715522909,residential,Dhandeeshwaram Nagar 7th Main Road,False
338461438,338461443,66.49448693646023,residential,Dhandeeshwaram Nagar 2nd Avenue (East),False
338461443,338461438,66.49448693646023,residential,Dhandeeshwaram Nagar 2nd Avenue (East),False
338461444,300312548,44.066416829418046,residential,Seethapathy Nagar Extn,False
338461444,338461446,45.87212960605424,residential,Hudson Avenue,False
338461444,4278233219,126.73461505951926,residential,Seethapathy Nagar Extn,False
338461446,338461444,45.87212960605424,residential,Hudson Avenue,False
338461455,330653119,12.869090300413585,residential,Dhandapani Street,False
338461455,330653131,37.32815923602376,residential,Dhandapani Street,False
338461455,11832685263,68.5585782704238,residential,Vellalar Street,False
338461469,330648930,76.21132845129311,residential,Kokilam 2nd Street,False
338461488,338461524,11.548190357340188,primary,Taramani Road,False
338461488,338471950,79.87695953266356,primary,Taramani Link Road,True
338461488,338461702,60.804348368167695,residential,Tamirabarani Street,False
338461507,277911182,8.927852166230519,tertiary,,False
338461507,303453799,19.949349028374918,primary,Taramani Link Road,True
338461524,338461672,33.80082299695422,residential,Ganga Street,False
338461524,338461488,11.548190357340188,primary,Taramani Road,False
338461524,338461580,61.37448326881902,primary,Taramani Link Road,True
338461551,338461563,99.73253512792049,residential,,False
338461551,338461571,52.10301088599299,tertiary,Bharani Street,False
338461551,4450473925,105.01082835472766,tertiary,Bharani Street,False
338461555,11752647820,105.17718453732164,residential,Ganga Street,False
338461555,300455566,34.864473830614266,tertiary,Bharani Street,False
338461555,11066220327,65.20186881283175,tertiary,Bharani Street,False
338461563,338461551,99.73253512792049,residential,,False
338461571,338461576,98.53360965765644,residential,,False
338461571,338461551,52.10301088599299,tertiary,Bharani Street,False
338461571,11066220327,37.737513919268636,tertiary,Bharani Street,False
338461576,338461571,98.53360965765644,residential,,False
338461580,338461583,50.139830754120325,residential,,False
338461580,4450473925,56.95761757878428,primary,Taramani Link Road,True
338461583,338461672,58.12039128643884,residential,,False
338461583,338461580,50.139830754120325,residential,,False
338461583,338461588,150.77684295277464,residential,,False
338461588,338461661,19.70468683235831,residential,Ganga Street,False
338461588,338461672,95.4887839287492,residential,Ganga Street,False
338461588,338461645,25.695239185810536,residential,,False
338461588,338461583,150.77684295277464,residential,,False
338461645,338461675,26.82232930725038,residential,,False
338461645,338461588,25.695239185810536,residential,,False
338461645,338461667,125.81527686760919,residential,,False
338461661,338461588,19.70468683235831,residential,Ganga Street,False
338461661,11752647820,33.04766972047303,residential,Ganga Street,False
338461661,11612995229,80.30227641509484,residential,,False
338461667,338461524,25.34617471282701,primary,Taramani Link Road,True
338461667,338461645,125.81527686760919,residential,,False
338461672,338461588,95.4887839287492,residential,Ganga Street,False
338461672,338461524,33.80082299695422,residential,Ganga Street,False
338461672,338461583,58.12039128643884,residential,,False
338461675,11612995229,9.568304434674697,residential,,False
338461675,338461645,26.82232930725038,residential,,False
338461675,338461681,126.53838586060017,residential,Saraswathi Street,False
338461681,338461667,25.220601062410395,primary,Taramani Link Road,True
338461681,338461675,126.53838586060019,residential,Saraswathi Street,False
338461683,338461681,24.556709035704007,primary,Taramani Link Road,True
338461683,338461685,28.57723717154389,residential,,False
338461684,338461685,16.942365935911454,residential,,False
338461685,338461684,16.942365935911454,residential,,False
338461685,338461683,28.57723717154389,residential,,False
338461685,338461699,33.4545155274776,residential,Gothavari Street,False
338461686,338461699,74.24974295087587,residential,Gothavari Street,False
338461686,338466283,78.05226157561648,residential,Gothavari Street,False
338461686,338461700,9.71864304050444,residential,Godavari Street,False
338461698,338461699,37.11851024135469,residential,,False
338461698,11612995229,91.66252184898829,residential,,False
338461698,338461700,102.13874501562289,residential,,False
338461699,338461698,37.11851024135469,residential,,False
338461699,338461685,33.4545155274776,residential,Gothavari Street,False
338461699,338461686,74.24974295087587,residential,Gothavari Street,False
338461700,338461686,9.71864304050444,residential,Godavari Street,False
338461700,338466287,35.13903283432341,residential,Godavari Street,False
338461700,338461698,102.13874501562289,residential,,False
338461701,338466287,43.550872685567484,residential,Godavari Street,False
338461701,6595530675,53.43770591412693,residential,Godavari Street,False
338461701,6595530678,30.81035428298488,residential,Karunanadhi 4th Street,False
338461702,3673352444,10.542488229729473,residential,Tamirabarani Street,False
338461702,338461488,60.804348368167695,residential,Tamirabarani Street,False
338461702,338461703,69.00911015248147,residential,,False
338461703,338461702,69.00911015248147,residential,,False
338461705,6445481216,76.13151383812581,residential,Kamaraja Street,False
338461705,338466152,39.79884670464365,residential,Kamaraja Street,False
338461705,338471950,67.79036979355041,residential,,False
338461710,338466300,10.312753085857981,tertiary,Eri Karai Street,False
338461710,338466125,33.78984749168123,tertiary,Eri Karai Street,False
338461710,338466232,105.52529648341076,primary,Taramani Link Road,True
338461711,338466125,39.21964592285438,tertiary,Eri Karai Street,False
338461711,338461748,21.940387719599318,residential,Anna Street,False
338461711,303453609,74.07251887407674,tertiary,Eri Karai Street,False
338461711,338466234,102.90195374479313,residential,Anna Street,False
338461713,338466143,23.528914737944593,tertiary,Thiruvallur Street,False
338461713,11806414078,28.375057599603885,tertiary,Thiruvallur Street,False
338461713,330653546,66.05286866985341,residential,Rajaji Street,False
338461713,338461714,45.799176806966734,residential,Rajaji Street,False
338461714,338466146,52.33866386400684,residential,Anna Street,False
338461714,6445481215,30.2501083756847,residential,Anna Street,False
338461714,338461713,45.799176806966734,residential,Rajaji Street,False
338461719,330653673,29.515802548397765,residential,,False
338461719,330653560,55.13783388462117,residential,,False
338461719,330653663,46.81842286086432,residential,Rajaji Street,False
338461719,330653546,19.465991964746483,residential,Rajaji Street,False
338461732,330653635,28.452722403021777,residential,,False
338461732,338461736,23.936260644687515,residential,Rajaji Street,False
338461732,330653663,24.488480416405555,residential,Rajaji Street,False
338461732,330653645,108.42821464360541,residential,Agasthiyar Street,False
338461736,330653631,26.33291478035551,residential,,False
338461736,338461732,23.936260644687515,residential,Rajaji Street,False
338461736,330653592,97.63358064113561,residential,,False
338461740,338466143,26.647831285744545,tertiary,Thiruvallur Street,False
338461740,338461742,73.84576217962368,residential,Nehru Street,False
338461740,330653556,25.466519493873108,tertiary,Thiruvallur Street,False
338461742,338461740,73.84576217962368,residential,Nehru Street,False
338461742,338466140,24.49254704214314,residential,Anna Street,False
338461742,338466146,30.328326698203515,residential,Anna Street,False
338461744,11806433641,15.457579104899366,residential,,False
338461744,6445481215,30.10752995231516,residential,Anna Street,False
338461744,338466149,47.095437198772416,residential,Pandiyan Street,False
338461748,338461711,21.940387719599318,residential,Anna Street,False
338461748,338466127,74.09431579361868,residential,MGR Street,False
338461748,338466137,53.05472197959729,residential,Anna Street,False
338466125,338461710,33.78984749168123,tertiary,Eri Karai Street,False
338466125,338461711,39.21964592285438,tertiary,Eri Karai Street,False
338466125,6445481216,244.91256521792104,residential,Kamaraja Street,False
338466127,303453609,19.45388068633039,residential,Arangannal Street,False
338466127,330653765,31.935578169490178,residential,Arangannal Street,False
338466127,338461748,74.09431579361868,residential,MGR Street,False
338466127,303453681,80.2188294609194,residential,MGR Street,False
338466130,330653729,36.626360945081515,residential,M. Govindapillai Street,False
338466130,330653650,19.673604353951287,tertiary,Eri Karai Street,False
338466130,303453609,85.77986806738357,tertiary,Eri Karai Street,False
338466130,303453681,15.159846091748804,residential,Ma. Po. C. Street,False
338466135,338466137,21.21936809893921,residential,Anna Street,False
338466135,338466140,16.51731983219282,residential,Anna Street,False
338466135,330653800,78.04683974920422,residential,Indhra Gandhi Street,False
338466137,330653818,74.24939491627764,residential,VOC Street,False
338466137,338466135,21.21936809893921,residential,Anna Street,False
338466137,338461748,53.05472197959729,residential,Anna Street,False
338466140,338466135,16.51731983219282,residential,Anna Street,False
338466140,338461742,24.49254704214314,residential,Anna Street,False
338466140,330653556,87.92999631985806,residential,Avvaiyar Street,False
338466143,338461740,26.647831285744545,tertiary,Thiruvallur Street,False
338466143,338461713,23.528914737944593,tertiary,Thiruvallur Street,False
338466143,338466146,61.73177013328964,residential,RadhaKrishnan Street,False
338466146,338461742,30.328326698203515,residential,Anna Street,False
338466146,338461714,52.33866386400684,residential,Anna Street,False
338466146,338466143,61.73177013328964,residential,RadhaKrishnan Street,False
338466149,11757025950,2.2541762565160766,tertiary,Thiruvallur Street,False
338466149,330780891,104.16110392882804,tertiary,Thiruvallur Street,False
338466149,338461744,47.095437198772416,residential,Pandiyan Street,False
338466152,338461705,39.79884670464365,residential,Kamaraja Street,False
338466152,338466154,54.200808422151674,residential,Vaigai Street,False
338466152,3673352444,37.66795448273352,residential,Kamaraja Street,False
338466154,338466152,54.200808422151674,residential,Vaigai Street,False
338466154,338466159,37.41540897741135,residential,,False
338466154,11806433640,42.82434573760391,residential,,False
338466159,338466154,37.41540897741135,residential,,False
338466159,330780891,40.79526437196731,residential,Tamirabarani Street,False
338466159,3673352444,60.920969252739184,residential,Tamirabarani Street,False
338466165,338466168,40.00741621041262,residential,Ambedhkar Main Road,False
338466165,338461488,158.65891189830197,primary,Taramani Link Road,True
338466168,338466165,40.00741621041262,residential,Ambedhkar Main Road,False
338466168,338466171,34.88400593455658,residential,Ambedhkar Main Road,False
338466168,251172939,65.78307053114212,residential,New Colony 1st Street,False
338466171,338466168,34.88400593455658,residential,Ambedhkar Main Road,False
338466171,4294274238,38.47409968987404,residential,Ambedhkar Main Road,False
338466171,4294274225,59.90829886812766,residential,New Colony 2nd Street,False
338466186,277911463,37.54491297922152,residential,Kokilam Street,False
338466186,338466189,69.30405296371428,residential,,False
338466186,330648924,88.61200274505173,residential,Kokilam Street,False
338466189,338466186,69.30405296371428,residential,,False
338466197,11763071663,3.599384046543266,residential,Vinayagar Street,False
338466197,330648924,41.145551777660366,residential,Vinayagar Street,False
338466197,338466201,88.50355556080612,residential,,False
338466201,338466197,88.50355556080612,residential,,False
338466203,11431834478,11.503217196856511,residential,Vinayagar Street,False
338466203,11763071663,10.785986321834445,residential,Vinayagar Street,False
338466203,338466206,80.06789753255255,residential,,False
338466206,338466203,80.06789753255255,residential,,False
338466227,4279691221,33.9888608641406,residential,Shanti 1st Cross Street,False
338466227,11763084271,113.28572873593612,residential,Shanti 1st Cross Street,False
338466227,4279691215,48.50413782587602,residential,Shanti 1st Cross Street,False
338466229,11431653775,149.88452332419962,residential,Putheri Karai Street,False
338466232,338466234,39.11245334045742,residential,,False
338466232,277911182,81.21603923878872,primary,Taramani Link Road,True
338466234,338466232,39.11245334045742,residential,,False
338466234,338466244,84.38148396499182,residential,Anna Street,False
338466234,338461711,102.90195374479313,residential,Anna Street,False
338466244,277911182,11.331818269637589,tertiary,,False
338466244,338466234,84.38148396499182,residential,Anna Street,False
338466244,277911189,75.42009542923233,tertiary,,False
338466249,338466567,21.95972447409761,residential,Gandhi Street,False
338466249,338466621,10.175042479734147,residential,Gandhi Street,False
338466249,338466263,63.194356644174775,residential,,False
338466263,338466249,63.194356644174775,residential,,False
338466263,280089630,179.98191821780907,primary,Taramani Link Road,True
338466268,338466402,11.503647612487537,residential,Ramasamy Street,False
338466268,6446055847,98.94168451393824,residential,Ramasamy Street,False
338466268,338466394,34.47737861087221,residential,MGR Street,False
338466272,303453815,93.32597698019737,residential,Emmanuel Steret,False
338466272,338470511,29.77700494349419,primary,Taramani Link Road,True
338466283,338461683,108.60341496444806,primary,Taramani Link Road,True
338466283,338461686,78.05226157561648,residential,Gothavari Street,False
338466287,338461701,43.550872685567484,residential,Godavari Street,False
338466287,338466322,85.74154009190363,residential,Karunanathi 1st Street,False
338466287,338461700,35.13903283432341,residential,Godavari Street,False
338466300,338461710,10.312753085857981,tertiary,Eri Karai Street,False
338466300,338466305,59.69933202365851,residential,Eri Karai Street,False
338466300,6595530680,139.35320690597084,primary,Taramani Link Road,True
338466305,338466331,21.215710599722296,residential,Eri Karai Street,False
338466305,338466300,59.69933202365851,residential,Eri Karai Street,False
338466305,338466317,134.3038433710154,residential,Kennady Street,False
338466317,338466322,16.491896692583705,residential,Karunanadhi 4th Street,False
338466317,338466305,134.3038433710154,residential,Kennady Street,False
338466317,6595530680,45.57924365114529,residential,Karunanadhi 4th Street,False
338466322,338466317,16.491896692583705,residential,Karunanadhi 4th Street,False
338466322,338466331,134.8450376368026,residential,Karunanathi 1st Street,False
338466322,338466287,85.74154009190363,residential,Karunanathi 1st Street,False
338466322,6595530678,17.118993479220364,residential,Karunanadhi 4th Street,False
338466331,338466343,30.90475145738085,residential,Karunanathi 1st Street,False
338466331,338466305,21.215710599722296,residential,Eri Karai Street,False
338466331,338466322,134.8450376368026,residential,Karunanathi 1st Street,False
338466343,303453740,11.703460777911959,residential,Karunanathi 1st Street,False
338466343,338466331,30.90475145738085,residential,Karunanathi 1st Street,False
338466343,6489913386,44.18311987674306,residential,Anna Street,False
338466356,303453740,49.33890677048643,residential,Karunanidhi Main Street,False
338466356,338466370,33.97232764914397,residential,Karunanidhi Main Street,False
338466356,11613006022,25.944334362093247,residential,,False
338466363,11613006022,37.953796806174665,residential,,False
338466370,338466356,33.97232764914397,residential,Karunanidhi Main Street,False
338466370,303453739,46.51828664420878,residential,Karunanidhi Main Street,False
338466370,338466376,76.33626548506147,residential,,False
338466376,338466370,76.33626548506147,residential,,False
338466381,303453739,46.90706965959996,residential,,False
338466381,6489913386,97.600564034981,residential,Anna Street,False
338466381,338466394,33.885530878356384,residential,MGR Street,False
338466394,338466381,33.885530878356384,residential,MGR Street,False
338466394,6489913386,125.89451345678673,residential,Nethaji Street,False
338466394,338466268,34.47737861087221,residential,MGR Street,False
338466402,303453799,23.69924935293113,residential,Ramasamy Street,False
338466402,338466268,11.503647612487537,residential,Ramasamy Street,False
338466402,11644227034,99.73888541719468,living_street,Kamarajar Street,False
338466414,338466420,125.0193256436708,residential,Muthumariamman Kovil Street,False
338466414,338461507,20.53334627836522,primary,Taramani Link Road,True
338466420,338466414,125.0193256436708,residential,Muthumariamman Kovil Street,False
338466420,338466558,20.195541900482567,residential,,False
338466420,6446055847,25.381756775498438,residential,Karunanidhi Main Street,False
338466427,338470515,23.6042558565463,living_street,,False
338466427,338466449,54.38772544980618,residential,Buddhar Street,False
338466427,338466442,86.94059761239208,residential,Buddhar Street,False
338466434,303453811,48.6357398910794,residential,Pattukottai Alagiri Street,False
338466434,338470518,33.50334589006556,living_street,,False
338466434,11054226848,18.57347989893056,living_street,,False
338466434,303453812,97.66698599735093,residential,Pattukottai Alagiri Street,False
338466442,338466427,86.94059761239208,residential,Buddhar Street,False
338466442,338466458,34.14354862008173,primary,Taramani Link Road,True
338466449,338466530,56.975217899404484,residential,,False
338466449,338466467,28.62510275529113,residential,,False
338466449,338466519,20.84912324800993,residential,Buddhar Street,False
338466449,338466427,54.38772544980618,residential,Buddhar Street,False
338466458,303453736,30.615272225744775,primary,Taramani Link Road,True
338466458,338466467,139.92503157353428,residential,Kambar Street,False
338466467,338466449,28.62510275529113,residential,,False
338466467,303453706,39.04234583583735,residential,,False
338466467,11644643591,47.03627178158866,residential,,False
338466467,338466458,139.92503157353428,residential,Kambar Street,False
338466474,303453706,46.02015355662692,residential,Thiruvalluvar Street,False
338466474,11757025968,42.62312504243485,residential,Thiruvalluvar Street,False
338466474,11644643591,39.172208448551416,residential,,False
338466480,338466487,32.728710685077466,residential,Buddhar Street,False
338466480,338466519,27.590003240400446,residential,Buddhar Street,False
338466480,338466544,52.6760076401311,residential,,False
338466480,11644643591,26.374710310015907,residential,,False
338466487,338466480,32.728710685077466,residential,Buddhar Street,False
338466487,338466535,49.83048140507858,residential,Sozhamannan Street,False
338466487,11757025968,67.74737234290087,residential,4th Cross Street,False
338466490,338466495,30.25565891968969,residential,Cholamannan Street,False
338466490,303453709,17.518804613883205,residential,Cholamannan Street,False
338466490,303453818,57.94858718638155,residential,Sozhamannan Street,False
338466490,11054207603,39.76185210515997,residential,Sozhamannan Street,False
338466495,303453707,60.980231157688095,residential,Cholamannan Street,False
338466495,338466490,30.25565891968969,residential,Cholamannan Street,False
338466495,338466500,33.15540701982351,residential,,False
338466500,338466495,33.15540701982351,residential,,False
338466505,11054207603,4.663017834088655,residential,Sozhamannan Street,False
338466505,338466535,49.78191710317324,residential,Sozhamannan Street,False
338466505,338466510,90.58836614581611,residential,Kattabomman Street,False
338466510,303453707,37.25754840559677,residential,,False
338466510,303453811,30.928756185282808,residential,,False
338466510,338470518,46.25767611561427,residential,Kattabomman Street,False
338466510,338466505,90.58836614581611,residential,Kattabomman Street,False
338466519,338466480,27.590003240400446,residential,Buddhar Street,False
338466519,338466449,20.84912324800993,residential,Buddhar Street,False
338466519,338466526,53.158422667785885,residential,,False
338466526,338466519,53.158422667785885,residential,,False
338466526,338466544,29.724869885288673,residential,,False
338466526,338466530,25.83034067226318,residential,,False
338466530,303453811,19.24697139475205,residential,,False
338466530,338466449,56.975217899404484,residential,,False
338466530,338466526,25.83034067226318,residential,,False
338466530,11054226848,48.89591800691563,residential,,False
338466535,338466505,49.78191710317324,residential,Sozhamannan Street,False
338466535,1457521712,41.68256715485323,residential,,False
338466535,338466544,32.63615350842086,residential,,False
338466535,338466487,49.83048140507858,residential,Sozhamannan Street,False
338466544,338466480,52.6760076401311,residential,,False
338466544,338466535,32.63615350842086,residential,,False
338466544,338466526,29.724869885288673,residential,,False
338466548,303453706,31.623292021032277,residential,,False
338466548,338466553,29.974102030282943,residential,,False
338466548,303453788,75.36789600778452,residential,Bharathiyar Street,False
338466548,303453790,133.1834974442581,residential,Bharathiyar Street,False
338466553,338466548,29.974102030282943,residential,,False
338466553,338466558,32.00043458458531,residential,,False
338466553,303453771,129.13320122467985,residential,Anjugammal Street,False
338466553,303453770,98.27375356114443,residential,Anjugammal Street,False
338466558,338466553,32.00043458458531,residential,,False
338466558,251296646,124.5931399356386,residential,Raniyammal Street,False
338466558,303453754,86.4305169393853,residential,Raniyammal Street,False
338466558,338466420,20.195541900482567,residential,,False
338466562,338466263,24.18040103972947,primary,Taramani Link Road,True
338466562,338466567,72.36393988904322,living_street,,False
338466567,277911189,41.75902222930674,residential,Gandhi Street,False
338466567,338466249,21.95972447409761,residential,Gandhi Street,False
338466567,338466571,125.02673700152977,residential,Badwari 2nd Street,False
338466567,338466562,72.36393988904322,living_street,,False
338466571,11757025933,2.9901035425393445,residential,Rajaji Street,False
338466571,338466588,26.39671616382219,residential,Rajaji Street,False
338466571,338466567,125.02673700152977,residential,Badwari 2nd Street,False
338466576,338470427,25.435427417622574,residential,,False
338466576,11757025933,26.571100867989077,residential,,False
338466576,338470409,45.86635090832582,living_street,,False
338466580,338466584,57.94324595622511,residential,,False
338466580,338470427,22.59872062050526,residential,,False
338466580,338470417,50.523753727181415,living_street,,False
338466584,338466580,57.94324595622511,residential,,False
338466584,303453656,134.9850058950814,residential,,False
338466584,338466601,57.339954548731924,residential,,False
338466588,338466591,62.21178975962638,living_street,,False
338466588,338466571,26.39671616382219,residential,Rajaji Street,False
338466588,338466595,36.026969595491764,residential,Rajaji Street,False
338466591,338466588,62.21178975962638,living_street,,False
338466595,277911189,132.8096617563701,residential,Kambar Street,False
338466595,338466588,36.026969595491764,residential,Rajaji Street,False
338466595,303453636,35.521420310945636,residential,Rajaji Street,False
338466601,338470430,26.519941279073635,residential,,False
338466601,338470417,57.795184707249334,residential,,False
338466601,338466584,57.339954548731924,residential,,False
338466605,338466615,23.30315401165696,residential,Gandhi Street,False
338466605,338466628,18.90399961405215,residential,Gandhi Street,False
338466605,303453635,116.94261950799672,residential,Kamarajar Street,False
338466611,338466615,117.81981635719694,residential,Akbar Street,False
338466611,11757025934,11.058775734623813,residential,Rajaji Street,False
338466611,338466625,18.245252271018746,residential,Rajaji Street,False
338466615,338466621,20.595187087453798,residential,Gandhi Street,False
338466615,338466605,23.30315401165696,residential,Gandhi Street,False
338466615,338466611,117.81981635719694,residential,Akbar Street,False
338466621,338466249,10.175042479734147,residential,Gandhi Street,False
338466621,338466615,20.595187087453798,residential,Gandhi Street,False
338466621,338466625,120.41734818132552,residential,Kannagi Street,False
338466625,338466621,120.41734818132552,residential,Kannagi Street,False
338466625,338466611,18.245252271018746,residential,Rajaji Street,False
338466625,11757025933,16.9239883358695,residential,Rajaji Street,False
338466628,338466605,18.90399961405215,residential,Gandhi Street,False
338466628,338466635,26.51253500878459,residential,Gandhi Street,False
338466628,338466631,115.163986972515,living_street,,False
338466631,338466628,115.163986972515,living_street,,False
338466631,338466638,22.260353148747985,residential,Rajaji Street,False
338466631,303453635,18.669656834597458,residential,Rajaji Street,False
338466635,338466628,26.51253500878459,residential,Gandhi Street,False
338466635,338466642,25.23852404538744,residential,Gandhi Street,False
338466635,338466638,115.33097815551227,residential,,False
338466638,338466635,115.33097815551227,residential,,False
338466638,338466645,28.528346458134113,residential,Rajaji Street,False
338466638,338466631,22.260353148747985,residential,Rajaji Street,False
338466638,338470412,30.361136724852727,residential,,False
338466642,338466635,25.23852404538744,residential,Gandhi Street,False
338466642,338466648,19.834590299153707,residential,Gandhi Street,False
338466642,338466645,112.8359272202873,residential,Indhra Gandhi Street,False
338466645,338466642,112.8359272202873,residential,Indhra Gandhi Street,False
338466645,11757025956,7.818638997079561,residential,Rajaji Street,False
338466645,338466638,28.528346458134113,residential,Rajaji Street,False
338466648,338466642,19.834590299153707,residential,Gandhi Street,False
338466648,338470529,17.070580238106814,residential,Gandhi Street,False
338466648,338466653,110.1183137932128,living_street,Avvaiyar Street,False
338466653,338466648,110.1183137932128,living_street,Avvaiyar Street,False
338466653,338470451,9.032233722246195,residential,Rajaji Street,False
338466653,11757025956,13.34216952922017,residential,Rajaji Street,False
338470409,338470412,46.66140082058543,living_street,,False
338470409,338466576,45.86635090832582,living_street,,False
338470409,338470425,27.272051076554114,residential,,False
338470409,11757025934,30.806561663196305,residential,,False
338470412,338470409,46.66140082058543,living_street,,False
338470412,338466638,30.361136724852727,residential,,False
338470412,11757025931,3.8507402128157797,residential,,False
338470417,338470436,21.681326557587752,living_street,,False
338470417,338466580,50.523753727181415,living_street,,False
338470417,338466601,57.795184707249334,residential,,False
338470417,338470425,21.3938012695098,residential,,False
338470421,338470436,24.52735581517685,living_street,,False
338470421,338470440,54.774477745016725,residential,,False
338470421,338470423,18.444289355279075,residential,,False
338470423,338470425,45.48209395139771,living_street,,False
338470423,11757025931,23.42328929029174,residential,,False
338470423,338470421,18.444289355279075,residential,,False
338470425,338470427,48.61922085564348,living_street,,False
338470425,338470423,45.48209395139771,living_street,,False
338470425,338470417,21.3938012695098,residential,,False
338470425,338470409,27.272051076554114,residential,,False
338470427,338466580,22.59872062050526,residential,,False
338470427,338466576,25.435427417622574,residential,,False
338470427,338470425,48.61922085564348,living_street,,False
338470430,338466601,26.519941279073635,residential,,False
338470430,338470440,26.70360586972576,residential,,False
338470430,338470436,55.81032006525285,living_street,,False
338470436,338470421,24.52735581517685,living_street,,False
338470436,338470417,21.681326557587752,living_street,,False
338470436,338470430,55.81032006525285,living_street,,False
338470440,338470430,26.70360586972576,residential,,False
338470440,338470448,60.1241113749864,residential,,False
338470440,338470421,54.774477745016725,residential,,False
338470445,11757025932,64.31097651177441,living_street,Karunanidhi Street,False
338470448,338470440,60.1241113749864,residential,,False
338470448,303453653,21.902718113495833,residential,,False
338470448,338470451,128.23601698037245,living_street,MGR Street,False
338470451,338470448,128.23601698037245,living_street,MGR Street,False
338470451,338470531,8.353933417882898,residential,Rajaji Street,False
338470451,338466653,9.032233722246195,residential,Rajaji Street,False
338470454,11644538267,3.216225349705915,residential,Rajaji Street,False
338470454,338470531,24.931290322899088,residential,Rajaji Street,False
338470454,303453653,129.46696904838387,residential,Bharthiyar Street,False
338470461,11757025935,63.92942802872273,residential,TK Kapali Street,False
338470461,338470466,44.34130393436515,residential,,False
338470461,338470480,113.61779755641479,residential,TK Kapali Street,False
338470466,303453653,4.943538389715122,residential,,False
338470466,338470461,44.34130393436515,residential,,False
338470466,338470473,97.61288652227103,residential,,False
338470473,338470466,97.61288652227103,residential,,False
338470480,338470486,27.51274691900344,residential,,False
338470480,7043256355,59.35803409799391,residential,,False
338470480,338470461,113.61779755641479,residential,TK Kapali Street,False
338470486,1183430847,207.14491704643766,tertiary,,False
338470486,338470480,27.51274691900344,residential,,False
338470486,338470506,330.9449576972531,tertiary,,False
338470503,338470506,18.70495198320318,primary,Taramani Link Road,True
338470503,1454664553,12.086826448647765,primary,,True
338470506,246866969,11.354181378911873,tertiary,,False
338470506,338470486,330.9449576972531,tertiary,,False
338470506,14105192514,301.246678661454,primary,Taramani Link Road,True
338470511,338466442,27.804476401907543,primary,Taramani Link Road,True
338470511,11757025929,31.99542849974064,residential,Veerapandi Street,False
338470515,11757025930,26.484441428365656,residential,Veerapandi Street,False
338470515,303453815,21.213329489400827,living_street,,False
338470515,338466427,23.6042558565463,living_street,,False
338470518,338466434,33.50334589006556,living_street,,False
338470518,338466510,46.25767611561427,residential,Kattabomman Street,False
338470518,11757025967,35.13096939615983,living_street,,False
338470524,4113412285,63.29528178689951,primary,Taramani Link Road,True
338470524,338470527,86.51945616978097,residential,,False
338470527,11757025944,9.64193300741689,residential,Rajaji Street,False
338470527,11757025942,27.030309977432474,residential,Rajaji Street,False
338470527,338470524,86.51945616978097,residential,,False
338470529,338466648,17.070580238106814,residential,Gandhi Street,False
338470529,280089630,15.043033056829907,residential,Gandhi Street,False
338470529,338470531,110.48442186156471,living_street,Ambedkar Street,False
338470531,338470454,24.931290322899088,residential,Rajaji Street,False
338470531,338470451,8.353933417882898,residential,Rajaji Street,False
338470531,338470529,110.48442186156471,living_street,Ambedkar Street,False
338471944,330653800,28.030273327471367,residential,Arangannal Street,False
338471944,303453608,32.16443360863764,residential,Arangannal Street,False
338471944,338471947,31.275756239621987,residential,,False
338471947,338471944,31.275756239621987,residential,,False
338471950,338461705,67.79036979355041,residential,,False
338471950,338461710,323.7527400074988,primary,Taramani Link Road,True
338471952,338461383,10.37697514776168,residential,,False
338471952,338461391,42.06850703161581,residential,,False
338471952,11037321202,61.736202410625474,residential,,False
338471958,338461383,17.46208285664838,residential,,False
338471958,338471961,34.690282571800644,residential,,False
338471958,338461394,83.53342600640079,residential,Sheshadri Puram 2nd Cross Road,False
338471961,338471958,34.690282571800644,residential,,False
339281255,2168960236,94.77711578820117,residential,Chandran Street,False
339281255,339281277,75.4409244930288,residential,Chandran Street,False
339281277,11818432757,42.98311745754732,tertiary,Cart Track Road,False
339281277,11818417011,47.50347338878255,tertiary,Cart Track Road,False
339281277,339281255,75.4409244930288,residential,Chandran Street,False
339291575,330413846,62.76363975745035,residential,,False
339291575,7826394679,23.435901184931947,residential,,False
339291576,7826394679,96.3769693159529,residential,,False
339291577,339291579,95.3831762596703,residential,road in Maduvankarai,False
339291577,309812111,73.45840298274878,tertiary,Link Road,True
339291579,339291577,95.3831762596703,residential,road in Maduvankarai,False
339291580,339291581,89.94717996587408,residential,,False
339291580,11038534987,41.29414012111055,residential,,False
339291580,300193749,29.633812338114463,residential,,False
339291581,339291580,89.94717996587408,residential,,False
339291582,339291583,83.22171788580094,residential,,False
339291582,300193749,16.30756897304928,residential,,False
339291582,300193588,55.694433848240024,residential,,False
339291583,339291582,83.22171788580094,residential,,False
339291586,339291587,55.81423343366929,living_street,,False
339291586,7826460029,17.70519497941957,tertiary,Pillayar koil street,False
339291586,247714667,119.73711140475157,tertiary,Pillayar koil street,False
339291587,339291586,55.81423343366929,living_street,,False
339291588,7826460022,34.92961082640103,residential,,False
339291588,339291599,33.76786539911362,residential,,False
339291588,339291598,44.92784372670007,residential,,False
339291597,309812134,74.44613832318856,tertiary,Link Road,True
339291597,330413846,97.20465744018608,residential,,False
339291598,339291588,44.92784372670007,residential,,False
339291599,339291588,33.76786539911362,residential,,False
339291599,7826460021,36.18118479647403,residential,,False
339291599,339291600,44.99788517695356,residential,,False
339291600,339291876,36.205047423719805,residential,,False
339291600,339291599,44.99788517695356,residential,,False
339291600,6450934128,52.35678147329927,residential,,False
339291603,339291604,44.37803401856277,residential,,False
339291603,6450934128,49.87320847186908,residential,,False
339291603,300193662,151.05605738996806,residential,,False
339291604,300193664,32.446079757663504,residential,,False
339291604,339291603,44.37803401856277,residential,,False
339291604,7826460021,55.46436496482152,residential,,False
339291876,339291600,36.205047423719805,residential,,False
339291876,339291884,46.794421834152956,living_street,,False
339291879,11039527436,16.33846510596923,tertiary,,False
339291879,339291906,2.221338154651533,tertiary,,False
339291879,339291884,101.14347494708683,living_street,,False
339291884,339291879,101.14347494708683,living_street,,False
339291884,6450934128,40.06954843556675,living_street,,False
339291884,339291876,46.794421834152956,living_street,,False
339291895,339291906,30.157344091155238,tertiary,,False
339291895,300193662,35.84131902206234,tertiary,,False
339291895,339291915,87.80592179911551,living_street,,False
339291895,339291898,97.4436716203763,living_street,,False
339291898,339291895,97.4436716203763,living_street,,False
339291901,300193662,145.1132899881305,living_street,,False
339291906,339291879,2.221338154651533,tertiary,,False
339291906,339291895,30.157344091155238,tertiary,,False
339291906,7826460018,33.45927203245222,residential,,False
339291907,11818417011,25.04715261245563,tertiary,Cart Track Road,False
339291907,299880376,19.84201297558584,tertiary,Cart Track Road,False
339291907,339291916,30.33290909836282,residential,,False
339291908,339291915,37.72184483683096,living_street,,False
339291908,339291912,48.23276842274887,living_street,,False
339291908,339291916,46.67211625378709,living_street,,False
339291912,300193460,36.96412060443059,tertiary,Cart Track Road,False
339291912,339291908,48.23276842274887,living_street,,False
339291912,299880376,29.156364607178176,tertiary,Cart Track Road,False
339291913,299880376,74.37200380828084,residential,,False
339291914,339291916,39.85994774667041,residential,,False
339291914,7826460018,55.63385921612311,residential,,False
339291914,339291915,37.36033390048274,living_street,,False
339291915,339291895,87.80592179911551,living_street,,False
339291915,339291908,37.72184483683096,living_street,,False
339291915,339291914,37.36033390048274,living_street,,False
339291916,339291907,30.33290909836282,residential,,False
339291916,339291914,39.85994774667041,residential,,False
339291916,339291917,38.45406468421732,living_street,,False
339291916,339291908,46.67211625378709,living_street,,False
339291917,339291916,38.45406468421732,living_street,,False
343711369,256029755,13.879382782863626,secondary,Mosque Street,False
343711369,7042650198,15.896532109365202,tertiary,Alandur Road,False
343711369,9885084116,133.52160494809564,secondary,Alandur Road,False
347454091,269219223,80.90171858911638,residential,,False
347454091,347454092,88.30738059091306,residential,,False
347454091,269219221,117.79124960228398,residential,,False
347454091,11508783004,149.39178890676692,residential,,False
347454092,347454091,88.30738059091306,residential,,False
347454092,269219230,37.799483880828994,residential,,False
347454092,269219221,27.868215839025055,residential,,False
347454092,269219209,152.27926510267375,residential,,False
359084663,1183430748,53.96053373130054,primary,Rajiv Gandhi IT Expressway,True
359370702,332030621,37.92714276815375,residential,,False
359370703,332030621,47.99132846291866,residential,Karpagam Avenue 4th Street,False
359370703,359370712,39.25140652717966,residential,,False
359370703,264040354,76.7755149451666,residential,"['Karpagam Avenue 2nd Main Road', 'Karpagam Avenue 4th Street']",False
359370712,359370703,39.25140652717966,residential,,False
360894427,257430090,85.31162422685178,tertiary,5th Avenue,False
360894427,257432708,88.8206137401088,tertiary,5th Avenue,False
360894427,10567935648,271.2009503712062,residential,Urur Olcott Kuppam Road,False
363959498,278990629,47.35520494219508,residential,1st Cross Street,False
363959498,366091277,46.20965393673602,residential,1st Cross Street,False
363959498,363973297,186.42629010058326,residential,Kalaimagal Nagar 2nd Main,False
363959498,278989902,300.1144936833244,residential,Kalaimagal Nagar 2nd Main,False
363961635,363969036,38.52727194973558,residential,Mancholai 2nd Main,False
363961635,366077872,84.27480487884775,residential,Mancholai 2nd Street,False
363961635,11795162118,24.50584225811848,residential,,False
363961635,366077871,91.457546170113,residential,Mancholai 3rd Street,False
363969036,363961635,38.52727194973558,residential,Mancholai 2nd Main,False
363969036,366078212,50.440583238108935,residential,Mancholai 1st Street,False
363969036,3341059147,50.203350929047275,residential,Mancholai 2nd Main,False
363973297,363974828,48.96829992847211,residential,Palayakkaran Street,False
363973297,363974336,54.87879864487912,residential,Palayakkaran Street,False
363973297,363959498,186.42629010058326,residential,Kalaimagal Nagar 2nd Main,False
363974336,367788946,116.73513515572051,residential,Kalaimagal Nagar 1st Main,False
363974336,363973297,54.87879864487912,residential,Palayakkaran Street,False
363974336,363974824,52.253553289452924,residential,Palayakkaran Street,False
363974388,364628440,70.46101328724417,residential,Palayakaran Street,False
363974388,10001274214,5.735393637541965,primary,Inner Ring Road,True
363974824,363974336,52.253553289452924,residential,Palayakkaran Street,False
363974824,366089033,89.19459360751011,residential,,False
363974824,10001274214,89.40515800896492,residential,Palayakkaran Street,False
363974828,363973297,48.96829992847211,residential,Palayakkaran Street,False
363974828,364549082,72.63475494171944,residential,Kalaimagal Nagar 3rd Main,False
363974828,366091277,191.42069828352092,residential,Kalaimagal Nagar 3rd Main,False
363975892,364549082,78.11314794817633,tertiary,,False
363975892,366091277,388.12692909090595,residential,,False
363975892,364550448,182.50223038508466,tertiary,,False
364027184,364027185,93.48906848604383,residential,,False
364027184,370223900,30.835417519831108,residential,,False
364027184,364027344,88.68326110293312,residential,,False
364027185,364027184,93.48906848604383,residential,,False
364027344,364027184,88.68326110293312,residential,,False
364027472,365207514,73.33888914338891,residential,Defence Colony 2nd Avenue,False
364027472,365207462,74.14241278290133,residential,Defence Colony 2nd Avenue,False
364027472,9189148370,94.17283175399177,tertiary,Poonamalle Road,False
364027548,364622716,70.21538952908953,residential,Defence Colony 2nd Avenue,False
364027548,364220649,76.50210277831322,residential,Defence Colony 2nd Avenue,False
364027548,364622729,160.79582950029587,residential,,False
364032451,365207405,151.80350229672393,residential,Defence Colony 2nd Avenue,False
364032451,12529115950,67.49745088235875,residential,Defence Colony 2nd Avenue,False
364032451,364637115,80.04339237011972,residential,Rajarajan Street,False
364032452,364637112,222.2180386173863,residential,Rajarajan Street,False
364032452,278990632,25.71299624745001,residential,Vandi Pathai Street,False
364032452,367871630,12.643387478407565,residential,Vandi Pathai Street,False
364032459,370223900,39.678964627912656,residential,,False
364032459,364032492,96.20214575109368,residential,,False
364032492,364032459,96.20214575109368,residential,,False
364069484,366088050,127.72141935147961,residential,2nd Avenue,False
364069484,364173924,31.363818896284958,residential,2nd Cros Street,False
364069484,364585047,42.109072058620406,residential,2nd Cros Street,False
364069485,278990058,103.4388669107087,residential,,False
364069485,364585941,35.17784578678436,residential,2nd Cros Street,False
364069485,364637074,184.02242893067455,residential,,False
364168481,366077726,10.695348303349522,residential,Defence Colony 2nd Avenue,False
364168481,364584847,44.0407402335829,residential,,False
364168481,366088050,50.67701734920793,residential,2nd Avenue,False
364173924,364585504,51.49132624616161,residential,4th Avenue,False
364173924,364585941,18.826267459075872,residential,2nd Cros Street,False
364173924,364069484,31.363818896284958,residential,2nd Cros Street,False
364175463,278990630,45.890266593145896,residential,3rd Cross Street,False
364175463,11433716310,54.36337662815632,residential,,False
364175463,364873579,90.71320823943842,residential,3rd Cross Street,False
364218016,9189148339,42.11071150122965,residential,,False
364218016,2172864895,119.7933459199776,residential,Visalakshi Nagar Street,False
364218016,364218928,32.10860012314429,residential,Visalakshi Nagar Street,False
364218928,364218931,58.68604902252609,residential,Visalakshi Nagar Street,False
364218928,364218016,32.1086001231443,residential,Visalakshi Nagar Street,False
364218928,11436629011,143.19488813391598,residential,,False
364218931,364218928,58.68604902252609,residential,Visalakshi Nagar Street,False
364218931,364873579,26.243864410232458,residential,3rd Cross Street,False
364218931,367133883,16.90942161948036,residential,Vandi Pathai Street,False
364220649,364027548,76.50210277831322,residential,Defence Colony 2nd Avenue,False
364220649,370223894,46.45938840568961,residential,,False
364549082,363975892,78.11314794817633,tertiary,,False
364549082,278990105,31.50783307050998,tertiary,,False
364549082,363974828,72.63475494171944,residential,Kalaimagal Nagar 3rd Main,False
364550448,308313837,10.940111895787867,tertiary,,False
364550448,11043419358,71.26141189469367,residential,,False
364550448,363975892,182.50223038508466,tertiary,,False
364571150,364637087,94.04717886331773,residential,Poomagal Main Road,False
364571150,278990887,27.783135861787798,tertiary,Ambal Nagar Main,False
364571150,364628463,16.644742337795293,tertiary,Ambal Nagar Main,False
364571311,366841490,45.999151595844474,secondary,SIDCO Industrial Estate South Phase Road,True
364571311,13966900354,7.68563928978097,residential,Poomagal Main Road,False
364571311,364631697,213.02784813745382,residential,Poomagal Main Road,False
364572470,278990630,52.949635346046556,residential,Kalaimagal Nagar 1st Main,False
364572470,278990629,46.41323716286217,residential,Kalaimagal Nagar 1st Main,False
364572470,278990629,224.6986172409998,residential,"['2nd Cross Street', '1st Cross Street']",False
364584847,364168481,44.0407402335829,residential,,False
364584847,366088051,50.188050816582404,residential,1st Avenue,False
364585047,364585346,45.81916632199516,residential,1st Avenue,False
364585047,364069484,42.109072058620406,residential,2nd Cros Street,False
364585047,366088051,126.87091851852102,residential,1st Avenue,False
364585346,364585504,76.1845984182292,residential,3rd Cross Street,False
364585346,364585047,45.81916632199516,residential,1st Avenue,False
364585504,364173924,51.49132624616161,residential,4th Avenue,False
364585504,11634156236,49.81928166985556,residential,4th Avenue,False
364585504,364585346,76.1845984182292,residential,3rd Cross Street,False
364585941,364069485,35.17784578678436,residential,2nd Cros Street,False
364585941,364173924,18.826267459075872,residential,2nd Cros Street,False
364585941,366088050,182.6385387533997,residential,"['1st Cross Street', '3rd Avenue']",False
364622716,364027548,70.21538952908953,residential,Defence Colony 2nd Avenue,False
364622716,12529115950,103.11905694642418,residential,Defence Colony 2nd Avenue,False
364622716,2172864895,155.29986569710132,residential,Visalakshi Nagar Street,False
364622720,11436629011,34.30646334225282,residential,,False
364622729,364027548,160.7958295002959,residential,,False
364622729,9189148339,133.17101395984784,residential,,False
364622729,9189148339,150.86649698709192,residential,,False
364622735,364622736,66.12947301593019,residential,"Duraisamy Street, Visalakshi Nagar",False
364622735,278990632,47.363990208206665,residential,Vandi Pathai Street,False
364622735,11436629012,160.4087768373966,residential,"Duraisamy Street, Visalakshi Nagar",False
364622735,367133883,61.81525220914931,residential,Vandi Pathai Street,False
364622736,364622735,66.12947301593019,residential,"Duraisamy Street, Visalakshi Nagar",False
364622737,278990632,113.36902694610104,residential,Balaji Nagar 1st Main,False
364622737,367788703,133.86713960248875,residential,Balaji Nagar 1st Main,False
364622737,9189148353,55.0208624261054,residential,Balaji Nagar 3rd Cross Street,False
364628438,367788714,81.37182599390123,residential,Balaji Nagar 1st Main,False
364628438,14053105225,34.37478714693737,primary,Inner Ring Road,True
364628440,363974388,70.46101328724417,residential,Palayakaran Street,False
364628444,30038751,98.86011480252266,residential,"1st Street, Balaji Nagar",False
364628445,11402424404,87.08248521621667,residential,,False
364628445,364628531,12.83965627259029,tertiary,Gandhi Nagar Main,False
364628445,364628523,11.7279821013844,tertiary,Gandhi Nagar Main,False
364628446,364628454,63.496704002500294,residential,,False
364628446,364628456,34.04125316310091,residential,,False
364628446,11402424404,106.26333894041768,residential,,False
364628447,11240698131,5.206186283031579,residential,,False
364628448,364628478,62.22890291071224,tertiary,Poonamalle Road,False
364628448,367789234,100.22993606413705,tertiary,Poonamalle Road,False
364628448,364628454,167.14492942997308,residential,"['Pillaiyar Koil 2nd Street', 'Pillaiyar Koil 1st Street']",False
364628452,11427772826,2.188792618769187,residential,Pillaiyar Koil 1st Street,False
364628452,364628454,35.78545693224289,residential,Pillaiyar Koil 1st Street,False
364628452,364637103,63.44354878139082,living_street,,False
364628453,278990888,87.86188301987465,tertiary,Ambal Nagar Main,False
364628453,11427779416,78.16468596484314,residential,,False
364628453,364628470,41.789172647494354,tertiary,Ambal Nagar Main,False
364628454,364628452,35.78545693224289,residential,Pillaiyar Koil 1st Street,False
364628454,364628446,63.496704002500294,residential,,False
364628454,364628448,167.14492942997308,residential,"['Pillaiyar Koil 2nd Street', 'Pillaiyar Koil 1st Street']",False
364628455,11402424403,85.42289151134186,residential,,False
364628455,364628514,1.7870183451235395,tertiary,Gandhi Nagar Main,False
364628455,2275098871,12.228686680665852,tertiary,Gandhi Nagar Main,False
364628456,364628446,34.04125316310091,residential,,False
364628456,11427779416,85.60559929959881,residential,,False
364628456,364628469,42.10963480960903,residential,,False
364628457,278990100,31.901630670321644,tertiary,Poonamalle Road,False
364628457,364631671,22.262056610683114,tertiary,Poonamalle Road,False
364628457,364628539,65.99684472045551,residential,,False
364628459,364637095,35.051134937542166,residential,,False
364628459,364637099,6.469179937504876,residential,,False
364628459,364628537,38.99046754647172,residential,,False
364628463,368367397,101.59270465566202,residential,,False
364628463,364571150,16.644742337795293,tertiary,Ambal Nagar Main,False
364628463,278990638,38.74053347381278,tertiary,Ambal Nagar Main,False
364628465,11402362183,148.4290234942162,residential,,False
364628465,364637085,11.567931738988845,tertiary,Ambal Nagar Main,False
364628465,364637091,28.357348702245147,tertiary,Ambal Nagar Main,False
364628469,364628456,42.10963480960903,residential,,False
364628469,11402424403,65.74751109058859,residential,,False
364628469,364628470,165.991952281613,residential,,False
364628470,364637085,28.886877937823606,tertiary,Ambal Nagar Main,False
364628470,364628469,165.991952281613,residential,,False
364628470,364628453,41.789172647494354,tertiary,Ambal Nagar Main,False
364628474,364628476,22.06579831060521,residential,,False
364628475,30038753,61.9218460394575,residential,Aovaiyaar Street,False
364628475,364628476,91.38276126671141,residential,,False
364628475,364637103,44.07575964871165,"['residential', 'living_street']",Aovaiyaar Street,False
364628476,364628475,91.38276126671141,residential,,False
364628476,364628474,22.06579831060521,residential,,False
364628476,364628477,55.0687300646861,residential,Kabilar Street,False
364628477,364628476,55.0687300646861,residential,Kabilar Street,False
364628477,30038753,93.18254791015704,primary,Inner Ring Road,True
364628478,364628448,62.22890291071224,tertiary,Poonamalle Road,False
364628478,9189148357,42.76670499875364,living_street,,False
364628478,364628480,44.82008621828918,tertiary,Poonamalle Road,False
364628479,9189148357,49.20416922636834,living_street,,False
364628480,369643898,67.26177632359324,tertiary,Poonamalle Road,False
364628480,364628478,44.82008621828918,tertiary,Poonamalle Road,False
364628480,11427772826,160.42849048317814,residential,,False
364628480,7018303439,68.98639686002687,residential,,False
364628486,364628537,70.4311357362884,residential,,False
364628486,2275098869,18.87406971480514,tertiary,Gandhi Nagar Main,False
364628486,11033995451,25.948301514916857,tertiary,Gandhi Nagar Main,False
364628492,12684083856,57.607880339368606,residential,,False
364628492,9189148379,41.44266173173449,residential,,False
364628492,9189148374,95.80531487687651,residential,,False
364628492,364637095,53.508815708217895,residential,,False
364628496,12684083856,31.253233359613642,residential,,False
364628496,9189149391,22.069821111141472,tertiary,Gandhi Nagar Main,False
364628496,278990638,12.948874263486607,tertiary,Gandhi Nagar Main,False
364628501,9189148379,31.378404446861683,residential,,False
364628501,2172864854,162.80008995074846,residential,,False
364628501,9189148383,105.2343673035461,residential,,False
364628514,364628519,88.27650419534444,living_street,,False
364628514,364628523,21.324163981613893,tertiary,Gandhi Nagar Main,False
364628514,364628455,1.7870183451235395,tertiary,Gandhi Nagar Main,False
364628519,364628514,88.27650419534444,living_street,,False
364628523,364628530,71.86154776546653,living_street,Danapal Street,False
364628523,364628445,11.7279821013844,tertiary,Gandhi Nagar Main,False
364628523,364628514,21.324163981613893,tertiary,Gandhi Nagar Main,False
364628530,364628523,71.86154776546653,living_street,Danapal Street,False
364628531,364628533,80.18632639330937,living_street,,False
364628531,364628534,23.472796558264434,tertiary,Gandhi Nagar Main,False
364628531,364628445,12.83965627259029,tertiary,Gandhi Nagar Main,False
364628533,364628531,80.18632639330937,living_street,,False
364628534,364628535,67.7094132092983,living_street,,False
364628534,278990636,6.639844496519808,tertiary,Gandhi Nagar Main,False
364628534,364628531,23.472796558264434,tertiary,Gandhi Nagar Main,False
364628535,364628534,67.7094132092983,living_street,,False
364628536,278990100,12.22924162771278,tertiary,Poonamalle Road,False
364628536,9189148366,39.178009789583506,residential,,False
364628536,278990635,129.38537867550693,tertiary,Poonamalle Road,False
364628537,364628486,70.4311357362884,residential,,False
364628537,364628459,38.99046754647172,residential,,False
364628537,9189148366,90.7339834067868,residential,,False
364628539,364628457,65.99684472045551,residential,,False
364628539,364637099,42.48106942917198,residential,,False
364628539,364628540,50.54402225913204,residential,,False
364628540,364628539,50.54402225913204,residential,,False
364631668,2172864874,22.653647541720865,tertiary,Poonamalle Road,False
364631668,364637098,64.12819866053297,tertiary,Poonamalle Road,False
364631668,364637102,41.76761888042145,residential,3rd Street,False
364631669,364637102,39.86751180662308,residential,3rd Street,False
364631669,368144912,18.598863550998463,residential,,False
364631669,9189148364,53.6884846178674,residential,,False
364631671,364628457,22.262056610683114,tertiary,Poonamalle Road,False
364631671,2172864874,28.195755927236394,tertiary,Poonamalle Road,False
364631671,9189148364,64.70765955839511,residential,2nd Street,False
364631673,11436607440,49.40141380298005,residential,2nd Street,False
364631673,11436487449,61.85949852623538,residential,2nd Street,False
364631673,11436607439,26.959916718903912,residential,,False
364631676,364637098,14.44240481633217,tertiary,Poonamalle Road,False
364631676,364631682,50.482073855710595,tertiary,Poonamalle Road,False
364631676,364637101,49.347559666286436,residential,,False
364631677,364637101,23.16584067444229,residential,,False
364631678,365207462,62.29298488942412,residential,Defence Colony 2nd Avenue,False
364631678,370223908,6.212842623359022,residential,Defence Colony 2nd Avenue,False
364631678,364631679,77.8964184144914,residential,,False
364631679,364631678,77.8964184144914,residential,,False
364631680,370223908,65.53515407304174,residential,Defence Colony 2nd Avenue,False
364631680,365207405,80.79269392217789,residential,Defence Colony 2nd Avenue,False
364631680,364631681,58.97630749715761,residential,,False
364631681,364631680,58.97630749715761,residential,,False
364631682,364631676,50.482073855710595,tertiary,Poonamalle Road,False
364631682,9189148370,9.332896327523446,tertiary,Poonamalle Road,False
364631682,364637074,220.81089875595094,residential,,False
364631684,364631687,31.797227031239895,residential,,False
364631684,364631694,10.710635165155042,residential,,False
364631684,364631686,105.00151969049955,residential,,False
364631686,364631684,105.00151969049955,residential,,False
364631686,6307227168,32.36152657921737,residential,,False
364631686,364631687,133.47755903948925,residential,Sathya Nagar 2nd Street,False
364631687,364631689,38.25414850309421,residential,,False
364631687,364631684,31.797227031239895,residential,,False
364631687,364631686,133.47755903948925,residential,Sathya Nagar 2nd Street,False
364631689,364631687,38.25414850309421,residential,,False
364631689,364631690,97.6463673314477,residential,,False
364631689,6307292987,41.42078764035786,residential,,False
364631689,12612393750,188.58008058249635,residential,Lazer Street,False
364631690,364631689,97.6463673314477,residential,,False
364631692,13966900348,9.797762290202103,residential,Lazer Street,False
364631692,278990057,150.51013295505498,secondary,SIDCO Industrial Estate South Phase Road,True
364631692,12612393757,77.55929802105868,residential,Lazer Street,False
364631694,364631684,10.710635165155042,residential,,False
364631694,278990640,51.30001434823499,residential,,False
364631694,2172864851,38.11280653927341,residential,,False
364631695,11190366209,13.536016530493749,residential,Poomagal Main Road,False
364631695,364637081,29.38839664866081,residential,Poomagal Main Road,False
364631695,364631696,88.75154962408543,residential,,False
364631696,364631695,88.75154962408543,residential,,False
364631697,11190366209,30.79170513560627,residential,Poomagal Main Road,False
364631697,364631699,130.5085203323889,living_street,,False
364631697,364571311,213.02784813745382,residential,Poomagal Main Road,False
364631699,364631701,36.54783565819635,living_street,,False
364631699,364631697,130.5085203323889,living_street,,False
364631699,12554417126,40.96247944639484,living_street,,False
364631700,364631701,22.494195993234765,living_street,,False
364631701,364631700,22.494195993234765,living_street,,False
364631701,364631699,36.54783565819635,living_street,,False
364631701,364631703,83.84466012755263,living_street,,False
364631703,364631701,83.84466012755263,living_street,,False
364631703,364631704,121.20799173142805,primary,Inner Ring Road,True
364631704,278990888,59.08776937669347,primary,Inner Ring Road,True
364631704,364631705,118.97562864212414,residential,,False
364631705,364631704,118.97562864212414,residential,,False
364637074,11190410009,52.598992565834216,residential,,False
364637074,364069485,184.02242893067455,residential,,False
364637074,364631682,220.81089875595094,residential,,False
364637075,6307292987,10.135437932715341,residential,,False
364637075,11190410009,28.41748712285385,residential,,False
364637075,2172864854,22.871847137341838,residential,,False
364637081,364631695,29.38839664866081,residential,Poomagal Main Road,False
364637081,364637089,12.380768090123501,residential,Poomagal Main Road,False
364637081,364637082,65.70057740091104,residential,,False
364637082,364637081,65.70057740091104,residential,,False
364637083,364637089,18.87952637363836,residential,Poomagal Main Road,False
364637083,364637087,25.092797621072474,residential,Poomagal Main Road,False
364637083,11056205439,104.26927674888194,"['residential', 'living_street']",,False
364637085,364637086,77.1881327327933,residential,,False
364637085,364628470,28.886877937823606,tertiary,Ambal Nagar Main,False
364637085,364628465,11.567931738988845,tertiary,Ambal Nagar Main,False
364637086,364637085,77.1881327327933,residential,,False
364637087,364637083,25.092797621072474,residential,Poomagal Main Road,False
364637087,364571150,94.04717886331773,residential,Poomagal Main Road,False
364637087,364637091,130.72392431353018,residential,,False
364637089,364637081,12.380768090123501,residential,Poomagal Main Road,False
364637089,364637083,18.87952637363836,residential,Poomagal Main Road,False
364637089,364637090,88.64379828197065,residential,,False
364637090,364637089,88.64379828197065,residential,,False
364637091,364628465,28.357348702245147,tertiary,Ambal Nagar Main,False
364637091,278990887,7.586461053571203,tertiary,Ambal Nagar Main,False
364637091,364637087,130.72392431353018,residential,,False
364637095,364628459,35.051134937542166,residential,,False
364637095,11436591965,45.05535484296929,residential,,False
364637095,364628492,53.508815708217895,residential,,False
364637095,9189148371,98.01829827000817,residential,,False
364637097,2172864869,37.8708278155158,residential,,False
364637097,2172864854,77.43249240879058,residential,,False
364637097,11190410009,117.01693149132171,residential,,False
364637098,364631668,64.12819866053297,tertiary,Poonamalle Road,False
364637098,364631676,14.44240481633217,tertiary,Poonamalle Road,False
364637098,2172864869,106.47439030759328,residential,,False
364637099,364628459,6.469179937504876,residential,,False
364637099,364637100,32.97057170402321,residential,,False
364637099,364628539,42.48106942917198,residential,,False
364637100,364637099,32.97057170402321,residential,,False
364637101,364631677,23.16584067444229,residential,,False
364637101,364631676,49.347559666286436,residential,,False
364637101,364637102,71.42077216146444,residential,,False
364637102,364631669,39.86751180662308,residential,3rd Street,False
364637102,364631668,41.76761888042145,residential,3rd Street,False
364637102,364637101,71.42077216146444,residential,,False
364637103,364628452,63.44354878139082,living_street,,False
364637103,364637104,68.16144472201864,living_street,,False
364637103,364628475,44.07575964871165,"['residential', 'living_street']",Aovaiyaar Street,False
364637104,30038752,48.447721156007745,primary,Inner Ring Road,True
364637104,364637103,68.16144472201864,living_street,,False
364637106,364637107,77.50138954078398,residential,,False
364637106,6307227168,10.905804346342538,residential,Main Road,False
364637106,7024754332,88.84127362778423,residential,Main Road,False
364637107,364637106,77.50138954078398,residential,,False
364637112,364032452,222.2180386173863,residential,Rajarajan Street,False
364637112,364637115,55.46541434099129,residential,Rajarajan Street,False
364637112,364637113,95.7571199031028,residential,,False
364637113,364637112,95.7571199031028,residential,,False
364637114,2275098876,111.80263662856572,residential,,False
364637114,2275098877,33.14872546330705,residential,,False
364637114,11436607441,50.70541365279215,residential,,False
364637115,364637112,55.46541434099129,residential,Rajarajan Street,False
364637115,364032451,80.04339237011972,residential,Rajarajan Street,False
364637115,11824333191,51.22758886715428,residential,Navaratna Gardens Main,False
364637116,11824333190,15.944408688318365,residential,Navaratna Gardens Main,False
364637117,308313676,103.26802781418256,primary,Inner Ring Road,True
364637117,364637118,278.1913190344268,tertiary,சிட்கா தொழிற்பேட்டை பகுதி,False
364637118,11427643628,40.81647307957476,residential,Naga Reddy Thottam Garden Rd,False
364637118,280088651,85.79538765962916,tertiary,,False
364637118,364637117,278.19131903442684,tertiary,சிட்கா தொழிற்பேட்டை பகுதி,False
364873501,364873515,103.0752679251469,residential,Inner Ring Road,False
364873501,6445148664,20.070803278711622,residential,Inner Ring Road,False
364873501,308313819,208.77307291693398,primary,Inner Ring Road,True
364873511,364873515,96.12643864447556,residential,Inner Ring Road,False
364873511,278990104,156.91142322546878,residential,,False
364873511,7171897980,84.446003949434,residential,,False
364873512,364873515,155.24599398540025,residential,,False
364873512,11043419358,26.349749061279525,residential,,False
364873512,278990104,105.43182529678685,residential,,False
364873515,364873511,96.12643864447556,residential,Inner Ring Road,False
364873515,364873501,103.0752679251469,residential,Inner Ring Road,False
364873515,364873512,155.24599398540025,residential,,False
364873570,278990630,60.25555673267299,residential,Kalaimagal Nagar 1st Main,False
364873579,364873583,77.75864677955848,residential,4th Cross Street,False
364873579,364218931,26.243864410232458,residential,3rd Cross Street,False
364873579,364175463,90.71320823943842,residential,3rd Cross Street,False
364873583,364873579,77.75864677955848,residential,4th Cross Street,False
364873690,308313811,18.159721284136165,primary,Inner Ring Road,True
364873690,5360153610,153.67256351064975,residential,Parthasarathy Kovil 1st Street,False
364873701,278990104,58.346382164523824,residential,,False
364873701,9189109013,238.5170623401014,residential,,False
364873701,9189109007,296.7778189165773,residential,,False
364879668,256029531,58.60462445245943,residential,,False
364879668,256029471,25.87002569579297,residential,,False
364879668,2241058261,82.46475039319597,residential,,False
364879705,247714027,186.60242235495775,primary,Anna Salai (Mount Road),True
364879705,6496066206,97.21307458761927,residential,,False
364879713,6496066205,64.41068055940531,residential,,False
364879814,364879855,145.11556780799688,residential,,False
364879814,12741357177,38.90650458435412,secondary,Water Works Road,True
364879855,256029493,50.35728261009592,residential,,False
364879855,256029482,67.94205081054275,residential,,False
364879855,364879814,145.11556780799688,residential,,False
364879855,364879856,164.2818520481377,residential,,False
364879856,256029471,52.78219078720353,residential,,False
364879856,256029411,59.06942999104124,residential,,False
364879856,364879855,164.2818520481377,residential,,False
365207405,364631680,80.79269392217789,residential,Defence Colony 2nd Avenue,False
365207405,364032451,151.80350229672393,residential,Defence Colony 2nd Avenue,False
365207405,365207415,53.23386772558463,residential,,False
365207415,365207405,53.23386772558463,residential,,False
365207462,364027472,74.14241278290133,residential,Defence Colony 2nd Avenue,False
365207462,364631678,62.29298488942412,residential,Defence Colony 2nd Avenue,False
365207462,365207513,42.776776809861,residential,,False
365207513,365207462,42.776776809861,residential,,False
365207514,366077726,78.10175797074461,residential,Defence Colony 2nd Avenue,False
365207514,364027472,73.33888914338891,residential,Defence Colony 2nd Avenue,False
365207514,365207537,62.533752391769376,residential,,False
365207537,365207514,62.533752391769376,residential,,False
365490095,11824333190,96.29055167228829,residential,Navaratna Gardens Main,False
365490095,11824333191,9.551669086544582,residential,Navaratna Gardens Main,False
365490095,368143407,61.87638776895248,residential,,False
365490132,368143407,20.892364991976727,residential,,False
365987958,11143247837,31.52475270706852,residential,,False
365987958,301299929,46.39430568915811,residential,,False
365987958,2241062385,79.87403612296816,residential,,False
365987958,2241062385,180.59264952701892,living_street,,False
365988846,6869017084,78.05858787094165,secondary,Velachery Road,True
365988846,6444634789,294.22756127635216,secondary,Velachery Main Road,True
365988846,11158696496,30.384488752730984,primary,Sardar Patel Road,True
365988848,365988855,11.274641667217296,tertiary,Race Course Interior Road,False
365988848,11668396343,232.2678755036131,secondary,Velachery Main Road,True
365988855,365988848,11.274641667217296,tertiary,Race Course Interior Road,False
365988855,7826160038,641.0547791759399,tertiary,Race Course Interior Road,False
365988855,6444634790,302.0804540080228,secondary,Velachery Main Road,True
366077726,364168481,10.695348303349522,residential,Defence Colony 2nd Avenue,False
366077726,365207514,78.10175797074461,residential,Defence Colony 2nd Avenue,False
366077726,366077732,65.49658995586628,residential,,False
366077732,366077726,65.49658995586628,residential,,False
366077871,363961635,91.457546170113,residential,Mancholai 3rd Street,False
366077872,363961635,84.27480487884775,residential,Mancholai 2nd Street,False
366078212,363969036,50.440583238108935,residential,Mancholai 1st Street,False
366081875,366081876,42.69207027399413,secondary,Velachery Main Road,True
366081875,11770425263,30.91413887942256,residential,,False
366081876,11770425265,3.8196677036422684,secondary,Velachery Main Road,True
366081876,300195704,8.419449410243047,secondary_link,,False
366081878,300195705,12.047647579116765,residential,Blue Cross Road,False
366081878,366081884,202.1533712147178,secondary,Velachery Main Road,True
366081884,247714672,10.323222194171734,secondary,Five Furlong Road,False
366081884,6812001750,56.1578013902056,secondary,Velachery Main Road,True
366081887,366081918,145.31209393456595,secondary,Velachery Main Road,True
366081887,338440205,51.92836609008703,residential,,False
366081887,6444819411,44.839812241552636,residential,Kaniamman Koil Street,False
366081888,366081913,15.899485177080065,residential,Nehru Nagar 1st Main Road,False
366081888,366081917,14.034303779998817,residential,Nehru Nagar 1st Main Road,False
366081888,6444819411,160.78065521871972,residential,Kaniamman Koil Street,False
366081889,300164086,153.77805053913536,residential,K.V.K Sami Street,False
366081889,6444819411,28.545568657558498,residential,,False
366081889,366081891,35.15730297366346,residential,,False
366081890,366081904,18.00439286069805,residential,Nehru Nagar 1st Main Road,False
366081890,366081900,9.981921287536826,residential,Nehru Nagar 1st Main Road,False
366081890,366081891,149.50140775753113,residential,,False
366081891,366081890,149.50140775753113,residential,,False
366081891,366081889,35.15730297366346,residential,,False
366081891,366081893,34.384924692118496,residential,,False
366081892,366081900,17.588672903565335,residential,Nehru Nagar 1st Main Road,False
366081892,7826160048,10.94225023825382,residential,Nehru Nagar 1st Main Road,False
366081892,366081893,146.08249221548348,residential,Barathidasan Street,False
366081893,366081892,146.08249221548348,residential,Barathidasan Street,False
366081893,366081895,30.202090927973604,residential,,False
366081893,366081891,34.384924692118496,residential,,False
366081894,7826160048,16.98724538297833,residential,Nehru Nagar 1st Main Road,False
366081894,366081899,8.441313044149243,residential,Nehru Nagar 1st Main Road,False
366081894,366081895,142.8207778821353,residential,Govindaswamy Street,False
366081895,366081893,30.202090927973604,residential,,False
366081895,366081894,142.8207778821353,residential,Govindaswamy Street,False
366081895,300164085,166.04022112622516,residential,Anbazhagan Street,False
366081896,6445302904,36.85909894945927,residential,Anna Street,False
366081896,300159994,15.618291814543433,residential,Anna Street,False
366081896,366081915,241.35308137021616,residential,Avvaiyar Street,False
366081898,6445302904,125.48096916236638,residential,Anna Street,False
366081899,366081894,8.441313044149243,residential,Nehru Nagar 1st Main Road,False
366081899,300164085,8.373266424013709,residential,Nehru Nagar 1st Main Road,False
366081899,7826160049,78.64803613721054,"['residential', 'living_street']",Nehru Nagar 2nd Main Road,False
366081900,366081890,9.981921287536826,residential,Nehru Nagar 1st Main Road,False
366081900,366081892,17.588672903565335,residential,Nehru Nagar 1st Main Road,False
366081900,366081901,64.81995086746292,residential,Elango Street,False
366081901,366081900,64.81995086746292,residential,Elango Street,False
366081901,7826160049,31.07876461822659,residential,Nehru Nagar 2nd Main Road,False
366081901,366081915,21.45115966158036,residential,Nehru Nagar 2nd Main Road,False
366081901,6445302904,184.95169090551113,residential,Elango Street,False
366081904,300164086,14.097184963725185,residential,Nehru Nagar 1st Main Road,False
366081904,366081890,18.00439286069805,residential,Nehru Nagar 1st Main Road,False
366081904,366081915,66.92322018742009,residential,Avvaiyar Street,False
366081906,366081907,104.56321577443718,residential,,False
366081906,2168960194,218.9674447175471,tertiary,Cart Track Road,False
366081906,366081910,106.5177928974368,tertiary,Cart Track Road,False
366081907,366081906,104.56321577443718,residential,,False
366081910,366081911,46.31316939097282,residential,Nehru Nagar 2nd Main Road,False
366081910,299880408,71.88945823736407,tertiary,Cart Track Road,False
366081910,366081906,106.5177928974368,tertiary,Cart Track Road,False
366081911,366081914,31.69535384176239,residential,Nehru Nagar 2nd Main Road,False
366081911,366081910,46.31316939097282,residential,Nehru Nagar 2nd Main Road,False
366081911,366081912,71.11447573688194,residential,,False
366081912,299880408,46.99077142518297,residential,Nehru Nagar 1st Main Road,False
366081912,366081911,71.11447573688194,residential,,False
366081912,366081913,33.431088762211154,residential,Nehru Nagar 1st Main Road,False
366081913,366081888,15.899485177080065,residential,Nehru Nagar 1st Main Road,False
366081913,366081914,70.24149952766703,residential,,False
366081913,366081912,33.431088762211154,residential,Nehru Nagar 1st Main Road,False
366081914,366081916,28.26218021774042,residential,Nehru Nagar 2nd Main Road,False
366081914,366081911,31.69535384176239,residential,Nehru Nagar 2nd Main Road,False
366081914,366081913,70.24149952766703,residential,,False
366081915,366081904,66.92322018742009,residential,Avvaiyar Street,False
366081915,366081901,21.45115966158036,residential,Nehru Nagar 2nd Main Road,False
366081915,366081916,26.211381436293976,residential,Nehru Nagar 2nd Main Road,False
366081915,366081896,241.3530813702162,residential,Avvaiyar Street,False
366081916,366081915,26.211381436293976,residential,Nehru Nagar 2nd Main Road,False
366081916,366081914,28.26218021774042,residential,Nehru Nagar 2nd Main Road,False
366081916,366081917,68.79155625665642,residential,Nehru Nagar 4th Street,False
366081917,366081888,14.034303779998817,residential,Nehru Nagar 1st Main Road,False
366081917,300164086,14.593392804075874,residential,Nehru Nagar 1st Main Road,False
366081917,366081916,68.79155625665642,residential,Nehru Nagar 4th Street,False
366081918,247714672,126.12289345492727,secondary,Velachery Main Road,True
366081918,299880408,120.04793733169623,tertiary,Cart Track Road,False
366088050,364069484,127.72141935147961,residential,2nd Avenue,False
366088050,366088051,42.66819586379826,residential,1st Cross Street,False
366088050,364168481,50.67701734920793,residential,2nd Avenue,False
366088050,364585941,182.6385387533997,residential,"['3rd Avenue', '1st Cross Street']",False
366088051,366088050,42.66819586379826,residential,1st Cross Street,False
366088051,364584847,50.188050816582404,residential,1st Avenue,False
366088051,364585047,126.87091851852102,residential,1st Avenue,False
366088768,9189148358,10.64635980700993,residential,,False
366089033,363974824,89.19459360751011,residential,,False
366091277,363959498,46.20965393673602,residential,1st Cross Street,False
366091277,363975892,388.12692909090595,residential,,False
366091277,3341059148,64.42912213182323,residential,Mancholai 1st Main,False
366091277,363974828,191.4206982835209,residential,Kalaimagal Nagar 3rd Main,False
366841490,13966900351,8.1691909919149,residential,,False
366841490,5455784934,142.71196275366626,secondary,SIDCO Industrial Estate South Phase Road,True
367133883,364218931,16.90942161948036,residential,Vandi Pathai Street,False
367133883,2275098883,129.6227976041012,residential,,False
367133883,364622735,61.81525220914931,residential,Vandi Pathai Street,False
367788703,367788810,38.44671977929611,residential,Balaji Nagar 1st Main,False
367788703,9189148353,68.871794713358,residential,Balaji Nagar 3rd Cross Street,False
367788703,364622737,133.86713960248875,residential,Balaji Nagar 1st Main,False
367788714,364628438,81.37182599390123,residential,Balaji Nagar 1st Main,False
367788714,10023438315,66.09431487165413,residential,1st Cross Street,False
367788714,12707002731,51.74937505566365,residential,Balaji Nagar 1st Main,False
367788810,12707002731,8.361893429819686,residential,Balaji Nagar 1st Main,False
367788810,367788703,38.44671977929611,residential,Balaji Nagar 1st Main,False
367788810,11602190942,39.404137175849876,residential,,False
367788914,367788987,97.5969329863464,residential,4th Cross Street,False
367788914,367788916,47.015135227321615,residential,Balaji Nagar 2nd Main,False
367788914,12707002731,57.172937446513984,residential,Balaji Nagar 2nd Main,False
367788916,367789052,58.088425974641126,residential,5th Cross Street,False
367788916,367788914,47.015135227321615,residential,Balaji Nagar 2nd Main,False
367788916,367788946,134.05195380324187,residential,Balaji Nagar 2nd Main,False
367788946,363974336,116.73513515572051,residential,Kalaimagal Nagar 1st Main,False
367788946,278990629,74.36190940808393,residential,Kalaimagal Nagar 1st Main,False
367788946,367788916,134.05195380324187,residential,Balaji Nagar 2nd Main,False
367788987,367788914,97.5969329863464,residential,4th Cross Street,False
367789052,367788916,58.088425974641126,residential,5th Cross Street,False
367789234,278990635,52.07481544855894,tertiary,Poonamalle Road,False
367789234,364628448,100.22993606413705,tertiary,Poonamalle Road,False
367789234,11602191674,124.84814116437232,residential,,False
367871630,367871669,52.3026389558933,residential,,False
367871630,364032452,12.643387478407565,residential,Vandi Pathai Street,False
367871630,278990634,38.62900169819177,residential,Vandi Pathai Street,False
367871669,367871630,52.3026389558933,residential,,False
368143407,365490132,20.892364991976727,residential,,False
368143407,365490095,61.87638776895248,residential,,False
368143407,368144808,135.56275088392303,residential,,False
368144808,11436487447,20.456030743066826,residential,,False
368144808,368144912,58.4771014882365,residential,,False
368144808,368143407,135.56275088392303,residential,,False
368144808,11436487449,83.29601877931786,residential,,False
368144912,364631669,18.598863550998463,residential,,False
368144912,11436622646,28.86309062024164,residential,,False
368144912,368144808,58.4771014882365,residential,,False
368367397,364628463,101.59270465566202,residential,,False
368367397,11402362182,43.5444418858421,residential,,False
368367397,11824338640,38.07116807140191,residential,,False
368385370,308313676,116.67945285336913,residential,Reddy 2nd Street,False
368385370,368385372,116.7479824832705,residential,Reddy 3rd Street,False
368385370,6497435374,238.14420494219075,residential,Reddy 1st Street,False
368385372,368385370,116.7479824832705,residential,Reddy 3rd Street,False
368385486,280088651,78.92740786828007,tertiary,,False
368385486,11427643633,36.46652888828839,residential,,False
368385486,6445060676,56.71860314090482,tertiary,,False
368385488,369632165,100.68600475346584,tertiary,Arulayammanpet Main,False
368385488,368390067,46.62123851118957,tertiary,,False
368385488,368389274,67.28791874974081,residential,,False
368386147,11058030542,214.28582880234194,residential,,False
368386147,2241062418,114.48526033669954,secondary,,False
368386147,247714176,4.444955246021609,secondary,,False
368386148,2241063805,17.098195774959052,tertiary,,False
368386148,11058030542,13.094992546391262,residential,,False
368386148,368386157,48.035474899872646,tertiary,Corporation Water Works Road,False
368386157,368386197,210.7760602801628,residential,,False
368386157,369632146,38.92208439179865,tertiary,Corporation Water Works Road,False
368386157,368386148,48.035474899872646,tertiary,Corporation Water Works Road,False
368386197,368386157,210.7760602801628,residential,,False
368386197,247714176,30.320750771813906,secondary,,False
368386197,247714174,83.41733447699,secondary,,False
368389274,368385488,67.28791874974081,residential,,False
368389274,11052139364,52.54929548680892,residential,,False
368389274,368389294,81.95401710053724,residential,,False
368389294,6305275796,56.63806564053983,residential,,False
368389294,2241065790,58.77825835902935,residential,,False
368389294,368389274,81.95401710053724,residential,,False
368389724,368389790,100.95029882104029,residential,,False
368389724,368389806,31.242806962514063,tertiary,,False
368389724,2241063805,27.020617039869403,tertiary,,False
368389790,368389724,100.95029882104029,residential,,False
368389790,369632146,25.33697681312252,residential,,False
368389790,368389907,37.362084496170326,residential,,False
368389806,368389907,97.62136729583003,residential,,False
368389806,368389923,34.61581049685095,tertiary,,False
368389806,368389724,31.242806962514063,tertiary,,False
368389907,368389806,97.62136729583003,residential,,False
368389907,368389790,37.362084496170326,residential,,False
368389907,368390041,30.639578849735955,residential,,False
368389923,368390041,97.68408507135253,residential,,False
368389923,368390067,30.718819968396257,tertiary,,False
368389923,368389806,34.61581049685095,tertiary,,False
368390041,368389907,30.639578849735955,residential,,False
368390041,391847433,34.95183560814153,residential,,False
368390041,368389923,97.68408507135253,residential,,False
368390041,369150270,112.44021093166575,residential,,False
368390067,391847433,98.61891167111133,residential,,False
368390067,368385488,46.62123851118957,tertiary,,False
368390067,368389923,30.718819968396257,tertiary,,False
368390296,11033772486,33.24992086310944,residential,,False
368390296,11033772484,33.937764857054525,residential,,False
368390296,2241065718,116.69918777566488,residential,,False
369149711,247714167,138.42858288924336,residential,,False
369150217,2241065693,113.6874502718558,residential,Labour Colony 2nd Street,False
369150217,369150269,38.12625663664731,residential,Labour Colony 2nd Cross Street,False
369150217,369150270,33.65257491306842,residential,Labour Colony 2nd Cross Street,False
369150269,3146856857,115.02249521675891,residential,,False
369150269,369632138,23.316920135886583,residential,Labour Colony 2nd Cross Street,False
369150269,369150217,38.12625663664731,residential,Labour Colony 2nd Cross Street,False
369150270,368390041,112.44021093166575,residential,,False
369150270,2241065718,112.52806355364838,residential,,False
369150270,369150217,33.65257491306842,residential,Labour Colony 2nd Cross Street,False
369150270,391847433,151.46886890151242,residential,Labour Colony 2nd Cross Street,False
369632083,369632085,109.11751261542777,residential,,False
369632083,2241065682,36.137431542439764,residential,CIPET Hostel Road,False
369632083,308313664,175.2314614693376,residential,CIPET Hostel Road,False
369632085,369632083,109.11751261542777,residential,,False
369632092,2241065695,87.81042855013878,residential,,False
369632092,2241065717,36.16257817958126,residential,CIPET Hostel Road,False
369632092,2241065682,96.29776282967649,residential,CIPET Hostel Road,False
369632138,369150269,23.316920135886583,residential,Labour Colony 2nd Cross Street,False
369632138,6496915033,67.86164480794453,tertiary,Corporation Water Works Road,False
369632138,256029544,64.09362659433408,tertiary,Corporation Water Works Road,False
369632146,368389790,25.33697681312252,residential,,False
369632146,256029544,40.20055955078027,tertiary,Corporation Water Works Road,False
369632146,368386157,38.92208439179865,tertiary,Corporation Water Works Road,False
369632165,391847433,30.07926192474627,residential,,False
369632165,6445060674,40.472450909352084,tertiary,Arulayammanpet Main,False
369632165,368385488,100.68600475346584,tertiary,Arulayammanpet Main,False
369643898,30038751,65.91398410043786,primary,Inner Ring Road,True
369643898,364628480,67.26177632359324,tertiary,Poonamalle Road,False
369672908,3146856857,22.6008109342111,residential,,False
369672908,10280133244,178.02154110556728,tertiary,,False
369672908,6496915033,48.00143766092946,tertiary,Corporation Water Works Road,False
369672908,11402431143,110.17013204155941,residential,,False
370223894,364220649,46.45938840568961,residential,,False
370223894,3146852560,71.74366974899287,residential,,False
370223894,278989902,184.74342659696356,residential,,False
370223900,364027184,30.835417519831108,residential,,False
370223900,364032459,39.678964627912656,residential,,False
370223900,3146852560,75.08184032122637,residential,,False
370223908,364631678,6.212842623359022,residential,Defence Colony 2nd Avenue,False
370223908,364631680,65.53515407304174,residential,Defence Colony 2nd Avenue,False
391847431,6445060674,73.11073191229227,tertiary,Arulayammanpet Main,False
391847431,391847432,74.13642527554491,residential,,False
391847431,10595278751,77.52493165222452,tertiary,Arulayammanpet Main,False
391847432,10595278750,76.87918244116884,residential,,False
391847432,391847431,74.13642527554491,residential,,False
391847432,6445060674,140.1503158408891,residential,,False
391847433,368390067,98.61891167111133,residential,,False
391847433,368390041,34.95183560814153,residential,,False
391847433,369632165,30.07926192474627,residential,,False
391847433,369150270,151.46886890151242,residential,Labour Colony 2nd Cross Street,False
391847436,11402474767,34.42498730298145,tertiary,,False
391847436,11033772484,56.46555519101795,residential,,False
391847436,10595278751,97.79670383539397,tertiary,Arulayammanpet Main,False
391847437,11033772484,16.664686494340224,residential,,False
391847437,11402474767,99.88994388978834,residential,,False
391847437,391847440,66.75567643312581,"['residential', 'living_street']",,False
391847440,11033772486,14.20131715147115,residential,Labour Colony 2nd Street,False
391847440,6445153074,46.04073198877653,residential,Labour Colony 2nd Street,False
391847440,391847437,66.75567643312581,"['residential', 'living_street']",,False
410668641,9502019365,63.29130774969438,living_street,1st Street,False
410672246,262680785,25.039131184295204,tertiary,Greenways Road,False
410672246,11792407224,330.27441789210775,living_street,Govindaswamy Nagar,False
410672246,1410202203,58.450844936076436,tertiary,Greenways Road,False
410695946,1279913627,51.09029078985279,residential,,False
410695946,246827326,63.70564155775552,residential,2nd Cross Street,False
410695946,264031855,41.083658340764174,residential,2nd Cross Street,False
410703484,269219381,39.885678342383756,residential,1st Loop Street,False
410705972,269219377,31.651362347613574,residential,Kotturpuram 4th Main Road,False
410705972,410706083,132.00255168076202,residential,3rd Loop Street,False
410705972,269219295,133.249495277004,residential,Kotturpuram 4th Main Road,False
410706083,11061280581,74.16693532981822,residential,3rd Loop Street,False
410706083,11061280581,110.11143179217967,residential,,False
410706083,410705972,132.00255168076202,residential,3rd Loop Street,False
410709397,2218346037,132.46492327492933,residential,,False
416016093,277501411,10.548799437130128,residential,,False
416016127,2239237834,44.150683421054524,residential,VGP Road,False
416016127,256031614,59.82099859792946,residential,VGP Road,False
416838241,257439202,195.75362420455244,secondary,"['Kalki Krishnamurty Road', 'Lattice Bridge']",True
416849807,11591482680,20.988129883631103,residential,Kalikunram Main Road,False
416849807,11591482675,53.64604590302959,tertiary,4th Cross Street,False
416849807,2274401031,20.8669514086333,tertiary,4th Cross Street,False
416849871,11770663900,30.383130520490035,residential,,False
416849871,310102919,465.3705670299863,residential,Kalikunram Main Road,False
416849871,416849961,57.10191305068052,residential,Kalikunram Main Road,False
416849961,11770663901,36.7353055293648,residential,Pillaiyar Koil Street,False
416849961,9179599602,21.66229363707139,residential,Kalikunram Main Road,False
416849961,6536963549,107.63804891759305,residential,Pillaiyar Koil Street,False
416849961,416849871,57.10191305068052,residential,Kalikunram Main Road,False
416850068,416852363,83.09874819269645,residential,,False
416850068,6536963546,31.021389073501393,tertiary,Kannagam Road,False
416850068,300457896,63.62803902835198,tertiary,Kannagam Road,False
416852363,416850068,83.09874819269645,residential,,False
416852573,416852633,84.95075709196514,residential,Devi Karumariamman Koil Street,False
416852573,303453673,136.81829230093533,tertiary,Peeliamman Koil Street,False
416852573,416852691,25.638383987262372,tertiary,Peeliamman Koil Street,False
416852633,416852573,84.95075709196514,residential,Devi Karumariamman Koil Street,False
416852691,416852733,62.94746424164342,residential,Kannagi Street,False
416852691,416852573,25.638383987262372,tertiary,Peeliamman Koil Street,False
416852691,330653536,26.721535018346454,tertiary,Peeliamman Koil Street,False
416852733,416852691,62.94746424164342,residential,Kannagi Street,False
671200714,671200715,15.260952729192155,primary_link,Uturn to Adayar,False
671200714,268789820,34.404825427471906,primary,Sardar Patel Road,True
671200715,671200714,15.260952729192155,primary_link,Uturn to Adayar,False
671200715,257532684,242.28889509453614,primary,Sardar Patel Road,True
996565657,11778113355,503.02242888747963,primary,Anna Salai (Mount Road),True
1012658101,264031850,43.10406461131944,residential,2nd Cross Street,False
1012658101,264031790,219.08323963427006,residential,Kuttigramani Street,False
1012658101,243064543,119.85936944275576,residential,Kuttigramani Street,False
1121392666,256124399,199.45864028440533,primary,Kathipara Interchange Flyover,True
1121392666,10593460250,68.46013829197194,trunk,Grand Southern Trunk Road,True
1141163143,1141164395,268.60378609757555,residential,Perungudi MRTS Railway Station Road,False
1141163143,1765260863,19.19249997663029,tertiary,Bharani Street,False
1141163606,4239255903,8.16474380003556,residential,Seshadripuram 1st Main Road,False
1141163606,10029118614,243.15869219940242,tertiary,Perungudi Station Road,True
1141164395,7018373640,8.59265424339865,tertiary,Perungudi station road,False
1141164395,1141163143,268.60378609757555,residential,Perungudi MRTS Railway Station Road,False
1141164395,1141164582,279.3450877696214,residential,,False
1141164582,10029118614,8.018795220924861,residential,,False
1141164582,1141164395,279.3450877696214,residential,,False
1183430564,268789815,39.44143120006224,primary,Sardar Patel Road,True
1183430564,12124624594,116.59766785864912,residential,,False
1183430596,1676204864,23.943938315395627,tertiary_link,,False
1183430596,6450947189,183.08455327606626,tertiary,Taramani Road,True
1183430748,13433709643,473.98970834713515,primary,Rajiv Gandhi IT Expressway,True
1183430825,359084663,37.94051422332702,primary,Taramani Link Road,True
1183430825,1183430748,62.731454428264485,primary_link,Taramani Link Road,True
1183430847,338470486,207.14491704643766,tertiary,,False
1183430847,246867074,7.643467556120243,tertiary,,False
1183430847,330653536,237.16265623114072,tertiary,Taramani Road,True
1184617186,11770663899,7.014408760440843,residential,Kalikunram Main Road,False
1184617186,11591482680,25.541294154451535,residential,Kalikunram Main Road,False
1184617186,11770663913,42.241986942576105,residential,,False
1184617250,366081887,17.123293600864084,secondary,Velachery Main Road,True
1184617250,338440252,44.38393692489286,residential,Madhavan Street,False
1197468247,300159065,46.28336701920482,living_street,,False
1197468247,300159185,75.48019500455922,residential,Lakeview Street,False
1197468250,299382574,50.39134415796129,residential,,False
1197468250,299383745,53.95955806921207,residential,,False
1197468250,299382925,100.34838991288979,residential,,False
1197468366,300469152,100.81210773521981,residential,,False
1197468435,300301437,78.41711380733372,residential,,False
1197468435,277912866,111.34077410270467,tertiary,Lake View Road,False
1241211260,1241211262,40.30126751125697,residential,,False
1241211260,1889993384,189.9576950362165,primary,Major Mukund Varadharajan Salai,True
1241211262,11059186577,37.44372271798473,residential,,False
1241211262,1241211266,60.624608385933335,residential,,False
1241211262,1241211260,40.30126751125697,residential,,False
1241211266,1241211262,60.624608385933335,residential,,False
1272541153,11041651028,46.977832007947875,residential,,False
1272541221,264040352,54.67850089579148,tertiary,Karpagam Avenue,False
1279913627,410695946,51.09029078985279,residential,,False
1279913694,1279913826,53.44505599209258,living_street,,False
1279913813,1279913826,15.78727430007674,tertiary,Sringeri Mutt Road,False
1279913813,264031589,21.99623487812428,tertiary,Sringeri Mutt Road,False
1279913813,1279914018,50.9208999121461,living_street,,False
1279913826,264031593,22.794227756413,tertiary,Sringeri Mutt Road,False
1279913826,1279913813,15.78727430007674,tertiary,Sringeri Mutt Road,False
1279913826,1279913694,53.44505599209258,living_street,,False
1279913989,264031660,140.33497342674926,living_street,,False
1279914018,1279913813,50.9208999121461,living_street,,False
1359328247,11436629012,30.601129758579486,residential,"Duraisamy Street, Visalakshi Nagar",False
1364815699,277911188,83.72883663278847,residential,Gandhi Street,False
1364815699,330653735,48.66042965437563,residential,Gandhi Street,False
1364815699,330653708,110.11021889807283,residential,Perumal Koil Street,False
1410202203,410672246,58.45084493607644,tertiary,Greenways Road,False
1410716401,269768278,194.16683325088238,tertiary,4th Main Road,False
1411621698,2216189371,350.3733610488731,residential,"['Jothiammal Nagar', 'Todhunter Nagar 2nd Cross Road']",False
1411621698,269767422,34.36346268082448,residential,Jothiammal Nagar,False
1411621698,256035578,154.1570433196415,residential,,False
1411621803,1411621892,179.40479790754702,primary,Anna Salai (Mount Road),True
1411621892,14148225602,15.56798326585328,primary,Anna Salai (Mount Road),True
1412280354,256031614,58.719420066490606,residential,Hospital Road,False
1412280354,11612690772,101.99084721009821,residential,,False
1412280354,301300045,76.7462832111191,residential,Hospital Road,False
1446415915,1453466282,31.93544120471191,residential,,False
1446415915,1446415917,53.639958863455114,residential,,False
1446415915,11066273324,48.20857007610343,residential,,False
1446415917,1453466290,46.34827975540815,residential,Mullai Road,False
1446415917,1446415915,53.639958863455114,residential,,False
1446415917,313138621,151.17327521739995,residential,Mullai Road,False
1446415918,333744226,107.96385849475851,residential,2nd Main Road,False
1446415918,333744271,56.86531887276347,residential,2nd Main Road,False
1446415927,333744271,44.772488495242314,residential,2nd Main Road,False
1446415927,333744244,73.4935476935654,residential,2nd Main Road,False
1446415944,1446415947,119.5904602547508,residential,,False
1446415947,333743771,14.273389841904427,tertiary,Tiruvalluvar Nagar 2nd Avenue,False
1446415947,1446415944,119.5904602547508,residential,,False
1446415947,279610136,73.33307282193113,tertiary,Tiruvalluvar Nagar 2nd Avenue,False
1453447496,1453447504,33.90951434030325,residential,,False
1453447504,333719075,132.32484415594536,residential,Kannappa Nagar Ext,False
1453447504,333744244,49.3066936508801,residential,Kannappa Nagar Ext,False
1453447504,1453447496,33.90951434030325,residential,,False
1453466282,1446415915,31.93544120471191,residential,,False
1453466282,1453466290,130.62206767145082,residential,,False
1453466282,11066273324,127.10525426553338,residential,,False
1453466285,333604599,76.15831881328981,residential,2nd Street,False
1453466285,333604497,108.79891959906118,residential,"['1st Street', '2nd Street']",False
1453466290,313139079,68.8198826825483,residential,Mullai Road,False
1453466290,1446415917,46.34827975540815,residential,Mullai Road,False
1453466290,1453466282,130.62206767145082,residential,,False
1453466291,301299703,39.42380441654852,primary,East Coast Road,True
1453466291,333744226,134.0019305193737,residential,"['1st Street', '3rd Main Road']",False
1454664553,12895275712,3.560275936322767,primary,,True
1454664555,12334925218,4.7982244274039125,primary,,True
1457503198,338406415,58.833399625557156,residential,,False
1457503198,11612773138,76.4494637968339,residential,,False
1457503198,1457503207,272.74519915003015,residential,3rd Main Road,False
1457503207,1457503208,53.72784109315035,residential,,False
1457503207,1457503198,272.74519915003015,residential,3rd Main Road,False
1457503207,7800752329,69.02451136235251,residential,Karuna Street,False
1457503207,338406416,150.18131626063712,residential,"['3rd Main Road', 'Chandru Street']",False
1457503208,338406416,127.34166387388598,residential,Buhuvaneswary Nagar 2nd Main Road,False
1457503208,338406415,269.70615290851794,residential,Buhuvaneswary Nagar 2nd Main Road,False
1457503208,1457503214,53.96106883282939,residential,,False
1457503208,1457503207,53.72784109315035,residential,,False
1457503214,6245918932,29.63867110418139,residential,Bhuvaneswary Nagar 1st Main Road,False
1457503214,338406414,268.2858210135511,residential,Bhuvaneswary Nagar 1st Main Road,False
1457503214,1457503208,53.96106883282939,residential,,False
1457503216,1986353938,46.14863108521045,residential,VGP Selva Nagar 2nd Main Road,False
1457503216,1457503221,58.463011272023365,residential,,False
1457503216,6307225153,174.6903621223007,residential,VGP Selva Nagar 2nd Main Road,False
1457503217,6307225153,51.069672339120565,residential,VGP Selva Nagar 2nd Main Road,False
1457503217,299879272,186.6214698214681,residential,Muthu Krishnan Street,False
1457503217,2168576074,95.5837324532186,residential,VGP Selva Nagar Extn 1st Main Road,False
1457503217,4252220048,43.48799074204825,residential,VGP Selva Nagar 2nd Main Road,False
1457503221,1457503224,173.39421689341967,residential,,False
1457503221,1457503216,58.463011272023365,residential,,False
1457503221,1457503229,53.6987061120219,residential,,False
1457503224,1457503221,173.39421689341967,residential,,False
1457503224,6307225153,59.454947175669226,residential,VGP Selva Nagar Ext 5th Street,False
1457503224,1457503237,53.59443575031531,residential,VGP Selva Nagar Ext 5th Street,False
1457503226,1457503227,21.950945561225982,residential,VGP Selva Nagar Ext 5th Street,False
1457503227,1986353944,8.69722357367508,residential,VGP Selva Nagar Ext 5th Street,False
1457503227,1457503226,21.950945561225982,residential,VGP Selva Nagar Ext 5th Street,False
1457503227,1457503240,43.82462808939725,residential,Bethel Avenue Main Road,False
1457503229,1986353944,47.300017579049,residential,VGP Selva Nagar Ext 5th Street,False
1457503229,1457503239,35.13845509511326,residential,,False
1457503229,1457503221,53.6987061120219,residential,,False
1457503229,1457503237,172.02207234110583,residential,VGP Selva Nagar Extension 5th Street,False
1457503237,1457503224,53.59443575031531,residential,VGP Selva Nagar Ext 5th Street,False
1457503237,8042009288,48.54411377069772,residential,VGP Selva Nagar Extension 5th Street,False
1457503237,1457503229,172.02207234110583,residential,VGP Selva Nagar Extension 5th Street,False
1457503239,1457503240,53.29007520485842,residential,,False
1457503239,1457503229,35.13845509511326,residential,,False
1457503239,1457503242,13.533879586506298,residential,,False
1457503240,1457503239,53.29007520485842,residential,,False
1457503240,1457503248,38.649863609253494,residential,Bethel Avenue Main Road,False
1457503240,1457503227,43.82462808939725,residential,Bethel Avenue Main Road,False
1457503242,1457503249,195.78554574207422,residential,VGP Selva Nagar Extension 4th Street,False
1457503242,1457503239,13.533879586506298,residential,,False
1457503242,1457503247,25.22887827512634,residential,,False
1457503247,1457503248,56.398581156162116,residential,,False
1457503247,1457503242,25.22887827512634,residential,,False
1457503247,1641564604,21.708593347992682,residential,,False
1457503248,1457503247,56.398581156162116,residential,,False
1457503248,1457503240,38.649863609253494,residential,Bethel Avenue Main Road,False
1457503248,1765262586,18.19798575953168,residential,,False
1457503248,1457503254,89.57872189994606,residential,Bethel Avenue Main Road,False
1457503249,1457503242,195.78554574207422,residential,VGP Selva Nagar Extension 4th Street,False
1457503249,1641561884,31.078268603587414,residential,VGP Selva Nagar Extn 1st Main Road,False
1457503249,1641564602,18.034345960366565,residential,VGP Selva Nagar Extn 1st Main Road,False
1457503250,1457503275,188.49106247769524,residential,Venus Colony 2nd Street,False
1457503254,1641564604,16.203573059127784,residential,,False
1457503254,1641563438,27.427039500919957,residential,,False
1457503254,1457503248,89.57872189994606,residential,Bethel Avenue Main Road,False
1457503257,11054537025,68.54288626409006,residential,Veenus Colony 3th Street,False
1457503263,1641564604,176.7657661557254,residential,VPG Selva Nagar Extension 3rd Street,False
1457503263,1641564602,26.20339767793677,residential,VGP Selva Nagar Extn 1st Main Road,False
1457503263,1641563440,43.26401249833454,residential,VGP Selva Nagar Extn 1st Main Road,False
1457503274,4252220057,49.21713638421678,residential,Anna Nagar 1st Street,False
1457503274,1641564603,43.625863226455714,residential,Anna Nagar 1st Street,False
1457503274,11612806383,41.066747508141745,residential,Anna Nagar 4th Main Road,False
1457503274,338223248,66.14195143489967,residential,Anna Nagar 4th Main Road,False
1457503275,1457503250,188.49106247769524,residential,Venus Colony 2nd Street,False
1457503275,1457503277,39.80647333461742,residential,,False
1457503275,300464568,42.33832990514649,residential,,False
1457503275,338223254,117.02482509095265,residential,Venus Colony 2nd Street,False
1457503277,1765261172,36.470131273785604,residential,Veenus Colony 3th Street,False
1457503277,300464592,12.46433780797194,residential,Sastri Road,False
1457503277,1457503275,39.80647333461742,residential,,False
1457503368,4278284249,118.27636546148274,residential,Kamarajar Street,False
1457503368,300464668,43.57133540499015,residential,Kambar Street Extn,False
1457503368,4239255900,146.17702251405026,residential,Kambar Street Extn,False
1457503500,300464879,24.912044845606975,residential,Tansi Nagar 19th Street,False
1457503500,11066180647,103.13680785262561,residential,Tansi Nagar 17th street,False
1457503500,300464897,59.70033389887939,residential,Tansi Nagar 19th Street,False
1457503502,300464877,35.72965128645345,residential,Varatharajapuram 2nd Lane,False
1457503503,338461405,30.49444439442399,primary,Taramani Link Road,True
1457503503,8041810500,120.41844441459514,residential,Varatharajapuram,False
1457503505,300464597,43.31443959015446,residential,Tansi Nagar 12th Street,False
1457503505,4450539390,3.6710372171545815,residential,Tansi Nagar 12th Street,False
1457503505,13019074034,70.69458227337978,residential,Vivekananda Street,False
1457503507,1457503509,73.8570118877748,residential,Church Gate Avenue,False
1457503507,1457503509,98.64189715328905,residential,Annai Theresa street,False
1457503507,300464597,12.198316916477705,residential,Church Gate Avenue,False
1457503509,1457503507,73.8570118877748,residential,Church Gate Avenue,False
1457503509,1457503507,98.64189715328905,residential,Annai Theresa street,False
1457503509,1457503518,63.84586020569222,residential,Church Gate Avenue,False
1457503510,300464686,14.034413102429491,residential,Bharathi Street,False
1457503510,1457503516,195.8486638514715,residential,"['Balaji Street', 'Baby Nagar 2nd Cross Road']",False
1457503510,338461183,109.27672843516154,residential,Bharathi Street,False
1457503511,12156990400,12.08472949458521,primary_link,,False
1457503511,4450539392,14.000172682769756,primary_link,Tansi Nagar 15 th street,False
1457503511,10120161792,25.975637232897576,primary,Taramani Link Road,True
1457503516,1640674279,45.02759640051665,residential,Baby Nagar 2nd Main Road,False
1457503516,11066184597,43.18131448732579,residential,Baby Nagar 2nd Main Road,False
1457503516,1457503510,195.84866385147149,residential,"['Baby Nagar 2nd Cross Road', 'Balaji Street']",False
1457503518,1457503509,63.84586020569222,residential,Church Gate Avenue,False
1457503518,1457503511,206.91211067659157,primary,Taramani Link Road,True
1457521712,338466535,41.68256715485323,residential,,False
1457521712,11054207604,54.94617687988477,residential,Taramani Station Road,False
1497332702,2239237834,49.382822970397356,residential,VGP Road,False
1497332702,277501411,82.34490319469032,residential,VGP Road,False
1497332707,11428577859,15.61641368645153,residential,,False
1497332707,11428577857,13.657067312361278,residential,,False
1497332707,1497332734,34.593672207731856,residential,,False
1497332734,1497332707,34.593672207731856,residential,,False
1528037753,325210159,11.873442626045035,residential,Seethapathy Nagar Extn,False
1528037753,325210158,46.054721568026615,residential,Seethapathy Nagar Extn,False
1528037753,4278284257,197.46010623404206,residential,Service Road,False
1640633833,338461249,98.65959965000792,residential,,False
1640636923,338461267,102.24350249574782,residential,Park Avenue 1st Street,False
1640636923,338461267,194.94935598408273,residential,"['Park Avenue 2nd Cross Street', 'Park Avenue 3rd Cross Street']",False
1640636923,1640636924,52.7402520249946,residential,Park Avenue 1st Street,False
1640636924,338461288,52.7826420385341,tertiary,Bharani Street,False
1640636924,1640636923,52.7402520249946,residential,Park Avenue 1st Street,False
1640636924,11801625127,78.51862747828616,tertiary,Bharani Street,False
1640665331,4294274206,13.027112679271447,residential,Seshadripuram 1st Main Road,False
1640665331,300455463,92.33264751351368,residential,Seshadripuram 1st Main Road,False
1640665331,1640665340,80.28251106597833,residential,,False
1640665340,1640665331,80.28251106597833,residential,,False
1640674279,1457503516,45.02759640051665,residential,Baby Nagar 2nd Main Road,False
1640674279,4265547662,119.5074300844908,residential,Baby Nagar 1st Cross Road,False
1640674279,338461216,49.098365256568904,residential,Baby Nagar 1st Cross Road,False
1640674279,2146414136,97.56153229736805,residential,Baby Nagar 2nd Main Road,False
1640674281,300464740,10.644816825631866,residential,Sastri Road,False
1640674281,300464737,35.01290513538462,residential,Sastri Road,False
1640674281,338461031,153.09769966083442,residential,Film Street,False
1640674290,1457503518,66.28219306504204,primary,Taramani Link Road,True
1640674290,300464686,165.48521633754288,residential,"['Vivekananda Street', 'Gopal Street']",False
1640675574,1641560827,55.94759583214913,residential,,False
1640675574,4226494690,88.2062062390541,primary,Taramani Link Road,True
1641560713,338223241,126.49248505386694,residential,Ayodhya Colony 1st Street,False
1641560713,300312632,36.79801818848107,residential,MurphyDoss Street;Way to Gandhi Road / VGP avenue,False
1641560713,338223232,7.299921300781603,residential,MurphyDoss Street;Way to Gandhi Road / VGP avenue,False
1641560714,338223241,29.5816211983145,residential,Ayodhya Colony 1st Street,False
1641560827,1640675574,55.94759583214913,residential,,False
1641560827,338461388,57.96596903176564,residential,,False
1641560827,1641560829,102.31431032626035,residential,,False
1641560828,1641560829,63.87770780393054,residential,,False
1641560828,338461408,132.21875917657837,primary,Taramani Link Road,True
1641560829,338461388,67.65822978011148,residential,,False
1641560829,338461391,30.98741114473986,residential,,False
1641560829,1641560827,102.31431032626035,residential,,False
1641560829,1641560828,63.87770780393054,residential,,False
1641561884,1641561887,99.39986390605041,residential,Anna Nagar 5th Main Road,False
1641561884,1457503249,31.078268603587414,residential,VGP Selva Nagar Extn 1st Main Road,False
1641561884,8042009288,23.534677921534644,residential,VGP Selva Nagar Extn 1st Main Road,False
1641561885,1641561887,115.02257414866122,residential,Anna Nagar 5th Main Road,False
1641561887,1641561884,99.39986390605041,residential,Anna Nagar 5th Main Road,False
1641561887,4450560887,40.737291544984615,residential,Anna Nagar 5th Main Road,False
1641561887,1641561885,115.02257414866122,residential,Anna Nagar 5th Main Road,False
1641563438,1457503254,27.427039500919957,residential,,False
1641563438,1641563439,42.26077798939088,residential,,False
1641563438,1641563440,173.90865060606632,residential,VGP Selva Nagar Extension 2nd Street,False
1641563439,1641563438,42.26077798939088,residential,,False
1641563439,1641563441,173.8503871030464,residential,VPG Selva Nagar Extension 1st Street,False
1641563439,300464560,48.19480885709836,residential,,False
1641563440,1641563438,173.90865060606632,residential,VGP Selva Nagar Extension 2nd Street,False
1641563440,1457503263,43.26401249833454,residential,VGP Selva Nagar Extn 1st Main Road,False
1641563440,1641563441,43.13836615615503,residential,VGP Selva Nagar Extn 1st Main Road,False
1641563441,1641563439,173.8503871030464,residential,VPG Selva Nagar Extension 1st Street,False
1641563441,1641563440,43.13836615615503,residential,VGP Selva Nagar Extn 1st Main Road,False
1641563441,300464559,48.62292007401749,residential,VGP Selva Nagar Extn 1st Main Road,False
1641563441,11612806014,56.70941810066471,residential,,False
1641564598,4252220058,25.14015446461126,residential,Anna Nagar 1st Street,False
1641564598,4252220057,15.044489566457406,residential,Anna Nagar 1st Street,False
1641564598,1641564600,92.95722626224837,residential,Anna Nagar 3rd cross,False
1641564599,1641564602,41.51711417649613,residential,,False
1641564599,300464572,46.16087488448844,residential,,False
1641564599,11612806014,109.41641361342616,residential,,False
1641564600,1641564598,92.95722626224837,residential,Anna Nagar 3rd cross,False
1641564602,1641564599,41.51711417649613,residential,,False
1641564602,1457503249,18.034345960366565,residential,VGP Selva Nagar Extn 1st Main Road,False
1641564602,1457503263,26.20339767793677,residential,VGP Selva Nagar Extn 1st Main Road,False
1641564603,1457503274,43.625863226455714,residential,Anna Nagar 1st Street,False
1641564603,300464559,58.74902745924629,residential,Anna Nagar 1st Street,False
1641564603,11612806014,47.39155403007951,residential,,False
1641564604,1457503247,21.708593347992682,residential,,False
1641564604,1457503254,16.203573059127784,residential,,False
1641564604,1457503263,176.7657661557254,residential,VPG Selva Nagar Extension 3rd Street,False
1676204864,1183430596,23.943938315395627,tertiary_link,,False
1676204864,6774041896,26.312851867453375,tertiary,,True
1676204899,310535900,70.92797071803612,primary,West Avenue Road,True
1722523595,9885596554,130.87710460144788,primary,Anna Salai (Mount Road),True
1722523595,2241063772,103.44556133067783,living_street,,False
1723299453,250363586,73.19241097126466,residential,2nd Cross Street,False
1723299453,250363580,214.35265682986952,residential,2nd Cross Street,False
1723299453,250363542,183.40508957235045,residential,,False
1730498145,10559615697,60.35539100921332,residential,Besant Nagar 17th Cross Street,False
1730498145,11625938760,42.953067234377784,residential,Besant Nagar 22nd Cross Street,False
1730498145,10285692039,77.3442608499608,residential,Besant Nagar 22nd Cross Street,False
1730498145,10285691912,56.359917744043784,residential,Besant Nagar 17th Cross Street,False
1730498149,313783549,29.738525414626366,residential,,False
1730498151,257432753,25.333992871195615,residential,Shastri Nagar 1st Cross Street,False
1730498151,313783495,23.840889161755957,residential,Shastri Nagar 1st Cross Street,False
1730498151,1730498152,21.543756247819534,residential,10th Lane,False
1730498152,1730498151,21.543756247819534,residential,10th Lane,False
1730498154,313783549,33.19382440503058,residential,,False
1730498180,7018971562,31.342411698761513,residential,2nd Cross,False
1730498184,291295296,80.28285604602151,residential,1st cross street,False
1750638810,11840514985,23.292070035813538,residential,,False
1750638810,11041651027,83.04093280446071,residential,Sai Nagar Colony,False
1750638810,264040352,65.85219834004238,residential,Sai Nagar Colony,False
1750638810,11634220602,61.125820206830404,residential,,False
1750659211,264040376,59.82528793942664,residential,Karpagam Avenue 1st Street,False
1751203571,2167148976,33.488020732946154,residential,N Home Line,False
1751203571,10120160596,48.51045221740361,residential,N Home Line,False
1751203571,5388533203,49.34040164088654,residential,,False
1751203573,338223259,31.855904488543974,residential,Vijayanagar 1st Main Road,False
1751203573,1751205809,46.91965620336737,residential,N Home Line,False
1751203573,313857702,129.29920181883256,residential,Vijayanagar 1st Main Road,False
1751205028,1751205809,51.920817159831564,residential,N Home Line,False
1751205028,2167148976,12.817519355381618,residential,N Home Line,False
1751205028,1751205029,41.86965625065194,residential,,False
1751205029,1751205028,41.86965625065194,residential,,False
1751205809,1751203573,46.91965620336737,residential,N Home Line,False
1751205809,1751205028,51.920817159831564,residential,N Home Line,False
1751205809,6583208815,88.88123858139491,residential,SaiPutra Road,False
1764122477,299883981,45.858981994556785,residential,,False
1764122477,330401249,292.2579906063148,residential,6th Main Road,False
1764122477,2230781350,155.2379426373357,residential,6th Main Road,False
1765260863,11801625127,25.195676017453696,tertiary,Bharani Street,False
1765260863,1141163143,19.19249997663029,tertiary,Bharani Street,False
1765260863,338461274,44.7845092810671,tertiary,Perungudi Station Road,False
1765261170,300464612,27.480107859287024,residential,Balakrishna Nagar 1st Main Road,False
1765261170,1765261172,117.51394600377691,residential,Veenus Colony 4th Cross,False
1765261170,2168576080,28.042023839823266,residential,Balakrishna Nagar 1st Main Road,False
1765261172,1457503277,36.470131273785604,residential,Veenus Colony 3th Street,False
1765261172,2168576077,27.899589801146963,residential,Veenus Colony 3th Street,False
1765261172,1765261170,117.51394600377691,residential,Veenus Colony 4th Cross,False
1765262586,1457503248,18.19798575953168,residential,,False
1768289876,1986353938,62.90393187386204,residential,VGP Selva Nagar 2nd Main Road,False
1768289876,338223258,228.45619640216907,residential,VGP Selva Nagar 2nd Main Road,False
1768289876,299879312,255.45579540118655,residential,VGP Selva Nagar 1st Main Road,False
1875599379,11648530711,12.618107509425565,residential,,False
1875599379,11648530707,18.305274589873278,residential,,False
1875599379,269219215,44.03683145076356,living_street,,False
1875599381,11648530716,27.52357952789499,residential,,False
1875599381,269219211,57.61169246953361,residential,,False
1875599381,1875599384,41.42989192395343,residential,,False
1875599384,269219223,169.84751992657615,residential,,False
1875599384,11648530715,29.14881094260507,residential,,False
1875599384,1875599381,41.42989192395343,residential,,False
1889993380,299878818,57.47261836265944,residential,,False
1889993380,313857700,58.18813620524556,residential,5th Main Road,False
1889993380,1889993384,43.941366062316774,residential,5th Main Road,False
1889993384,1889993380,43.941366062316774,residential,5th Main Road,False
1889993384,10281826355,104.82428889132132,primary,Major Mukund Varadharajan Salai,True
1889993394,313857704,46.70041557969089,residential,,False
1889993394,299878818,48.970525884240885,residential,,False
1889993394,299878821,135.26729410434726,residential,3rd Main Road,False
1954341218,2241060226,325.2771365565937,primary,,True
1954341218,30268464,156.92682573950816,primary,Taluk Office Road,True
1986353938,1768289876,62.90393187386204,residential,VGP Selva Nagar 2nd Main Road,False
1986353938,1457503216,46.14863108521045,residential,VGP Selva Nagar 2nd Main Road,False
1986353938,6245918932,63.09805559305969,residential,,False
1986353938,1986353944,112.44184504692862,residential,Bethel Avenue Main Road,False
1986353944,1457503229,47.300017579049,residential,VGP Selva Nagar Ext 5th Street,False
1986353944,1457503227,8.69722357367508,residential,VGP Selva Nagar Ext 5th Street,False
1986353944,1986353938,112.44184504692863,residential,Bethel Avenue Main Road,False
2146414136,4265547662,9.580495764111564,residential,Road in Baby Nagar,False
2146414136,1640674279,97.56153229736805,residential,Baby Nagar 2nd Main Road,False
2146414136,2146414141,111.11275393261934,residential,Road in Baby Nagar,False
2146414137,4265547662,8.032445551919391,residential,Road in Baby Nagar,False
2146414137,1640674290,107.7984189028424,primary,Taramani Link Road,True
2146414141,338461207,4.456694873708113,residential,baby nagar to perungudi railway station road,False
2146414141,338461408,21.280406703859487,residential,baby nagar to perungudi railway station road,False
2146414141,2146414136,111.11275393261934,residential,Road in Baby Nagar,False
2146417139,300312361,78.62218152938158,residential,MurphyDoss Street;Way to Gandhi Road / VGP avenue,False
2146417139,251172944,173.00082272991708,primary,Taramani Link Road,True
2157590806,300193751,66.1590089644269,tertiary,Link Road,True
2157590806,309812112,25.252149789784177,tertiary,Chakrapani Street,True
2157590814,11925287670,8.465940033183454,secondary,Chakrapani Street,True
2157590814,2157590806,46.32865324926324,tertiary,Chakrapani Street,True
2166739512,300185429,177.7229231656388,residential,,False
2166813753,319490833,48.559754157945385,residential,20th Cross Street,False
2166813753,319489388,2.708888795739446,residential,20th Cross Street,False
2166813753,11670454698,113.85134122185949,residential,15th Lane,False
2166813756,11670454698,69.23115062686034,residential,15th Lane,False
2166813756,257430069,47.80060462718394,tertiary,Indira Nagar 3rd Avenue,False
2166813756,319489403,44.753265005046984,tertiary,Indira Nagar 3rd Avenue,False
2166836267,319490848,42.94733857804379,residential,,False
2166836267,319490833,46.18173642147244,residential,,False
2166836267,2166836269,110.25709434425431,residential,14th Lane,False
2166836269,11419978120,37.44970873555024,residential,17th Cross Street,False
2166836269,319490835,43.95252871963663,residential,17th Cross Street,False
2166836269,2166836267,110.25709434425431,residential,14th Lane,False
2166860186,2166860188,42.39545435638709,residential,,False
2166860186,319490848,40.154844902746554,residential,,False
2166860186,2166860187,108.7788044595982,residential,12th Lane,False
2166860187,2166860190,41.309465919653846,residential,17th Cross Street,False
2166860187,11419978124,41.98957705210747,residential,17th Cross Street,False
2166860187,2166860189,84.19495780702555,residential,12th Lane,False
2166860187,2166860186,108.7788044595982,residential,12th Lane,False
2166860188,2166860191,43.32436692499989,residential,,False
2166860188,2166860186,42.39545435638709,residential,,False
2166860188,2166860190,108.70720259316661,residential,11th Lane,False
2166860189,2166860192,42.60399308026639,tertiary,Indira Nagar 3rd Avenue,False
2166860189,257430067,13.970625921551093,tertiary,Indira Nagar 3rd Avenue,False
2166860189,2166860187,84.19495780702555,residential,12th Lane,False
2166860190,2166860194,42.04056963391778,residential,17th Cross Street,False
2166860190,2166860187,41.309465919653846,residential,17th Cross Street,False
2166860190,2166860192,83.11872587101605,residential,11th Lane,False
2166860190,2166860188,108.70720259316661,residential,11th Lane,False
2166860191,2166860188,43.32436692499989,residential,,False
2166860191,13065690352,130.4296184742275,residential,16th Cross Street,False
2166860191,2166860194,108.11202722678793,residential,10th Lane,False
2166860192,2166860195,41.909504821471515,tertiary,Indira Nagar 3rd Avenue,False
2166860192,2166860189,42.60399308026639,tertiary,Indira Nagar 3rd Avenue,False
2166860192,2166860190,83.11872587101605,residential,11th Lane,False
2166860194,319489405,45.86130753100348,residential,17th Cross Street,False
2166860194,2166860190,42.04056963391778,residential,17th Cross Street,False
2166860194,2166860195,82.35212057874354,residential,10th Lane,False
2166860194,2166860191,108.11202722678792,residential,10th Lane,False
2166860195,319489407,43.13526789402311,tertiary,Indira Nagar 3rd Avenue,False
2166860195,2166860192,41.909504821471515,tertiary,Indira Nagar 3rd Avenue,False
2166860195,2166860194,82.35212057874354,residential,10th Lane,False
2166883101,2167013054,53.87054745453163,residential,Canal Road,False
2166883101,4843378602,51.48956000504337,residential,Canal Road,False
2166883101,9179599548,86.17714386977843,residential,Canal Road,False
2166883119,2166924842,71.92140072916449,residential,,False
2166883119,2166883123,72.52412367843527,residential,,False
2166883119,2166883128,89.54758531433995,living_street,,False
2166883123,2166883119,72.52412367843527,residential,,False
2166883128,2166883119,89.54758531433997,living_street,,False
2166924837,319490080,115.05310497430459,living_street,,False
2166924842,319489421,17.117106186906234,residential,,False
2166924842,2166883119,71.92140072916449,residential,,False
2166924842,319489367,49.500201548877364,residential,,False
2166973524,12025173020,8.95553946174079,residential,2nd West street,False
2166973524,2166973529,59.50226270543735,residential,,False
2166973524,11058070789,26.724456315387442,residential,2nd West street,False
2166973529,2166973524,59.50226270543735,residential,,False
2166973529,12686956011,209.12066893854617,primary,West Avenue Road,True
2166973535,2166973537,85.01482913794388,living_street,,False
2166973535,2166973544,19.262424071881092,residential,,False
2166973535,319489421,29.156443411406197,residential,,False
2166973537,2166973535,85.01482913794388,living_street,,False
2166973537,319489310,30.87899687489815,living_street,,False
2166973537,2166973539,77.67183203316947,living_street,,False
2166973539,2166973537,77.67183203316947,living_street,,False
2166973544,2166973535,19.262424071881092,residential,,False
2167013025,257439306,35.010086716836035,residential,,False
2167013025,11419958413,38.7269806992693,residential,,False
2167013025,257439313,59.00671113227345,residential,,False
2167013042,319490097,12.597167342969309,residential,,False
2167013042,319490098,21.34452128765299,residential,,False
2167013042,12772575283,34.2192037479399,residential,,False
2167013044,319490089,72.44241942028091,residential,,False
2167013044,2167013048,30.559243691639832,residential,,False
2167013044,12772575283,137.18979539632625,residential,,False
2167013046,12772575280,54.279178765838,residential,,False
2167013046,2167013050,30.51072995157064,residential,,False
2167013046,319490101,180.91612602482024,residential,,False
2167013048,2167013044,30.559243691639832,residential,,False
2167013048,319490098,63.27883592120716,residential,,False
2167013048,319490099,57.943632205231665,residential,,False
2167013050,319490094,29.923642250957784,residential,,False
2167013050,2167013046,30.51072995157064,residential,,False
2167013050,319490097,65.90569438649602,residential,,False
2167013054,2166883101,53.87054745453163,residential,Canal Road,False
2167013054,12901601245,211.76288013424056,residential,Canal Road,False
2167013054,4843378603,46.896500452568915,residential,Canal Road,False
2167027593,11101583942,62.02814934777704,residential,,False
2167027593,2167027596,75.67420083616145,residential,,False
2167027593,300185991,48.7717935888668,residential,,False
2167027596,2167027593,75.67420083616145,residential,,False
2167027604,2407564026,113.36013301976962,residential,kalki nagar main road,False
2167027609,2230781378,19.959751905591546,residential,,False
2167027610,2167027611,47.68163714091621,residential,,False
2167027610,2230781369,66.1437270412712,residential,,False
2167027610,7806740567,193.14838717347192,residential,,False
2167027611,11043604982,24.987229765861166,residential,Murugan Nagar Extension 1st Street,False
2167027611,2167027610,47.68163714091621,residential,,False
2167027611,2407564028,38.54506612400969,residential,Murugan Nagar Extension 1st Street,False
2167027612,11626077035,18.567874178945146,residential,,False
2167027612,300464332,26.99567387595268,residential,,False
2167027612,2230781378,45.75374226890777,residential,,False
2167027614,2167027702,68.48184696824862,residential,,False
2167027627,2167027630,54.990085090274995,residential,,False
2167027630,11626077035,24.019061445149433,residential,,False
2167027630,2167027627,54.990085090274995,residential,,False
2167027630,2407564029,149.1453789042581,residential,,False
2167027634,6786335839,24.48745829604438,residential,,False
2167027634,6786335841,17.355737764124544,residential,,False
2167027634,299877804,182.4574203325038,residential,,False
2167027689,7806740567,107.7169353443315,residential,,False
2167027689,299877896,23.41778637192381,residential,,False
2167027689,2167027702,40.083482642917694,residential,,False
2167027702,2167027614,68.48184696824862,residential,,False
2167027702,2167027707,82.1906985661804,residential,,False
2167027702,2167027689,40.083482642917694,residential,,False
2167027707,300186162,36.50682389359914,residential,,False
2167027707,2167027702,82.1906985661804,residential,,False
2167027707,6786335839,31.578552349110176,residential,,False
2167027717,2167027722,82.57323627893612,residential,,False
2167027717,2167027759,49.88565814803503,residential,,False
2167027722,2167027717,82.57323627893612,residential,,False
2167027722,300376604,45.94933797685531,residential,,False
2167027722,2167027727,41.85719700390535,residential,,False
2167027727,2167027759,81.44741274611967,residential,,False
2167027727,300165044,23.848672024232027,residential,,False
2167027727,2167027722,41.85719700390535,residential,,False
2167027759,2167027727,81.44741274611967,residential,,False
2167027759,300165032,32.68722026215517,residential,,False
2167027759,2167027717,49.88565814803503,residential,,False
2167027768,2167027776,47.24792184820823,residential,,False
2167027768,299883833,54.46002360650933,residential,,False
2167027768,2167027807,130.3576920387801,residential,,False
2167027772,299878327,39.281166536640086,residential,,False
2167027772,299878326,46.61475540346348,residential,,False
2167027772,299878196,146.86149707640183,residential,3rd Main Road,False
2167027776,2167027768,47.24792184820823,residential,,False
2167027781,299878327,45.837322861251714,residential,2nd Main Road,False
2167027781,299878252,98.38908604761156,residential,2nd Main Road,False
2167027781,299878409,36.67792768347929,residential,7th Cross Street,False
2167027785,299878327,100.82671408071634,residential,2nd Main Road,False
2167027803,2167027819,15.239194194522431,residential,anna nagar 2nd street,False
2167027803,299878024,41.399682110244704,residential,anna nagar 2nd street,False
2167027807,11043633900,51.09214083113247,residential,,False
2167027807,2167027768,130.3576920387801,residential,,False
2167027807,2167027821,28.636778239549372,residential,,False
2167027811,300164886,45.33517960287952,residential,,False
2167027811,299878272,2.5275665467642168,residential,,False
2167027811,2167027819,172.07813790366293,residential,,False
2167027819,300164887,40.50429527708447,residential,anna nagar 2nd street,False
2167027819,2167027803,15.239194194522431,residential,anna nagar 2nd street,False
2167027819,2167027811,172.07813790366293,residential,,False
2167027821,6445191536,40.016921807033505,residential,,False
2167027821,6245904904,61.260088710489896,residential,,False
2167027821,2167027807,28.636778239549372,residential,,False
2167027825,6445191536,57.26833788597037,residential,,False
2167027825,338406630,63.68866568987846,primary,Velachery Bypass Road,True
2167027827,299878409,39.590874481205944,residential,Nethaji Colony 6th Cross Street,False
2167027827,300464005,37.562082119145,residential,Nethaji Colony 6th Cross Street,False
2167027827,11039711234,153.03325231915983,residential,Andal Nagar Extension 1st Street,False
2167027827,11054051465,39.19497096603758,residential,,False
2167027835,6307239350,60.29721639953087,residential,,False
2167027849,300464005,85.80754070519974,residential,Nethaji Colony 6th Cross Street,False
2167027849,300463580,70.21669166315233,residential,Nethaji Colony 6th Cross Street,False
2167027849,2167027852,176.3129103824285,residential,,False
2167027852,300463595,174.07479692980928,residential,,False
2167027852,6307239351,53.60571875115073,residential,,False
2167027852,2167027849,176.3129103824285,residential,,False
2167027857,300305744,43.53365198438276,residential,mahalakshmi nagar 3rd main road,False
2167027857,300165244,5.656851864049939,residential,mahalakshmi nagar 3rd main road,False
2167027857,2167027860,109.11833766335998,residential,,False
2167027860,300164903,59.922855215181265,residential,,False
2167027860,2167027857,109.11833766335998,residential,,False
2167027860,299880845,69.13684535680233,residential,,False
2167027867,2167027874,59.348492216817945,residential,,False
2167027870,300305744,131.9411866188133,residential,,False
2167027874,2167027867,59.348492216817945,residential,,False
2167027874,11189886678,33.595080205989014,residential,,False
2167027874,300305742,161.63729400082525,residential,,False
2167027874,11612775782,36.057780555915066,residential,,False
2167054617,257432773,117.23697282368164,primary,South Avenue,True
2167054617,2167054620,248.61177349143466,residential,Kamaraj Nagar 24 th street,False
2167054620,334645951,45.1878351072398,primary,South Avenue,True
2167054620,2167054617,248.61177349143466,residential,Kamaraj Nagar 24 th street,False
2167054621,2167054622,83.65215666483343,living_street,,False
2167054622,9179560491,40.402227344886064,residential,Valmiki Street,False
2167054622,319494424,41.47986827147092,residential,Valmiki Street,False
2167054622,2167054621,83.65215666483343,living_street,,False
2167054623,2167054624,76.881346611719,living_street,,False
2167054624,319494424,4.743925276700882,residential,Valmiki Street,False
2167054624,319494426,17.593102687539645,residential,Valmiki Street,False
2167054624,2167054623,76.881346611719,living_street,,False
2167054629,319494440,101.36130910449539,residential,"['1st East Street', 'Sivasundar 2nd Avenue']",False
2167054629,257432754,145.53171611991922,residential,Sivasundar 2nd Avenue,False
2167054629,12088978423,204.40728274045998,residential,Balu Street,False
2167054630,257432757,37.893687848386364,residential,Pilliyar Koil Street,False
2167054630,319494422,136.92032289243818,residential,Cholapuram Street,False
2167054630,9179560487,85.91665342210058,residential,Pilliyar Koil Street,False
2167148939,299883820,33.83264222406714,residential,Sri Devi Karumari Amman Nagar Avenue,False
2167148939,299883817,10.591099985631795,residential,Sri Devi Karumari Amman Nagar Avenue,False
2167148939,299883943,85.66796906969095,residential,Sri Devi Karumari Amman Nagar 4th Street,False
2167148944,338223259,30.740468848669956,residential,Vijayanagar 1st Main Road,False
2167148944,299883943,140.97105847264964,residential,Vijayanagar 1st Main Road,False
2167148944,6502889951,61.41514730072769,residential,,False
2167148947,299883766,38.31221032751927,residential,,False
2167148947,300464334,49.54659127143634,residential,,False
2167148947,299883820,119.93725546354185,residential,Sri Devi Karumari Amman Nagar 5th Street,False
2167148951,6502889951,126.89556128397336,residential,Sri Devi Karumari Amman Nagar 8th Street,False
2167148951,299883943,44.45275153274579,residential,,False
2167148951,2167148957,6.711300557354278,residential,,False
2167148954,299883747,34.65775148936715,residential,Sri Devi Karumari Amman Nagar Avenue,False
2167148954,299883820,11.41016383745818,residential,Sri Devi Karumari Amman Nagar Avenue,False
2167148954,2167148957,84.59890841942196,residential,Sri Devi Karumari Amman Nagar 6th Street,False
2167148957,2167148954,84.59890841942196,residential,Sri Devi Karumari Amman Nagar 6th Street,False
2167148957,2167148951,6.711300557354278,residential,,False
2167148957,2167148962,34.93084885037317,residential,,False
2167148962,6502889952,128.56741312054348,residential,Sri Devi Karumari Amman Nagar 7th Street,False
2167148962,2167148957,34.93084885037317,residential,,False
2167148962,300464089,36.06077897025133,residential,,False
2167148965,6502889952,11.884284769557759,residential,Sri Devi Karumari Amman Nagar 7th Street,False
2167148970,2167148980,67.33172091881595,residential,,False
2167148970,11626123124,19.63164033411167,residential,,False
2167148970,2167148972,68.58752316304486,residential,,False
2167148972,338222949,68.53908952456948,residential,,False
2167148972,299878738,37.25126077973004,residential,,False
2167148972,2167148970,68.58752316304486,residential,,False
2167148976,1751205028,12.817519355381618,residential,N Home Line,False
2167148976,1751203571,33.488020732946154,residential,N Home Line,False
2167148976,5388533203,81.10057401833186,residential,,False
2167148980,2167148994,15.30786969822869,residential,,False
2167148980,2167148970,67.33172091881595,residential,,False
2167148980,299883766,140.69265925604196,residential,,False
2167148985,2167148991,61.842366384753305,residential,Golden Avenue 1st Street,False
2167148991,2167148985,61.842366384753305,residential,Golden Avenue 1st Street,False
2167148991,300464089,22.719008763365608,residential,,False
2167148991,2167149016,18.670320269470146,residential,,False
2167148994,299883758,25.70936761613881,residential,,False
2167148994,2167148980,15.30786969822869,residential,,False
2167148994,10718193947,41.78021182291849,residential,,False
2167148997,2167149026,115.08420608884401,residential,Narmadha Street,False
2167149000,2167149016,66.2783567077674,residential,Golden Avenue 2nd Street,False
2167149016,2167149000,66.2783567077674,residential,Golden Avenue 2nd Street,False
2167149016,2167148991,18.670320269470146,residential,,False
2167149016,2407565207,24.76208786766227,residential,,False
2167149026,2407565207,11.00546403757431,residential,,False
2167149026,300464027,25.963084395571908,residential,,False
2167149026,2167148997,115.08420608884401,residential,Narmadha Street,False
2167149030,300464027,8.282488326828924,residential,,False
2167149030,299883833,44.15136311287802,residential,,False
2167149030,300464073,187.5305449464986,residential,Yamuna Street,False
2167149032,5388533203,162.55693614634134,residential,,False
2167149032,2167027825,164.9298943554118,primary,Velachery Bypass Road,True
2167149046,10669042771,69.91060074806173,primary,Velachery Bypass Road,True
2167149063,299883311,25.320753731601727,residential,,False
2167149063,2167149068,68.31119181597732,residential,,False
2167149063,299883577,91.62396158916741,residential,,False
2167149068,2167149063,68.31119181597732,residential,,False
2167149073,299385837,52.760867876780274,residential,Mahalakshmi Nagar 8th Cross Street,False
2167149073,6444890773,118.49986608645851,residential,,False
2167149073,299881747,41.437073045317234,residential,Mahalakshmi Nagar 8th Cross Street,False
2167149075,299881748,48.45244070452231,tertiary,Brindavan Nagar Main Road,False
2167149075,6444890773,59.86309086638654,residential,,False
2167149106,299383238,14.947531905057142,residential,,False
2167149106,299385830,58.178024818085746,residential,,False
2167149106,299383231,31.619479057006064,residential,,False
2167149149,2167149156,115.13237247338353,residential,,False
2167149156,2407565221,40.56339538023565,residential,2nd Main Road,False
2167149156,299883587,24.10417848881537,residential,2nd Main Road,False
2167149156,2167149149,115.13237247338353,residential,,False
2167149158,6445046257,19.336207835405137,residential,,False
2167149162,300188504,38.187139781243424,residential,,False
2167149162,6445046905,46.024805833982484,residential,,False
2167149162,299881867,71.37414698739244,residential,,False
2167149164,299883587,302.9586562169082,residential,Main Road,False
2167149180,300165164,11.881016582852581,residential,Bhavathi Amman Koil Street,False
2167149180,299879549,33.414972920723166,residential,Bhavathi Amman Koil Street,False
2167149180,2167149183,136.9810882004582,residential,2nd Street,False
2167149183,300188534,48.61278803649435,residential,Amman Koil Street,False
2167149183,300188503,12.585197211357169,residential,Amman Koil Street,False
2167149183,2167149180,136.9810882004582,residential,2nd Street,False
2167149210,299382716,44.42151541453515,residential,,False
2167149210,299886460,46.526078172195284,residential,,False
2167149210,2167149212,81.70998293649969,residential,,False
2167149212,338223169,39.94985459235025,residential,4th Cross Street,False
2167149212,338223175,44.11492356880702,residential,4th Cross Street,False
2167149212,2167149210,81.70998293649969,residential,,False
2167149222,299383745,15.878352752916227,residential,,False
2167149252,299886615,55.008208985427686,residential,,False
2167149252,6305009114,48.61453407236457,residential,,False
2167149252,6245972922,111.80648114345712,residential,,False
2167149303,330420309,37.672487662467994,residential,,False
2167149303,330420320,44.84501153437087,residential,,False
2167149303,2167149327,87.91156708403446,residential,,False
2167149306,330420245,40.14407112474392,residential,,False
2167149306,300194151,48.704901181006534,residential,,False
2167149306,2167149309,102.45323455619155,residential,,False
2167149309,300159433,40.25373152087371,residential,12th Cross Street,False
2167149309,330420320,47.822452521487044,residential,12th Cross Street,False
2167149309,2167149306,102.45323455619155,residential,,False
2167149315,300159443,42.22557210505747,residential,,False
2167149315,330420309,46.567111978255305,residential,,False
2167149315,2167149324,90.13661671101163,residential,,False
2167149324,338223214,46.94219182738998,residential,,False
2167149324,300159299,39.66834451684753,residential,,False
2167149324,2167149315,90.13661671101163,residential,,False
2167149327,300159443,42.0478663494375,residential,,False
2167149327,300159433,43.955216903038014,residential,,False
2167149327,2167149303,87.91156708403446,residential,,False
2168356844,11632563861,17.016056798467236,secondary,Five Furlong Road,False
2168356844,2157590814,14.653025050559616,secondary,Five Furlong Road,True
2168576074,11054524287,42.5441270738453,residential,4th Main Road,False
2168576074,8042009288,20.26315982180326,residential,VGP Selva Nagar Extn 1st Main Road,False
2168576074,1457503217,95.58373245321862,residential,VGP Selva Nagar Extn 1st Main Road,False
2168576076,2168576084,87.07385467734606,residential,Anna Nagar 2nd cross,False
2168576077,1765261172,27.899589801146963,residential,Veenus Colony 3th Street,False
2168576077,11054537025,20.76385659488894,residential,Veenus Colony 3th Street,False
2168576077,2168576080,116.72339504470631,residential,,False
2168576080,2168576077,116.72339504470631,residential,,False
2168576080,14141791482,26.559251840372482,residential,Balakrishna Nagar 1st Main Road,False
2168576080,1765261170,28.042023839823266,residential,Balakrishna Nagar 1st Main Road,False
2168576084,300464568,30.242447601901738,residential,Anna Nagar 1st Street,False
2168576084,4252220058,13.123378778665462,residential,Anna Nagar 1st Street,False
2168576084,2168576076,87.07385467734606,residential,Anna Nagar 2nd cross,False
2168576086,300313916,39.30789371319398,residential,Sarathy Nagar 5th street,False
2168576086,300464562,181.23866775455065,residential,,False
2168576086,300464560,53.312957508505505,residential,Sarathy Nagar 5th street,False
2168576088,300313917,43.21135752633909,residential,Tansi Nagar 19th Street,False
2168576088,300464570,96.31314733924296,residential,1st Street,False
2168576088,300464897,68.84552677410875,residential,Tansi Nagar 19th Street,False
2168576090,2168576100,71.16332266858703,residential,,False
2168576094,4294274199,5.448701998601712,residential,Kamachi Amman street,False
2168576097,300464753,23.584902143744287,residential,Sastri Road,False
2168576097,300464670,16.266350755057573,residential,Sastri Road,False
2168576097,4294274199,72.7530585648362,residential,Kamachi Amman street,False
2168576100,2168576102,79.50202183618754,residential,Avvai Street,False
2168576100,300464596,65.79394322967781,residential,Vallalar Street Tansi Nagar 12 th street,False
2168576100,2168576090,71.16332266858703,residential,,False
2168576102,2168576100,79.50202183618754,residential,Avvai Street,False
2168576106,2168576107,84.32287804444937,residential,Tansi Nagar 8th Street,False
2168576107,2168576106,84.32287804444937,residential,Tansi Nagar 8th Street,False
2168576107,300464861,54.888548887648284,residential,Tansi Nagar 16th Street,False
2168576107,300464915,10.906140738082582,residential,Tansi Nagar 16th Street,False
2168576110,325210179,45.8346340033737,residential,Dhandeeswaram Nagar 9th Main Road;Tansi Nagar 3rd street,False
2168576110,4278284253,41.31918251453428,residential,Tansi Nagar 4th Street,False
2168576110,4265546765,61.28317436642456,residential,Tansi Nagar 3rd street,False
2168576111,6588259894,26.807235597412575,residential,Service Road,False
2168576111,4278284253,66.63652879158816,residential,Tansi Nagar 4th Street,False
2168576111,4278284251,75.40302861748613,residential,Service Road,False
2168582368,4392279388,17.523123643940963,residential,,False
2168582368,10248730634,167.2823530874326,residential,Beach Road,True
2168591057,300311922,78.00084032542685,residential,Seethapathy Nagar 3rd Cross Street,False
2168591059,300463862,105.99334087871478,residential,Dhandeeshwaram Nagar 5th Main Road,False
2168591059,300463861,66.5711731960155,residential,Dhandeeshwaram Nagar 5th Main Road,False
2168591059,4278233223,164.11324966355747,residential,Dhandeeshwaram Nagar 5th Main Road Avenue,False
2168591060,300312481,94.0574294051637,residential,Jayanthi street,False
2168591066,11431797653,41.55905103929718,"['residential', 'living_street']",Ambika Cross Street,False
2168591067,300195626,43.065536766104195,secondary,Velachery Main Road,False
2168591067,325207106,131.34585293533183,secondary,Velachery Main Road,False
2168591067,4278233223,77.20594313239417,residential,Dhandeeswaram Nagar 1st Cross Road,False
2168591068,330653128,13.009886524519708,residential,Thiruvalluvar Street,False
2168591068,11763071668,38.02285574379388,living_street,,False
2168591068,2407565893,77.25442802580713,residential,Thiruvalluvar Street,False
2168628382,2168628388,27.861297103091673,tertiary,Tiruvalluvar Nagar 2nd Avenue,False
2168628382,279610140,8.127777559239988,tertiary,Tiruvalluvar Nagar 2nd Avenue,False
2168628382,11066273320,77.21110575745814,residential,,False
2168628388,313138576,36.557780410100015,tertiary,Tiruvalluvar Nagar 2nd Avenue,False
2168628388,2168628382,27.861297103091673,tertiary,Tiruvalluvar Nagar 2nd Avenue,False
2168628388,2168628393,104.15614181096215,residential,,False
2168628390,11066273320,27.48361112197291,residential,,False
2168628390,313138619,12.986315256102555,residential,,False
2168628390,2168628393,30.468869775967182,residential,,False
2168628393,2168628388,104.15614181096215,residential,,False
2168628393,2168628390,30.468869775967182,residential,,False
2168628393,313138621,33.99470835723812,residential,,False
2168628433,2168628442,79.73803576257106,residential,,False
2168628435,333737981,37.267783953669934,residential,Balakrishnan Road,False
2168628435,9179560443,120.15170725765014,residential,,False
2168628435,333734689,71.25925994712934,residential,Balakrishnan Road,False
2168628442,2168628444,99.57348824294122,residential,4th Seaward Road,False
2168628442,333734689,31.145317716601042,residential,4th Seaward Road,False
2168628442,2168628433,79.73803576257106,residential,,False
2168628444,279610136,87.89691704233901,residential,4th Seaward Road,False
2168628444,2168628442,99.57348824294122,residential,4th Seaward Road,False
2168628444,9179560436,79.79553985916532,residential,,False
2168628456,2168628462,65.60619185151089,residential,69th cross Street,False
2168628456,9179560469,57.03727968330797,residential,3rd Seaward Road,False
2168628456,301299607,242.48498834141824,residential,,False
2168628462,2168628456,65.60619185151089,residential,69th cross Street,False
2168628462,334176833,23.32556805681462,residential,69th cross Street,False
2168628462,9179560466,36.60474020463448,residential,,False
2168628473,4415687771,84.29500137983052,residential,,False
2168628473,301299607,60.43035540244933,residential,,False
2168628473,334640499,85.788962135459,residential,,False
2168628476,2168628478,72.24780659531626,residential,1st Seaward Road,False
2168628476,334176833,77.53462574029842,residential,1st Seaward Road,False
2168628476,4415687771,56.12962820746461,residential,,False
2168628478,2168628476,72.24780659531626,residential,1st Seaward Road,False
2168628478,12419970575,66.47714426214804,residential,1st Seaward Road,False
2168628478,5183088716,110.77878753051752,residential,1st Seaward Link Road,False
2168628479,333732546,36.28226588942221,residential,4th Street,False
2168628479,4415687771,68.13944738731774,residential,,False
2168628479,334640499,48.86970541466037,residential,4th Street,False
2168628480,301299618,29.970506435452936,residential,Thiruvanmiyur Kuppam Beach Road,False
2168628480,333732540,23.05541304042682,residential,Thiruvanmiyur Kuppam Beach Road,False
2168628480,11757720090,169.0977215265311,residential,,False
2168628526,2168628529,46.146451497455665,residential,,False
2168628526,10285691859,174.12053703962206,residential,,False
2168628526,10248730637,218.50461992739537,residential,,False
2168628529,2168628526,46.146451497455665,residential,,False
2168628529,319496128,136.99866329015606,residential,,False
2168628529,11061439562,55.39572099305008,living_street,,False
2168628919,301299966,18.837075130564166,residential,,False
2168628919,301299964,37.44453913485008,residential,,False
2168628919,2168628946,119.83810288997716,residential,,False
2168628932,7025018515,11.994991133058576,residential,,False
2168628932,11043356679,8.760369768420096,residential,,False
2168628932,2168628935,44.83786299147293,living_street,,False
2168628935,11786578558,22.49449222015558,residential,,False
2168628935,11043320024,21.803300183100678,residential,,False
2168628935,2168628932,44.83786299147293,living_street,,False
2168628943,5460773146,271.6730302039734,residential,Vinayagar Koil Street,False
2168628943,2168668790,120.13351735359626,residential,Vinayagar Koil Street,False
2168628943,6307362548,49.23699449291344,residential,,False
2168628943,2168628952,87.30716382265948,residential,,False
2168628943,12287859034,13.932934853486042,residential,,False
2168628946,6307362548,28.07608387231632,secondary,Velachery Road,True
2168628946,2168628919,119.83810288997718,residential,,False
2168628952,11786578558,6.340759259407449,residential,,False
2168628952,11618028460,70.47930652168743,residential,,False
2168628952,2168628943,87.30716382265948,residential,,False
2168668788,334547726,87.70839346020698,residential,Pilliyar Koil Street,False
2168668788,9179599531,60.34069953898626,residential,,False
2168668788,334190110,105.73208882191055,residential,,False
2168668790,30037866,171.35812161859192,secondary,Velachery Road,True
2168668790,2168628943,120.13351735359626,residential,Vinayagar Koil Street,False
2168668803,319493832,22.576827786033267,residential,Sriram Nagar Main Road,False
2168668803,319493768,30.415603917708083,residential,Sriram Nagar Main Road,False
2168668803,334267067,278.06758538679725,residential,1st Avenue,False
2168668834,269767197,95.08247018722513,residential,,False
2168668834,2168668837,41.03191108300986,residential,,False
2168668834,2168668837,282.1297858370405,residential,,False
2168668837,2168668842,64.9452402454048,residential,,False
2168668837,2168668834,41.03191108300986,residential,,False
2168668837,2168668834,282.12978583704046,residential,,False
2168668838,269767197,7.03021349181233,residential,LDG Road,False
2168668838,269767207,91.58074943576048,residential,LDG Road,False
2168668838,2168668850,90.60704455930431,residential,,False
2168668839,2168668848,65.65229417221126,residential,,False
2168668842,2168668837,64.9452402454048,residential,,False
2168668843,269767212,23.805465211240033,residential,,False
2168668843,2168668849,28.522729611632514,residential,,False
2168668843,2168668848,21.541039782319064,residential,,False
2168668848,2168668839,65.65229417221126,residential,,False
2168668848,2241068063,88.79110685701617,residential,,False
2168668848,2168668843,21.541039782319064,residential,,False
2168668849,2168668843,28.522729611632514,residential,,False
2168668850,2168668851,38.24080373540685,residential,Arokya Matha Nagar 1st Street,False
2168668850,9189073691,58.645722040782296,residential,Arokya Matha Nagar 1st Street,False
2168668850,2168668838,90.60704455930431,residential,,False
2168668851,2168668850,38.24080373540685,residential,Arokya Matha Nagar 1st Street,False
2168668851,269767207,99.79451612431173,residential,,False
2168668851,2168668854,79.78680131896343,residential,Arokya Matha Nagar 1st Street,False
2168668854,2168668857,195.74603264544717,residential,Arokya Matha Nagar 2nd Street,False
2168668854,2241068036,56.39213625242573,residential,Arokya Matha Nagar 2nd Street,False
2168668854,2168668851,79.78680131896341,residential,Arokya Matha Nagar 1st Street,False
2168668857,2168668854,195.74603264544717,residential,Arokya Matha Nagar 2nd Street,False
2168668860,269767393,21.490331080913517,residential,,False
2168668860,269767394,2.999837882592507,residential,4th Street,False
2168668860,2168668861,85.25644541709663,residential,4th Street,False
2168668861,2168668860,85.25644541709663,residential,4th Street,False
2168668861,269767389,40.75721319930835,residential,4th Street,False
2168668861,4415623860,19.991830792869077,residential,,False
2168668870,269767388,40.50811105268544,residential,,False
2168668870,4415623860,23.738042110940924,residential,,False
2168668870,256035578,85.11156199732856,residential,,False
2168668876,269767410,95.47045130153819,residential,,False
2168668876,2168668880,91.16282799053013,residential,,False
2168668876,256035577,188.12083001966278,residential,,False
2168668880,269767409,96.65540876844966,residential,Jothiammal Nagar,False
2168668880,256035577,72.92742866429614,residential,Jothiammal Nagar,False
2168668880,2168668876,91.16282799053013,residential,,False
2168668880,2168668882,130.39962271842018,residential,,False
2168668882,2168668880,130.39962271842018,residential,,False
2168668912,256035547,29.00186857626843,residential,,False
2168668912,256035548,26.451514813940477,residential,,False
2168668912,2168668916,21.75462520527807,residential,Soodiammanpet Street,False
2168668916,2168668912,21.754625205278074,residential,Soodiammanpet Street,False
2168668916,2168668922,160.94412217209185,residential,Soodiammanpet Street,False
2168668916,2237675805,63.94422681342918,residential,,False
2168668920,269768027,321.5337478280983,residential,,False
2168668920,12704454322,134.25120499241478,primary,Anna Salai (Mount Road),True
2168668922,256035543,47.91643805933756,residential,Soodiammanpet Street,False
2168668922,2168668916,160.94412217209188,residential,Soodiammanpet Street,False
2168668922,2168668934,91.48641217251625,residential,,False
2168668925,2168668937,47.98503892673253,residential,,False
2168668927,280089108,42.694088206850125,residential,,False
2168668934,280089107,38.61504229167735,residential,2nd Border Street,False
2168668934,2237675840,202.67380672985976,residential,,False
2168668934,2168668922,91.48641217251624,residential,,False
2168668937,2237675807,34.8295469471665,residential,,False
2168668937,280089108,33.486322733799184,residential,,False
2168668937,2168668925,47.98503892673253,residential,,False
2168668966,7035475572,8.080917786354766,residential,,False
2168668966,7035475567,103.70165110220726,secondary,70 Feet Road,True
2168737133,333744537,20.838534104344088,residential,Journalist Colony,False
2168737133,301299740,94.41519403329374,residential,Journalist Colony,False
2168960104,11626010096,34.61703219273025,residential,,False
2168960106,300159529,12.415459728062796,residential,,False
2168960106,300159070,35.62235809654058,residential,,False
2168960106,2168960109,116.30990142371382,residential,,False
2168960109,12067413872,38.67648527133911,residential,,False
2168960109,2168960106,116.30990142371382,residential,,False
2168960112,300159867,25.43033642111503,tertiary,Nethaji Road,False
2168960112,2168960115,68.8855409849084,residential,,False
2168960112,11190008351,30.62975412025454,tertiary,Nethaji Road,False
2168960115,2168960112,68.8855409849084,residential,,False
2168960115,11054248074,30.090680928989855,residential,,False
2168960115,11190008352,27.89191211223803,residential,,False
2168960194,2168960219,124.18797578343055,residential,Angalamman Koil 2nd Street,False
2168960194,11058075115,43.028135028977914,tertiary,Cart Track Road,False
2168960194,366081906,218.9674447175471,tertiary,Cart Track Road,False
2168960212,299880374,56.38428530722428,tertiary,Nethaji Road,False
2168960212,7825577543,33.89375149435463,tertiary,Nethaji Road,False
2168960212,299880590,243.60727081155312,"['residential', 'living_street']",,False
2168960219,2168960194,124.18797578343055,residential,Angalamman Koil 2nd Street,False
2168960226,2168960231,174.3424394029551,residential,Parthasarathi Nagar 1st Street,False
2168960231,7825577543,77.20185031698432,tertiary,"['Nethaji Road', 'Pillayar koil street']",False
2168960231,11801377581,24.980991478285816,tertiary,Pillayar koil street,False
2168960231,2168960226,174.3424394029551,residential,Parthasarathi Nagar 1st Street,False
2168960235,11801377581,71.29283492592894,residential,,False
2168960236,339281255,94.77711578820117,residential,Chandran Street,False
2168960237,11770605202,69.1586137792723,residential,,False
2168960237,2168960241,158.07451481778202,residential,,False
2168960237,11058020272,148.82160982325058,residential,,False
2168960241,2168960237,158.07451481778202,residential,,False
2168960241,11499940376,26.436064892732276,residential,,False
2168960241,11058020272,88.84115252725758,residential,,False
2168960244,11499940376,62.368014394383344,residential,,False
2168960244,7826460030,26.307668369891992,tertiary,Pillayar koil street,False
2168960244,299880309,195.30792406984136,tertiary,Pillayar koil street,False
2168960247,2168960251,139.3122796206202,residential,2nd Street,False
2168960247,11770605202,19.424169788011547,residential,,False
2168960247,2168960252,37.039827694206835,residential,2nd Street,False
2168960251,2168960247,139.3122796206202,residential,2nd Street,False
2168960252,2168960247,37.039827694206835,residential,2nd Street,False
2168960252,247714672,540.7527616030984,secondary,Five Furlong Road,False
2168960252,247714667,215.09185958578226,secondary,Five Furlong Road,False
2172864851,364631694,38.11280653927341,residential,,False
2172864851,9189148383,4.890880368632812,residential,,False
2172864851,6307292987,83.18314421946707,residential,,False
2172864854,364637075,22.871847137341838,residential,,False
2172864854,364628501,162.80008995074846,residential,,False
2172864854,364637097,77.43249240879058,residential,,False
2172864868,11190315103,28.732540617887256,residential,,False
2172864868,2172864869,58.49787845979849,residential,,False
2172864868,2172864871,76.94585291001523,residential,,False
2172864869,364637097,37.8708278155158,residential,,False
2172864869,2172864868,58.49787845979849,residential,,False
2172864869,364637098,106.47439030759327,residential,,False
2172864871,9189157726,32.23209579768455,residential,,False
2172864871,2172864874,64.73015576983903,residential,,False
2172864871,2172864868,76.94585291001523,residential,,False
2172864874,364631671,28.195755927236394,tertiary,Poonamalle Road,False
2172864874,364631668,22.653647541720865,tertiary,Poonamalle Road,False
2172864874,2172864871,64.73015576983903,residential,,False
2172864875,11436607441,40.438664223016104,residential,2nd Street,False
2172864895,364218016,119.7933459199776,residential,Visalakshi Nagar Street,False
2172864895,364622716,155.29986569710132,residential,Visalakshi Nagar Street,False
2172864895,11436643484,47.71823698882618,residential,,False
2172869870,257430115,58.16481942804143,residential,Ellaiamman Koil Street,False
2172869870,11402604957,141.8151114014062,residential,4th Cross Street,False
2172869870,11050737789,33.78332515035534,residential,Ellaiamman Koil Street,False
2172869874,310580380,95.86103189571682,residential,Jeevarathinam Nagar 2nd Street,False
2172869874,310580366,35.08904527772663,residential,Jeevarathinam Nagar 2nd Street,False
2172869874,310580355,246.54492714189956,residential,,False
2172995830,312025305,86.01152113929874,residential,Indira Nagar 1st Main Road,False
2172995830,312025158,100.94920538038086,residential,Indira Nagar 1st Main Road,False
2172995830,2172995831,37.720407919863504,residential,3rd Cross Street,False
2172995831,312025310,38.52547645662105,residential,3rd Cross Street,False
2172995831,312025307,82.21903073359286,residential,,False
2172995831,2172995830,37.720407919863504,residential,3rd Cross Street,False
2172995833,312025310,44.12426861796107,residential,3rd Cross Street,False
2172995833,312025161,80.79360637389978,residential,Indira Nagar 2nd Main Road,False
2172995833,291192621,87.68960481711711,residential,Indira Nagar 2nd Main Road,False
2172995834,310102929,74.96095370418347,residential,Pallipattu Main Road,False
2172995834,310102919,96.00376384507061,residential,Pallipattu Main Road,False
2172995834,12833451245,74.8298298810046,residential,,False
2172995850,310102929,142.9885044621999,residential,Mayor Ramanathan Road,False
2172995851,2172995858,44.323602982627236,residential,,False
2172995854,2172995858,55.72300534461537,residential,,False
2172995858,2172995851,44.323602982627236,residential,,False
2172995858,11367933030,90.88911308086146,residential,,False
2172995858,2172995854,55.72300534461537,residential,,False
2172995861,11367933030,25.001585203308583,residential,Pallipattu Main Road,False
2172995861,4843289228,123.18931614969875,residential,Yogi Gardens,False
2172995861,11052083607,8.575192021608926,residential,Pallipattu Main Road,False
2172995863,2172995868,99.61770180212442,living_street,,False
2172995868,11052085400,45.5555207663504,residential,Sriram Nagar Main Road,False
2172995868,310102966,79.63774607887025,residential,Sriram Nagar Main Road,False
2172995868,2172995863,99.61770180212442,living_street,,False
2173002867,2173002868,96.48866990811509,residential,,False
2173002868,3900810109,22.293714543432824,residential,TM Maistry Street,False
2173002868,313786542,80.56655566742242,residential,TM Maistry Street,False
2173002868,2173002867,96.48866990811509,residential,,False
2173017133,2173017135,18.173464028966645,living_street,,False
2173017135,11052085400,35.111103603275446,residential,Sriram Nagar Main Road,False
2173017135,268789815,96.57128042694356,residential,Sriram Nagar Main Road,False
2173017135,2173017133,18.173464028966645,living_street,,False
2173017231,269219568,87.12826608629855,residential,Lake View Road,False
2173017231,269219575,7.5185199508466205,residential,Lake View Road,False
2173017231,2173017243,48.336566671462755,residential,,False
2173017243,2173017243,192.09404251280145,residential,,False
2173017243,2173017243,192.09404251280145,residential,,False
2173017243,2173017231,48.33656667146275,residential,,False
2173017275,269219215,69.1695194323025,residential,,False
2173017275,11328968586,12.612331064639037,residential,,False
2173017275,269219259,40.16750128740914,residential,,False
2188756766,310504165,95.77141308227951,tertiary,Thandavarayan Street,True
2188756766,2215260371,185.4457611943086,residential,Satyadev Avenue,False
2188756773,310504165,7.467630548990524,residential,,False
2188756773,2188756766,88.62328833309577,tertiary,Thandavarayan Street,True
2188756778,264040315,7.0561200683885685,residential,South Beach Avenue,False
2188756778,2188756773,101.48493566715369,tertiary,Thandavarayan Street,True
2188756778,264040677,77.86053476080505,residential,South Beach Avenue,False
2188756862,264040678,97.86599289575845,residential,South Beach Avenue,False
2188756862,264040682,51.543384607509275,tertiary,Janaki Avenue,False
2188756862,9853373945,169.07213010656164,tertiary,Janaki Avenue,False
2188756965,310504062,124.26405078055208,primary,Santhome High Road,True
2188756965,264040319,8.165490426478252,tertiary,Janaki Avenue,False
2197525463,9575558232,9.12204399550337,primary,,False
2197525463,12725165090,130.92068908482082,primary,Inner Ring Road (Southern Sector),True
2197525484,6451660876,35.308787002560464,primary,Major Mukund Varadharajan Salai,True
2197525484,8697656184,10.88665383112489,primary,,False
2198054394,12012274237,12.824134443745464,primary,Gandhi Mandapam Flyover,True
2198054394,268789823,505.4678207510897,primary,Gandhi Mandapam Flyover,False
2198054401,30268464,116.36419769472974,primary_link,,True
2198054401,2241060226,303.981111765992,primary,Sardar Patel Road,True
2212827519,268789820,16.383382119198863,secondary,Gandhi Mandapam Road,True
2212827519,671200715,34.02515781463227,primary,Sardar Patel Road,True
2212827520,2212827519,12.265474478562004,primary,Sardar Patel Road,True
2212827520,13461863764,845.6270060226656,secondary,Gandhi Mandapam Road,True
2212827527,13461863764,11.105178347481928,residential,,False
2212827527,2212827519,847.4048126213515,secondary,Gandhi Mandapam Road,True
2212827552,2212827527,382.5248591541172,secondary,Gandhi Mandapam Road,True
2212827552,269219483,183.52464886749107,living_street,Upparapalayam Street,False
2212827553,2212827552,24.07290817822456,secondary,Gandhi Mandapam Road,True
2212827553,269219478,88.63880851698066,tertiary,Ponniamman Koil Road,False
2212827553,246824741,10.022541707674808,tertiary,Ponniamman Koil Road,False
2212827559,6496905521,99.30013525827809,secondary,Gandhi Mandapam Road,True
2212827559,269219300,9.61013463932307,residential,Link Street,False
2212827559,269219299,106.89425466695707,residential,Link Street,False
2212827560,2212827559,72.878911976459,secondary,Gandhi Mandapam Road,True
2212827560,269219288,9.259792602495423,residential,Kotturpuram 1st Main Road,False
2212827560,269219381,365.3181894981192,residential,Kotturpuram 1st Main Road,False
2212827590,2212827560,360.1444913968639,secondary,Gandhi Mandapam Road,True
2212827590,11648725762,618.4652040381677,residential,"['River View Road', '4th Main Road Ext']",False
2215260201,2215260219,52.68906985582297,residential,South Kesawapuram Street,False
2215260219,11777104033,109.60772876279935,residential,South Kesawapuram Street,False
2215260219,2215260201,52.68906985582297,residential,South Kesawapuram Street,False
2215260219,2215260256,42.59279102665994,residential,,False
2215260256,2215260274,34.32837571484976,living_street,,False
2215260256,2215260270,295.7689300205818,residential,,False
2215260256,2215260270,25.6474140842472,residential,,False
2215260256,2215260219,42.59279102665994,residential,,False
2215260270,2215260256,295.7689300205818,residential,,False
2215260270,2215260256,25.6474140842472,residential,,False
2215260270,2215260334,231.49889998105297,residential,,False
2215260274,2215260256,34.32837571484976,living_street,,False
2215260321,2215260334,101.88256443890826,residential,,False
2215260322,2215260333,64.2848666204731,residential,,False
2215260322,2215260330,15.14590464422123,residential,South Kesawapuram Street,False
2215260322,11777104033,138.03407039567213,residential,South Kesawapuram Street,False
2215260330,2215260350,60.43129818511233,residential,,False
2215260330,2215260322,15.14590464422123,residential,South Kesawapuram Street,False
2215260330,2215260344,26.41007859699548,residential,South Kesawapuram Street,False
2215260332,2215260351,95.13970273090219,residential,,False
2215260333,2215260322,64.2848666204731,residential,,False
2215260333,2215260350,24.003763079235547,residential,,False
2215260333,2215260349,43.976957035697275,residential,,False
2215260334,2215260321,101.88256443890826,residential,,False
2215260334,2215260351,22.710923618242738,residential,,False
2215260334,2215260270,231.49889998105297,residential,,False
2215260344,2215260330,26.41007859699548,residential,South Kesawapuram Street,False
2215260344,2215260354,16.537216638394284,residential,South Kesawapuram Street,False
2215260344,2215260362,48.22537808371848,residential,,False
2215260348,2215260361,105.92466093329757,residential,,False
2215260349,2215260358,26.836686083509964,residential,,False
2215260349,2215260333,43.976957035697275,residential,,False
2215260349,12049050872,30.646489466338526,residential,,False
2215260350,2215260358,44.577420101949215,residential,,False
2215260350,2215260330,60.43129818511233,residential,,False
2215260350,2215260333,24.003763079235547,residential,,False
2215260350,10579711464,20.25374364711775,residential,,False
2215260351,2215260354,16.709465776388395,residential,,False
2215260351,2215260332,95.13970273090219,residential,,False
2215260351,2215260334,22.710923618242738,residential,,False
2215260354,2215260351,16.709465776388395,residential,,False
2215260354,2215260344,16.537216638394284,residential,South Kesawapuram Street,False
2215260354,2215260361,19.222776674903432,residential,South Kesawapuram Street,False
2215260358,2215260350,44.577420101949215,residential,,False
2215260358,10579711463,23.792581815772095,residential,,False
2215260358,2215260349,26.836686083509964,residential,,False
2215260359,2215260370,92.2732836420348,residential,Annai Sathya Nagar 1st Street,False
2215260361,2215260348,105.92466093329757,residential,,False
2215260361,2215260354,19.222776674903432,residential,South Kesawapuram Street,False
2215260361,2215260370,23.23925350889059,residential,South Kesawapuram Street,False
2215260362,10579711464,17.757993813865028,residential,,False
2215260362,2215260365,22.90674650861342,residential,,False
2215260362,2215260344,48.22537808371848,residential,,False
2215260362,10579711463,80.28326243538717,residential,,False
2215260365,2215260362,22.90674650861342,residential,,False
2215260370,2215260359,92.2732836420348,residential,Annai Sathya Nagar 1st Street,False
2215260370,2215260361,23.23925350889059,residential,South Kesawapuram Street,False
2215260370,2407564056,143.80389726448558,residential,South Kesawapuram Street,False
2215260371,11548856366,195.2565600549973,residential,,False
2215260371,9853373945,45.218089864689304,"['residential', 'tertiary']","['Janaki Avenue', 'Satyadev Avenue']",False
2215260371,2188756766,185.4457611943086,residential,Satyadev Avenue,False
2215260391,264031891,37.88830692361117,primary,Durgabai Deshmukh Road,True
2215260391,264031905,42.63168570872246,living_street,,False
2215260399,264031876,41.861455915534975,living_street,,False
2215260399,264031907,56.19358674641111,living_street,,False
2215260399,11045711130,86.91568582487831,living_street,,False
2215260399,264031896,152.66576854200494,living_street,,False
2215260438,2270302210,48.12535075035605,tertiary,Kamarajar Salai,False
2215260438,264031593,149.62430942378535,residential,,False
2216189371,11777067315,58.05385471273475,residential,Todhunter Nagar 2nd Cross Road,False
2216189371,269767408,26.12518203642644,residential,Todhunter Nagar 2nd Cross Road,False
2216189371,1411621698,350.3733610488731,residential,"['Jothiammal Nagar', 'Todhunter Nagar 2nd Cross Road']",False
2216189440,9189073711,86.15909941101327,primary,Anna Salai (Mount Road),True
2216290034,9181606854,27.832724174332387,living_street,Narayana Chetty Street,False
2218345758,11773347999,61.72750702576335,residential,,False
2218345768,11773362695,61.426109022229035,residential,West Canal Bank Road,False
2218345768,11773362715,82.55989259529264,residential,West Canal Bank Road,False
2218345768,11773347999,63.225573270918666,residential,,False
2218345771,334701818,64.76477029179814,living_street,,False
2218345771,11773347999,7.5523158116754185,residential,,False
2218345771,2218345819,273.319345267864,residential,,False
2218345781,11773362725,24.031687918235267,residential,,False
2218345800,269219781,57.59050836013567,residential,Teachers Colony,False
2218345819,269219500,187.73650076299649,tertiary,"['East Kottur Canal Bank Road', 'Canal Bank Road']",False
2218345819,249497874,49.07649559157834,tertiary,East Kottur Canal Bank Road,False
2218345819,2218345771,273.319345267864,residential,,False
2218345822,269219678,146.44783202268871,residential,,False
2218345836,11625951332,18.991756646635018,living_street,,False
2218345850,6586209794,104.79800920837148,residential,Surya Nagar Street,False
2218345855,2218345867,35.68002145832522,residential,,False
2218345862,269219500,48.36818027500949,residential,South Lock Street,False
2218345862,2218345890,87.94995321190828,residential,South Lock Street,False
2218345862,2218345876,100.35955134138604,residential,,False
2218345867,269219573,72.78849017302386,residential,Tulukanathamman Street,False
2218345867,269219678,45.09447596331511,residential,Tulukanathamman Street,False
2218345867,2218345855,35.68002145832522,residential,,False
2218345874,269219499,178.69697442762813,tertiary,Ellaiamman Koil Street,False
2218345874,12048840907,17.522826145799684,tertiary,Ellaiamman Koil Street,True
2218345876,2218345862,100.35955134138604,residential,,False
2218345890,2218345862,87.94995321190828,residential,South Lock Street,False
2218345890,7047991372,99.80769587726877,residential,South Lock Street,False
2218345890,7047991372,41.53051292567385,residential,,False
2218345989,2218346026,71.77740952853028,residential,,False
2218346016,269219505,8.960917062460123,residential,Yadaval Street,False
2218346016,269219451,69.53881882434352,residential,Yadaval Street,False
2218346016,269219442,34.233979802055124,residential,,False
2218346022,2218346030,54.29648526222316,residential,,False
2218346026,269219451,14.010556494344355,residential,Naidu Street,False
2218346026,269219478,94.03559510224116,residential,Naidu Street,False
2218346026,2218345989,71.77740952853028,residential,,False
2218346030,2218346022,54.29648526222316,residential,,False
2218346030,269219550,120.13752540922061,residential,,False
2218346030,11777104048,37.73245969363845,residential,,False
2218346036,269219420,42.808130525666805,residential,Naidu Street,False
2218346036,2218346037,29.581701818139614,residential,Naidu Street,False
2218346036,2218346064,134.51958140125947,living_street,,False
2218346037,2218346036,29.581701818139614,residential,Naidu Street,False
2218346037,269219417,7.858248773253873,residential,Naidu Street,False
2218346037,410709397,132.46492327492933,residential,,False
2218346060,269219295,49.27647567281685,residential,3rd Loop Street,False
2218346060,11061280581,49.814152947706376,residential,3rd Loop Street,False
2218346060,11061244968,65.10461490446338,residential,,False
2218346064,2218346036,134.51958140125947,living_street,,False
2218346065,269219420,145.364027128616,residential,,False
2218346081,269219246,156.52364141392798,residential,Arunachalam Road,False
2218346081,2218346084,64.49300413610479,residential,,False
2218346081,269219247,143.78366784573507,residential,Arunachalam Road,False
2218346084,2218346081,64.49300413610479,residential,,False
2230781326,299883876,44.859769434546465,residential,,False
2230781326,11768230863,67.6299162405496,residential,,False
2230781326,7817675804,48.40761736855541,residential,,False
2230781347,2230781355,78.9865929866309,residential,,False
2230781350,1764122477,155.2379426373357,residential,6th Main Road,False
2230781355,300185261,38.78071982345065,residential,,False
2230781355,2230781347,78.9865929866309,residential,,False
2230781355,11430490206,108.92989860214131,residential,,False
2230781367,2230781369,82.51496131490822,residential,,False
2230781369,300186084,43.23612712664258,residential,,False
2230781369,2230781367,82.51496131490822,residential,,False
2230781369,2167027610,66.1437270412712,residential,,False
2230781372,300464332,116.73268891668715,residential,,False
2230781378,2167027609,19.959751905591546,residential,,False
2230781378,2167027612,45.75374226890777,residential,,False
2230781378,11626101438,22.568803538989336,residential,,False
2230781452,299879549,139.53031107381133,residential,Bhavathi Amman Koil Street,False
2230785698,300313503,18.079952552012404,residential,Bajannai Street,False
2230785698,4265677247,62.02362140475007,residential,Bajannai Street,False
2230785698,300464446,91.64498985458914,residential,Telungu Brahmin Street,False
2237592459,11052199789,63.65756814727443,primary,Anna Salai (Mount Road),True
2237592459,7652452428,121.63172329616091,residential,Jothiammal Nagar,False
2237592486,2237592494,69.78431557386718,secondary,1st Main Road,True
2237592486,11491395653,69.44682651625432,residential,North Road,False
2237592494,11491395656,124.60126993019918,residential,,False
2237675523,2237675526,41.48911249873781,living_street,,False
2237675523,9885084116,97.9747778050609,"['residential', 'living_street']",,False
2237675523,2237675563,93.87372262868826,living_street,,False
2237675526,2237675523,41.48911249873781,living_street,,False
2237675526,301300027,36.62660034502982,living_street,,False
2237675526,2237675537,23.949208019918487,living_street,,False
2237675537,2237675544,36.81257023255193,living_street,,False
2237675537,2237675526,23.949208019918487,living_street,,False
2237675537,2237675550,17.747834180878595,living_street,,False
2237675542,2237675551,37.772266825342655,living_street,,False
2237675544,2237675537,36.81257023255193,living_street,,False
2237675544,2237675555,17.36095084927568,living_street,,False
2237675544,301300027,23.444795991501376,living_street,,False
2237675550,2237675555,36.746337194319125,living_street,,False
2237675550,2237675537,17.747834180878595,living_street,,False
2237675550,2237675551,5.408587942801457,living_street,,False
2237675551,2237675542,37.772266825342655,living_street,,False
2237675551,2237675550,5.408587942801457,living_street,,False
2237675551,2237675562,48.337381853440235,living_street,,False
2237675555,2237675550,36.746337194319125,living_street,,False
2237675555,2237675562,19.06898591711817,living_street,,False
2237675555,2237675544,17.36095084927568,living_street,,False
2237675562,2237675555,19.06898591711817,living_street,,False
2237675562,2237675551,48.337381853440235,living_street,,False
2237675562,2237675577,116.69912706593944,living_street,,False
2237675563,2237675523,93.87372262868826,living_street,,False
2237675577,2237675562,116.69912706593944,living_street,,False
2237675805,256035554,32.787665411730636,residential,,False
2237675805,11801232124,42.50049463436305,residential,,False
2237675805,2168668916,63.94422681342918,residential,,False
2237675807,2168668937,34.8295469471665,residential,,False
2237675809,2237675819,58.38120033344377,living_street,,False
2237675811,2237675815,41.14550178106119,residential,,False
2237675813,2237675817,45.83178400090805,residential,,False
2237675815,2237675811,41.14550178106119,residential,,False
2237675815,11801178049,27.617260517321146,residential,Shastri Street,False
2237675815,2237675817,30.838884746693804,residential,Shastri Street,False
2237675817,2237675813,45.83178400090805,residential,,False
2237675817,2237675815,30.838884746693804,residential,Shastri Street,False
2237675817,2237675819,29.858877438318018,residential,Shastri Street,False
2237675819,2237675809,58.38120033344377,living_street,,False
2237675819,2237675817,29.858877438318018,residential,Shastri Street,False
2237675819,280089107,49.1478931808128,residential,Shastri Street,False
2237675821,2237675823,134.72504931260508,residential,,False
2237675821,304283883,32.30160390823479,residential,Shastri Street,False
2237675821,2239155975,2.6581468325591286,residential,Shastri Street,False
2237675823,280089107,32.675497280829696,residential,2nd Border Street,False
2237675823,304283815,31.55477191327315,residential,2nd Border Street,False
2237675823,2237675821,134.72504931260508,residential,,False
2237675825,2237675827,46.8220187861635,residential,,False
2237675827,2237675831,130.33110860656018,residential,,False
2237675827,2237675825,46.8220187861635,residential,,False
2237675827,2237675832,31.587177262597347,residential,Shastri Street,False
2237675827,304283883,28.292547562679083,residential,Shastri Street,False
2237675829,2237675832,42.700613077359364,living_street,,False
2237675831,304283815,29.090234853168734,residential,2nd Border Street,False
2237675831,2237675835,36.744183820496104,residential,2nd Border Street,False
2237675831,2237675827,130.33110860656018,residential,,False
2237675832,2237675829,42.700613077359364,living_street,,False
2237675832,250363446,12.395745205061804,residential,Shastri Street,False
2237675832,2237675827,31.587177262597347,residential,Shastri Street,False
2237675834,2237675838,44.825113780417766,living_street,,False
2237675835,2237675831,36.744183820496104,residential,2nd Border Street,False
2237675836,10738744587,7.6988455860775575,residential,,False
2237675836,7035475569,123.58853210453476,secondary,,True
2237675836,2237675844,45.837449793319976,residential,,False
2237675838,2237675834,44.825113780417766,living_street,,False
2237675838,250363446,28.20462369396558,secondary,70 Feet Road,True
2237675840,2168668934,202.67380672985976,residential,,False
2237675844,250363513,44.46925159412057,residential,2nd Street,False
2237675844,250363498,89.10244430998931,residential,,False
2237675844,2237675836,45.837449793319976,residential,,False
2239155973,2239155975,28.399190530639558,residential,,False
2239155975,2239155973,28.399190530639558,residential,,False
2239155975,2237675821,2.6581468325591286,residential,Shastri Street,False
2239155975,11801178049,30.65402629246226,residential,Shastri Street,False
2239155981,250363577,35.61251366243856,residential,,False
2239155983,304283883,29.01843819094796,residential,,False
2239237809,256029755,62.31567682540984,residential,Hospital Road,False
2239237809,256029763,89.88157372793388,residential,Hospital Road,False
2239237824,2239237829,105.71758843689072,residential,,False
2239237829,277501411,34.961795432655904,residential,,False
2239237829,11428577859,68.1585290696296,residential,,False
2239237829,2239237824,105.71758843689072,residential,,False
2239237834,1497332702,49.382822970397356,residential,VGP Road,False
2239237834,416016127,44.150683421054524,residential,VGP Road,False
2241055810,330413879,121.89303772649728,residential,,False
2241055860,330413886,67.41271786068076,residential,M.G.R Street,False
2241055860,13909222840,39.31950473542594,secondary,Racecourse Road,True
2241055918,13909222841,84.21910737820473,residential,,False
2241055918,11944753129,178.78196722900415,secondary,Racecourse Road,True
2241058223,256039832,457.2498540192895,residential,,False
2241058223,256039827,377.113108202905,primary,"['Guindy Bridge', 'Anna Salai (Mount Road)']",True
2241058261,6496066206,41.319237123151034,residential,,False
2241058261,364879668,82.46475039319597,residential,,False
2241058261,11033780592,217.61283363394608,residential,,False
2241058288,2241060224,158.3012281515044,residential,,False
2241058288,256029542,59.010253844662145,tertiary,,False
2241058288,247714030,23.4982040188497,tertiary,,False
2241058327,256029528,43.01561589735148,residential,,False
2241058327,256029531,44.46667432538162,residential,,False
2241058327,2241062381,161.93501680301517,residential,,False
2241060224,256029543,60.61823198773745,residential,,False
2241060224,2241058288,158.3012281515044,residential,,False
2241060224,2241062418,169.78738943418543,residential,,False
2241060226,11402837826,100.74081831246464,primary,Sardar Patel Road,True
2241062381,256029530,49.33055915446764,residential,,False
2241062381,256029528,197.35685989332805,residential,,False
2241062381,12741357173,158.7030866223224,residential,,False
2241062381,2241058327,161.93501680301517,residential,,False
2241062385,11402837826,121.57375841688295,residential,,False
2241062385,365987958,79.87403612296816,residential,,False
2241062385,365987958,180.59264952701892,living_street,,False
2241062418,247714177,24.337808719006393,secondary,,False
2241062418,368386147,114.48526033669954,secondary,,False
2241062418,11058030538,134.7811243297757,residential,,False
2241062418,2241060224,169.78738943418543,residential,,False
2241062430,2241062473,82.20277055291379,residential,,False
2241062473,301299956,13.395293576624322,secondary,Velachery Road,True
2241062473,2241062430,82.20277055291379,residential,,False
2241062480,269767181,82.95352487034977,residential,Rangarajapuram 1st Street,False
2241062480,269767075,81.98778743898485,residential,Rangarajapuram 1st Street,False
2241062480,11782227144,41.12679452464237,residential,,False
2241063762,6496965127,24.401781517759467,residential,,False
2241063772,1722523595,103.44556133067783,living_street,,False
2241063790,2241063805,158.91235097096327,tertiary,,False
2241063790,247714023,26.022473055825085,tertiary,,False
2241063790,11058030538,165.90309108474165,residential,,False
2241063800,269766805,7.0672505957747465,residential,North Mada Street,False
2241063800,269767133,78.08407792591163,residential,,False
2241063800,269767027,139.31214752720467,residential,North Mada Street,False
2241063805,368386148,17.098195774959052,tertiary,,False
2241063805,2241063790,158.91235097096327,tertiary,,False
2241063805,368389724,27.020617039869403,tertiary,,False
2241063844,2241065633,94.77606085997368,residential,பிஷப் காலனி,False
2241065633,269767353,29.97129757235682,residential,LDG Road,False
2241065633,269767197,213.66582823430417,residential,LDG Road,False
2241065633,2241063844,94.77606085997368,residential,பிஷப் காலனி,False
2241065682,2241065695,14.718984903355295,residential,,False
2241065682,369632083,36.137431542439764,residential,CIPET Hostel Road,False
2241065682,369632092,96.29776282967649,residential,CIPET Hostel Road,False
2241065693,369150217,113.6874502718558,residential,Labour Colony 2nd Street,False
2241065693,11033772486,116.98445022696848,residential,Labour Colony 2nd Street,False
2241065693,2241065718,33.31484467895574,residential,,False
2241065693,3146856857,40.38994533217568,residential,,False
2241065695,369632092,87.81042855013878,residential,,False
2241065695,2241065728,33.78151656150283,residential,,False
2241065695,2241065682,14.718984903355295,residential,,False
2241065717,6445153074,12.843333124742099,residential,Labour Colony 2nd Street,False
2241065717,2241065728,102.03024536580692,residential,Labour Colony 2nd Street,False
2241065717,369632092,36.16257817958126,residential,CIPET Hostel Road,False
2241065718,369150270,112.52806355364838,residential,,False
2241065718,2241065693,33.31484467895574,residential,,False
2241065718,368390296,116.69918777566488,residential,,False
2241065728,2241065695,33.78151656150283,residential,,False
2241065728,2241065717,102.03024536580692,residential,Labour Colony 2nd Street,False
2241065728,6445153073,298.12399387484953,residential,Labour Colony 2nd Street,False
2241065780,269767276,99.51160767632237,residential,,False
2241065790,247714021,137.20972255508593,residential,,False
2241065790,2241067975,41.94302255686157,living_street,,False
2241065790,368389294,58.77825835902935,residential,,False
2241067975,2241065790,41.94302255686157,living_street,,False
2241067975,6305275796,70.56034605307956,residential,Arulayampettai 2nd Street,False
2241067975,280088653,144.05662413688094,residential,Arulayampettai 2nd Street,False
2241068036,269767212,24.603429390312616,residential,LDG Road,False
2241068036,269767207,18.775404383584668,residential,LDG Road,False
2241068036,2168668854,56.39213625242573,residential,Arokya Matha Nagar 2nd Street,False
2241068063,2168668848,88.79110685701619,residential,,False
2241068107,2241068112,41.99129474909444,residential,Nagi Reddy thottam Garden Rd,False
2241068107,2241068109,10.346727424825236,residential,,False
2241068107,11427643666,40.19124800244097,residential,Nagi Reddy thottam Garden Rd,False
2241068107,11427643639,61.51008489065643,residential,,False
2241068109,2241068107,10.346727424825236,residential,,False
2241068109,2241068110,13.909115921991235,residential,,False
2241068109,2241068120,41.92142331474983,living_street,,False
2241068110,2241068109,13.909115921991235,residential,,False
2241068110,2241068117,12.856191330984323,residential,,False
2241068110,2241068135,41.79684757373009,living_street,,False
2241068112,2241068107,41.99129474909444,residential,Nagi Reddy thottam Garden Rd,False
2241068112,2241068120,10.638393765700114,residential,,False
2241068112,6783512455,181.46372181856813,"['residential', 'living_street']",Nagi Reddy thottam Garden Rd,False
2241068117,2241068110,12.856191330984323,residential,,False
2241068117,2241068138,41.69642803665835,living_street,,False
2241068117,2241068138,66.02763213049413,residential,,False
2241068120,2241068135,13.597169754586549,residential,,False
2241068120,2241068112,10.638393765700114,residential,,False
2241068120,2241068109,41.92142331474983,living_street,,False
2241068135,2241068138,12.841393327484505,residential,,False
2241068135,2241068120,13.597169754586549,residential,,False
2241068135,2241068110,41.79684757373009,living_street,,False
2241068138,2241068135,12.841393327484505,residential,,False
2241068138,2241068117,41.69642803665835,living_street,,False
2241068138,2241068117,66.02763213049411,residential,,False
2241068144,2241068148,101.25848256059852,residential,,False
2241068148,6783512455,55.35291373807102,living_street,,False
2241068148,2241068144,101.25848256059852,residential,,False
2241068148,2241068154,186.75643337933408,residential,,False
2241068154,11427643628,121.64754127660784,residential,Naga Reddy Thottam Garden Rd,False
2241068154,280088650,240.51645492066626,residential,Naga Reddy Thottam Garden Rd,False
2241068154,2241068148,186.75643337933408,residential,,False
2270289085,264031934,26.19072511020044,tertiary,Greenways Road,False
2270289085,11792407294,107.6212821712665,living_street,,False
2270289085,262680551,25.408982530160255,tertiary,Greenways Road,False
2270302194,262680579,34.51779926555556,residential,,False
2270302194,9181580865,25.10322652877983,residential,,False
2270302194,11792407285,107.84146199757093,residential,,False
2270302194,262680563,108.96488893827137,residential,Bhagirathy Street,False
2270302207,2270302209,23.19436437455239,living_street,,False
2270302207,9181580876,120.09826630675478,living_street,Karikalan Street,False
2270302207,262680841,60.51181199860363,living_street,Karikalan Street,False
2270302209,2270302212,20.549945863358968,living_street,,False
2270302209,2270302207,23.19436437455239,living_street,,False
2270302209,9181580876,110.53757046558964,living_street,Kattabomman Street,False
2270302209,2270302213,61.11706199816324,living_street,Kattabomman Street,False
2270302210,2215260438,48.12535075035605,tertiary,Kamarajar Salai,False
2270302210,264031598,38.823317074607594,tertiary,Kamarajar Salai,False
2270302210,11043878608,56.827643976122545,living_street,Govindaswamy Nagar,False
2270302212,2270302214,60.803276309999056,living_street,Govindaswamy Nagar,False
2270302212,2270302209,20.549945863358968,living_street,,False
2270302212,11792407224,166.2397538515001,living_street,Govindaswamy Nagar,False
2270302213,11792407204,2.647750260244008,living_street,,False
2270302213,11792407207,8.75784264611414,living_street,,False
2270302213,2270302209,61.11706199816324,living_street,Kattabomman Street,False
2270302214,2270302212,60.803276309999056,living_street,Govindaswamy Nagar,False
2270302214,11792407207,23.682426226283326,living_street,,False
2270302214,11792407210,97.70889549935056,living_street,Govindaswamy Nagar,False
2270657205,10573754134,14.834982813375017,tertiary,Besant Nagar 1st Main Road,False
2270657205,299805219,144.07703045319764,tertiary,Besant Nagar 1st Main Road,False
2270657205,299805216,199.56085306313074,residential,4th Cross Street,False
2270657222,310580366,36.07681380911384,residential,Padmanabha Nagar 5th Street,False
2270657222,2270657224,40.30917032652139,residential,Padmanabha Nagar 5th Street,False
2270657222,2270657223,34.26242050087972,residential,,False
2270657223,2270657222,34.26242050087972,residential,,False
2270657224,2270657225,40.45129045536327,residential,,False
2270657224,2270657222,40.30917032652139,residential,Padmanabha Nagar 5th Street,False
2270657224,2270657228,36.544124851109906,residential,Padmanabha Nagar 5th Street,False
2270657225,2270657224,40.45129045536327,residential,,False
2270657227,313775201,58.104761997217246,residential,Parameswari Nagar 1st Street,False
2270657227,11772701153,22.37383037925212,residential,Parameswari Nagar 1st Street,False
2270657227,2270657232,45.588843199919495,residential,,False
2270657228,2270657230,34.49130845908263,residential,,False
2270657228,2270657224,36.544124851109906,residential,Padmanabha Nagar 5th Street,False
2270657228,2270657236,40.49382995292042,residential,Padmanabha Nagar 5th Street,False
2270657230,2270657228,34.49130845908263,residential,,False
2270657232,2270657227,45.588843199919495,residential,,False
2270657236,2270657239,35.26326496804977,residential,,False
2270657236,2270657228,40.49382995292042,residential,Padmanabha Nagar 5th Street,False
2270657236,310580355,46.36019673536914,residential,Padmanabha Nagar 5th Street,False
2270657239,2270657236,35.26326496804977,residential,,False
2274368824,333744593,81.54434157672773,residential,Tiruvalluvar Nagar 1st Avenue,False
2274368824,333744637,9.52300547258519,residential,Tiruvalluvar Nagar 1st Avenue,False
2274368824,11064737256,34.692187673847926,residential,TVK Koil 3rd Street Ext,False
2274368827,2274368828,76.63384266589061,residential,,False
2274368828,257432758,74.47911695680111,residential,North Mada Street,False
2274368828,310535914,55.674275806875244,residential,North Mada Street,False
2274368828,2274368827,76.63384266589061,residential,,False
2274401009,2274401014,82.9196212212129,residential,Nehru Street,False
2274401009,6988819704,169.28883121592034,residential,Nehru Street,False
2274401009,6305299483,115.7205017579956,residential,,False
2274401012,2274401014,56.53883318407236,residential,Bajanai Koil 1st Street,False
2274401012,2274401016,43.03924358325401,residential,Bajanai Koil 1st Street,False
2274401012,4841378903,17.05222717203134,residential,,False
2274401014,2274401009,82.9196212212129,residential,Nehru Street,False
2274401014,2274401018,49.54991424448144,residential,Nehru Street,False
2274401014,2274401012,56.53883318407236,residential,Bajanai Koil 1st Street,False
2274401016,2274401018,53.31863930219941,residential,,False
2274401016,2274401012,43.03924358325401,residential,Bajanai Koil 1st Street,False
2274401016,2274401022,93.4128335242496,residential,Gandhi Street,False
2274401018,2274401014,49.54991424448144,residential,Nehru Street,False
2274401018,2274401022,49.976700476900405,residential,Nehru Street,False
2274401018,2274401016,53.31863930219941,residential,,False
2274401022,2274401018,49.976700476900405,residential,Nehru Street,False
2274401022,2274401025,49.118984416818265,residential,Nehru Street,False
2274401022,2274401016,93.4128335242496,residential,Gandhi Street,False
2274401025,2274401022,49.118984416818265,residential,Nehru Street,False
2274401025,2274401028,68.61738999655807,residential,Nehru Street,False
2274401025,6988819703,44.35147334437378,residential,,False
2274401028,2274401025,68.61738999655807,residential,Nehru Street,False
2274401028,2274401031,55.05807097704909,residential,Nehru Street,False
2274401028,6988819703,110.25464334397884,residential,Netaji Street,False
2274401030,11770663892,31.934039515796496,residential,,False
2274401030,11591482675,19.259440687835117,tertiary,4th Cross Street,False
2274401030,12241732009,350.044865622486,tertiary,4th Cross Street,False
2274401031,2274401028,55.05807097704909,residential,Nehru Street,False
2274401031,416849807,20.8669514086333,tertiary,4th Cross Street,False
2274401031,300457896,76.07703045041445,tertiary,4th Cross Street,False
2274401033,300457896,43.55982089729027,residential,Pillaiyar Koil Street,False
2274401033,11591483883,11.109281801168565,residential,Pillaiyar Koil Street,False
2274401033,6536963550,61.1456436656681,residential,,False
2275098869,2275098871,31.127902743123762,tertiary,Gandhi Nagar Main,False
2275098869,364628486,18.87406971480514,tertiary,Gandhi Nagar Main,False
2275098869,2275098870,45.14654994448792,living_street,,False
2275098870,2275098869,45.14654994448792,living_street,,False
2275098871,364628455,12.228686680665852,tertiary,Gandhi Nagar Main,False
2275098871,2275098869,31.127902743123762,tertiary,Gandhi Nagar Main,False
2275098871,2275098872,74.08215534511282,living_street,,False
2275098872,2275098871,74.08215534511282,living_street,,False
2275098876,278990634,29.66684322061809,residential,Vandi Pathai Street,False
2275098876,364637114,111.80263662856572,residential,,False
2275098876,278990635,120.36163612570235,residential,Vandi Pathai Street,False
2275098877,364637114,33.14872546330705,residential,,False
2275098883,367133883,129.6227976041012,residential,,False
2407564024,2407564026,42.23785800459689,residential,Kalki Nagar 2nd Cross Street,False
2407564026,2407564024,42.23785800459689,residential,Kalki Nagar 2nd Cross Street,False
2407564026,338341070,42.498961437579474,residential,kalki nagar main road,False
2407564026,2167027604,113.36013301976962,residential,kalki nagar main road,False
2407564028,2407564029,48.958572257798,residential,,False
2407564028,11941450632,27.831766833703565,residential,Murugan Nagar Extension 1st Street,False
2407564028,2167027611,38.54506612400969,residential,Murugan Nagar Extension 1st Street,False
2407564029,2407564028,48.958572257798,residential,,False
2407564029,11043604986,57.79449049774782,residential,,False
2407564029,2167027630,149.1453789042581,residential,,False
2407564048,325210282,8.981709014870548,residential,Dhandeeswaram Nagar 9th Cross Road,False
2407564048,325210343,48.031081137367266,residential,Dhandeeswaram Nagar 9th Cross Road,False
2407564048,11618411723,45.579154603136075,residential,,False
2407564048,300311871,153.4927177815882,residential,Dhandeeswaram Nagar 10th Cross Road,False
2407564055,2407564056,55.893210409825464,residential,,False
2407564056,2407564055,55.893210409825464,residential,,False
2407564056,2215260370,143.80389726448558,residential,South Kesawapuram Street,False
2407564056,246825431,78.52852248535163,residential,South Kesawapuram Street,False
2407565207,2407565208,82.86573559457992,residential,Kaveri Street,False
2407565207,2167149016,24.76208786766227,residential,,False
2407565207,2167149026,11.00546403757431,residential,,False
2407565208,2407565207,82.86573559457992,residential,Kaveri Street,False
2407565209,2407565211,45.37738052193867,residential,,False
2407565211,2407565209,45.37738052193867,residential,,False
2407565211,2407565215,121.96522194554356,residential,,False
2407565211,6445651767,81.36489100928489,residential,,False
2407565215,4335419613,27.41835744807209,residential,,False
2407565215,299883324,40.1149766770441,residential,,False
2407565215,2407565211,121.96522194554356,residential,,False
2407565221,5458540726,44.85188902189811,residential,2nd Main Road,False
2407565221,2167149156,40.56339538023565,residential,2nd Main Road,False
2407565221,11794989078,150.80040944325228,residential,4th Main Road,False
2407565222,300463612,40.41259577386935,residential,3rd Street,False
2407565222,2407565225,68.31353513833393,residential,1st Street,False
2407565222,338406836,70.13639988216767,residential,3rd Street,False
2407565225,6305144013,30.599834725269268,residential,12st Street,False
2407565225,2407565222,68.31353513833395,residential,1st Street,False
2407565225,2407565231,48.79268774177025,residential,3rd Cross Street,False
2407565231,300165215,43.160926737898464,residential,Balahi Colony Main Road,False
2407565231,300306125,44.551983854720824,residential,Balahi Colony Main Road,False
2407565231,2407565225,48.79268774177025,residential,3rd Cross Street,False
2407565891,300195626,5.281735468410129,residential,Theradi Street,False
2407565891,243325994,29.517634021464996,residential,Theradi Street,False
2407565891,300463949,68.09698115651503,residential,3rd Main Road,False
2407565892,325209567,22.039752998044843,residential,East Mada Street,False
2407565892,243325994,96.29762641677287,residential,"['East Mada Street', 'Theradi Street']",False
2407565892,243325994,97.70344086362353,"['residential', 'living_street']","['சன்னதி தெரு', 'தேரடி தெரு']",False
2407565893,330648843,53.37313650496732,tertiary,Gandhi Road,False
2407565893,330648807,22.970197522551096,tertiary,Gandhi Road,False
2407565893,2168591068,77.25442802580713,residential,Thiruvalluvar Street,False
2407565895,11050703720,65.8630525883733,tertiary,Dhroupathy Amman Koil Street,False
2407565895,11770224848,88.979634565276,tertiary,Dhroupathy Amman Koil Street,False
2407565895,4265654366,173.054945280111,residential,Dhandeeshwaram Colony,False
2442518721,325206683,22.83888055886742,secondary,Velachery Main Road,False
2442518721,300463949,67.4128868571857,residential,Pasupathy Lane,False
2442518721,277911472,99.87962053328806,secondary,Velachery Main Road,False
2587530829,257430077,9.121958488311858,tertiary,Indira Nagar 3rd Avenue,False
2587530829,310535820,47.43587295542067,secondary,Dr. Muthulakshmi Road,True
2623043962,4304449135,70.08857962767047,tertiary,RajaLaxmi Nagar 3rd Main Road,False
2623043962,11183232600,97.26361680117088,primary,Velachery Bypass Road,True
2699418581,291192621,50.51528961969662,residential,2nd Cross Street,False
2699418581,291193234,129.41974206344224,residential,2nd Cross Street,False
2699418581,6536963580,60.89448764296143,residential,,False
2987837510,3875133337,78.64060180092184,residential,,False
3000047797,300159498,51.28342041372012,residential,,False
3048092023,250363542,93.48142361067619,residential,,False
3048092023,247074863,125.85838572216997,primary,Anna Salai (Mount Road),True
3146852560,278989902,119.81408684286907,residential,,False
3146852560,370223894,71.74366974899287,residential,,False
3146852560,370223900,75.08184032122637,residential,,False
3146856857,369150269,115.02249521675891,residential,,False
3146856857,11402431143,99.56623309342851,residential,,False
3146856857,2241065693,40.38994533217568,residential,,False
3146856857,369672908,22.6008109342111,residential,,False
3216996445,9502019368,46.074368315269865,secondary,RK Mutt Road,True
3216996445,264040570,143.83629038026703,living_street,Robertson Lane,False
3238555683,300164882,88.09720888196733,residential,,False
3238555683,300304144,45.989037571908014,residential,,False
3238555683,299880839,197.96859578543103,residential,,False
3265132498,325208596,44.0910219077169,residential,Dhandeeshwaram Nagar 2nd Cross Street,False
3265132498,300312653,44.78623517965499,residential,Dhandeeshwaram Nagar 6th Main Road,False
3265132498,325208583,78.27317694398506,residential,Dhandeeshwaram Nagar 6th Main Road,False
3298604087,330648807,37.45556652128493,residential,SevaNagar 1st street,False
3298604087,330648838,41.55859137321775,residential,SevaNagar 1st street,False
3298604087,3298604090,76.78942676943467,residential,SevaNagar 2nd Street,False
3298604090,3298604087,76.78942676943467,residential,SevaNagar 2nd Street,False
3298604092,330648838,77.90426569121156,residential,SevaNagar 3rd Street,False
3341059147,3341065873,84.33349843591587,residential,Mancholai 1st Main,False
3341059147,3341059150,72.42385982386212,residential,Mancholai 1st Main,False
3341059147,363969036,50.203350929047275,residential,Mancholai 2nd Main,False
3341059148,366091277,64.42912213182325,residential,Mancholai 1st Main,False
3341059148,3341065873,57.08049201249,residential,Mancholai 1st Main,False
3341059148,3341059151,111.51386624620665,residential,Cremation Ground Road,False
3341059150,3341059147,72.42385982386212,residential,Mancholai 1st Main,False
3341059151,3341059148,111.51386624620665,residential,Cremation Ground Road,False
3341065873,3341059147,84.33349843591587,residential,Mancholai 1st Main,False
3341065873,3341065876,75.43936921527491,residential,,False
3341065873,3341059148,57.08049201249,residential,Mancholai 1st Main,False
3341065876,3341065873,75.43936921527491,residential,,False
3350192367,416838241,85.57711125599972,secondary,Kalki Krishnamurty Road,True
3388925676,308198209,36.581888037531336,primary,Anna Salai (Mount Road),True
3419458093,3419458094,50.399871026049034,residential,Andalam avenue,False
3419458093,11832653247,191.96611955193765,tertiary,Gandhi Road,False
3419458093,277911468,53.49813144048713,tertiary,Gandhi Road,False
3419458094,3419458093,50.399871026049034,residential,Andalam avenue,False
3419458094,330648763,74.1784313380284,residential,Andalam avenue,False
3419458094,330648759,13.038927222641377,residential,Andalam avenue,False
3419458798,11770224836,34.109242241302624,residential,RajaLaxmi Nagar 1st main Road,False
3419458798,300313002,49.34843808016786,residential,RajaLaxmi Nagar 1st main Road,False
3419458798,300312949,55.85548687861633,residential,RajaLaxmi Nagar 6th Cross Street,False
3426336738,3426336740,78.84310525847948,residential,JagannathaPuram 1st Cross Street,False
3426336738,300312864,92.32197346333106,residential,JagannathaPuram 2nd Main road,False
3426336738,325207254,59.018708991478526,residential,"['JagannathaPuram 2nd Main road', 'RajaLaxmi Nagar 2nd main Road']",False
3426336740,3426336738,78.84310525847948,residential,JagannathaPuram 1st Cross Street,False
3426336740,300312835,58.400251834009275,residential,"['JagannathaPuram 1st Main road', 'RajaLaxmi Nagar 1st main Road']",False
3426336740,300312864,139.79770741923113,residential,JagannathaPuram 1st Main road,False
3426339340,330648724,59.38861274087566,residential,Sony Nagar 3rd Street,False
3426339608,277911467,19.328078675390984,tertiary,Gandhi Road,False
3426339608,330653131,77.56185746688104,residential,Dhandapani Street,False
3426339608,330648807,90.34579054146663,tertiary,Gandhi Road,False
3431404935,300463790,51.971762415943346,residential,Nattar Street,False
3431404935,325207131,33.46988566450807,tertiary,JagannathaPuram 3rd Main Road,False
3431404935,325207106,59.64828697374835,tertiary,JagannathaPuram 3rd Main Road,False
3431404936,300463790,166.51589417968844,residential,,False
3431404936,325207131,87.85853157655727,tertiary,JagannathaPuram 3rd Main Road,False
3431404936,325207251,76.71080799746316,tertiary,"['RajaLaxmi Nagar 3rd Main Road', 'JagannathaPuram 3rd Main Road']",False
3493019110,300463949,86.26952843858615,residential,3rd Main Road,False
3493019110,277911472,102.53127152210234,tertiary,Gandhi Road,False
3493019110,11041568830,40.502719510512264,tertiary,Gandhi Road,False
3606391289,11038547512,21.016341981004427,residential,6th Street,False
3606391289,3997983572,29.32250705604194,residential,6th Street,True
3673222594,312031463,100.12821811872679,residential,4th Main Road,False
3673222594,312031440,24.640418498095162,residential,4th Main Road,False
3673222594,10228331246,50.56309513719049,residential,,False
3673352444,338461702,10.542488229729473,residential,Tamirabarani Street,False
3673352444,338466152,37.66795448273351,residential,Kamaraja Street,False
3673352444,338466159,60.9209692527392,residential,Tamirabarani Street,False
3674393186,300163876,93.28784817504999,tertiary,TNHB Main Road,False
3674393186,300163925,39.05841239825975,tertiary,TNHB Main Road,False
3674393186,330420169,31.591238106788172,residential,9th Street,False
3674393190,6497873011,43.071404541544446,residential,,False
3674393190,330420162,46.75180772312781,residential,TNHB Colony 7th Street,False
3674393190,330420146,82.67625363558928,residential,TNHB Colony 7th Street,False
3674393198,11770278951,24.232235726791615,residential,Mathiazhagan Street,False
3674393198,11770278946,19.78445878731195,residential,Mathiazhagan Street,False
3674393198,11770278948,46.04151024101036,living_street,,False
3674393212,330420229,59.23892398119446,residential,,False
3674401338,300191336,93.78402578395279,residential,,False
3674408070,333743855,36.745123662549126,residential,5th Street,False
3674408086,334267008,8.07494141192247,residential,Gangai Amman Koil Street,False
3674408086,11757813318,36.71267919237724,living_street,,False
3674408086,319493757,80.2035673336796,residential,Gangai Amman Koil Street,False
3674408087,313786561,58.575694287634136,residential,2nd Street,False
3674408087,6536963541,58.2491380654407,residential,,False
3674408087,313786550,44.818044206408324,residential,2nd Street,False
3674410071,11770790452,74.79366035559802,residential,7th Main Road,False
3674410071,10228331250,16.499923155200403,residential,,False
3674410071,312031567,217.80920709305119,residential,"['7th Main Road Kasthuribai Nagar', '7th Main Road']",False
3674466519,338223175,38.05587948611978,residential,4th Cross Street,False
3674798191,334190081,116.79745595763777,residential,Netaji Nagar Main Road,False
3674798191,334190076,2.9956363012756078,residential,Netaji Nagar Main Road,False
3674798191,4840270422,79.57370934597776,residential,North Street,False
3701044127,319495792,55.443076302954246,residential,Beach Road,True
3701044127,3701044129,103.41796859622534,residential,East Coastal Cross Road,False
3701044129,334651031,60.971466274382294,residential,Coastal Road,False
3701044129,319495789,64.51672043211914,residential,Coastal Road,False
3701044129,3701044127,103.41796859622534,residential,East Coastal Cross Road,False
3728970243,4450459259,74.7598060766203,residential,Ayodhya Colony,False
3774546057,3774546061,58.418542223788755,residential,,False
3774546061,313783509,70.01457826811055,residential,9th Lane,False
3774546061,313783510,9.09616741525786,residential,9th Lane,False
3774546061,3774546057,58.418542223788755,residential,,False
3875133337,3875696357,20.724730615169804,residential,2nd Cross Road,False
3875133337,2987837510,78.64060180092184,residential,,False
3875133337,299883330,209.03358884501182,residential,,False
3875133338,3875696357,17.320786101374637,residential,2nd Cross Road,False
3875133338,299881054,18.517952638292353,residential,2nd Cross Road,False
3875133338,299883308,69.6981231543363,residential,,False
3875696357,3875133337,20.724730615169804,residential,2nd Cross Road,False
3875696357,3875133338,17.320786101374637,residential,2nd Cross Road,False
3875696357,299881938,201.6162474092809,residential,,False
3900810109,319497847,17.966827935922655,residential,TM Maistry Street,False
3900810109,2173002868,22.293714543432824,residential,TM Maistry Street,False
3900810109,5280203475,291.45841134783586,residential,"['TM Maistry Street Extension', 'Sivagamipuram 1st Street']",False
3997983572,11045842025,59.660412870931836,residential,,False
3997983572,310535942,93.28885898258696,residential,6th Street,True
4113412285,12334925207,6.858224552332226,primary,,True
4172729776,4278233222,53.995373597332716,residential,Dhandeeshwaram Nagar 4th Cross Street,False
4172729776,300463847,58.68736239462383,residential,Dhandeeshwaram Nagar 4th Cross Street,False
4172729776,300312748,44.29078199146599,residential,Dhandeeshwaram Nagar 7th Main Road,False
4221820417,325209943,40.81864827162714,residential,Seethapathy Nagar 2rd Cross Street,False
4221820417,4221820418,71.87459147846604,residential,Prasad Lane,False
4221820417,325209921,135.27399869284068,residential,"['Prabhu Lane', 'Seethapathy Nagar 2rd Cross Street']",False
4221820418,325209932,41.70709059234715,residential,Rani Street,False
4221820418,325209921,61.72375623696147,residential,Rani Street,False
4221820418,4221820417,71.87459147846604,residential,Prasad Lane,False
4226494690,1641560828,51.775981317678124,primary,Taramani Link Road,True
4226494690,251172944,8.561461913090302,primary_link,,False
4239226795,6818831853,15.790019305955024,residential,Bhuvaneswary Nagar 1st Main Road,False
4239226795,11612773137,66.1529190445646,residential,Buhuvaneswary Nagar 2nd Street,False
4239226795,299879241,128.4115751432864,residential,Bhuvaneswary Nagar 1st Main Road,False
4239226796,6818831853,19.031588535195123,residential,Bhuvaneswary Nagar 1st Main Road,False
4239226796,338341110,61.900194868363094,tertiary,Annai Indhra Gandhi Road,False
4239226796,5355073730,219.88388134102,tertiary,"['Annai Indhra Gandhi Road', 'Perungudi Station Road']",False
4239255895,10029118614,7.036862021777832,residential,,False
4239255895,14141791482,6.037939023486234,residential,Balakrishna Nagar 1st Main Road,False
4239255895,4239255900,100.13351022938559,tertiary,Perungudi Station Road,True
4239255900,1457503368,146.17702251405026,residential,Kambar Street Extn,False
4239255900,4239255903,145.3682943095072,tertiary,Perungudi Station Road,True
4239255903,1141163606,8.16474380003556,residential,Seshadripuram 1st Main Road,False
4239255903,338461201,183.4221778520585,residential,Seshadripuram 1st Main Road,False
4239255903,14137325193,221.60539377865368,tertiary,Perungudi Station Road,True
4252220047,10098223822,7.549397635263682,residential,VGP Selva Nagar 2nd Main Road,False
4252220047,14141791489,356.9754714430552,tertiary,Perungudi Station Road,True
4252220047,5124315540,43.56776459414163,residential,VGP Selva Nagar 2nd Main Road,False
4252220048,11054524287,99.08933328929756,residential,,False
4252220048,5124315540,47.61842909725996,residential,VGP Selva Nagar 2nd Main Road,False
4252220048,1457503217,43.487990742048254,residential,VGP Selva Nagar 2nd Main Road,False
4252220057,1641564598,15.044489566457406,residential,Anna Nagar 1st Street,False
4252220057,1457503274,49.21713638421678,residential,Anna Nagar 1st Street,False
4252220057,4252220059,66.72846608961744,residential,Anna Nagar 6th cross,False
4252220058,2168576084,13.123378778665462,residential,Anna Nagar 1st Street,False
4252220058,1641564598,25.14015446461126,residential,Anna Nagar 1st Street,False
4252220058,4252220060,67.98984831354115,residential,Anna Nagar 5th cross,False
4252220059,4252220060,41.799102104449126,residential,Street in Tansi Nagar (anna nagar) Velachery,False
4252220059,338223248,45.779879821973516,residential,Street in Tansi Nagar (anna nagar) Velachery,False
4252220059,4252220057,66.72846608961744,residential,Anna Nagar 6th cross,False
4252220060,4252220059,41.799102104449126,residential,Street in Tansi Nagar (anna nagar) Velachery,False
4252220060,4252220058,67.98984831354115,residential,Anna Nagar 5th cross,False
4252220060,338223254,38.83118842114864,residential,"['Venus Colony 2nd Street', 'Street in Tansi Nagar (anna nagar) Velachery']",False
4265546764,338417906,12.918742376052569,residential,Tansi Nagar 2nd Street,False
4265546764,4265546765,50.72378112558411,residential,Service Road,False
4265546764,4278284260,253.99194259520362,residential,Tansi Nagar 2nd Street,False
4265546764,4926000719,51.20494581700348,residential,"['Tansi Nagar 7 th street', 'Service Road']",False
4265546765,4265546764,50.72378112558411,residential,Service Road,False
4265546765,325209831,14.077028957301492,residential,Tansi Nagar 3rd street,False
4265546765,4278284251,48.70112725062124,residential,Service Road,False
4265546765,2168576110,61.28317436642456,residential,Tansi Nagar 3rd street,False
4265547662,2146414137,8.032445551919391,residential,Road in Baby Nagar,False
4265547662,2146414136,9.580495764111564,residential,Road in Baby Nagar,False
4265547662,1640674279,119.50743008449082,residential,Baby Nagar 1st Cross Road,False
4265654355,4265654360,53.62649007257683,residential,,False
4265654358,4265654359,10.983410865395454,residential,Lakshmipuram Main Road,False
4265654358,11770224843,29.345610361445587,residential,Lakshmipuram Main Road,False
4265654358,11770224846,161.7489088880099,residential,Lakshmipuram Street,False
4265654359,300313188,41.56841449121299,residential,Lakshmipuram Main Road,False
4265654359,4265654358,10.983410865395454,residential,Lakshmipuram Main Road,False
4265654359,11770278892,76.77165573725985,residential,Lakshmipuram 3rd street,False
4265654360,338440035,40.665242784815575,residential,,False
4265654360,4265654355,53.62649007257683,residential,,False
4265654360,11770278873,98.64505673238168,residential,,False
4265654365,300312836,94.1147928818314,primary,Velachery Bypass Road,True
4265654365,11050668343,99.01377404116896,residential,,False
4265654366,11050703720,7.256768668104518,tertiary,Dhroupathy Amman Koil Street,False
4265654366,338440189,46.97076012492809,tertiary,Dhroupathy Amman Koil Street,False
4265654366,2407565895,173.05494528011104,residential,Dhandeeshwaram Colony,False
4265677246,325209345,32.03201553414999,residential,Dandeeswaram Main Road,False
4265677246,325209363,42.69650566040133,residential,Dandeeswaram Main Road,False
4265677246,4265677248,77.01499451214252,residential,Dhandeeshwaram Nagar 5th Main/Cross,False
4265677247,300464447,91.50272376724038,residential,Brahmin Street,False
4265677247,300313356,88.57270304950819,residential,Brahmin Street,False
4265677247,2230785698,62.02362140475007,residential,Bajannai Street,False
4265677248,300463861,7.260032844534178,residential,Dhandeeshwaram Nagar 4th Cross Street,False
4265677248,4278233222,44.60068371507289,residential,Dhandeeshwaram Nagar 4th Cross Street,False
4265677248,4265677246,77.01499451214252,residential,Dhandeeshwaram Nagar 5th Main/Cross,False
4275748424,330653136,112.76223610897894,living_street,,False
4278233217,4278233218,71.66003473827794,residential,Dhandeeswaram Nagar 4th Avenue [west] 2 cross street,False
4278233218,325210170,33.547878215468934,residential,Dhandeeswaram Nagar 4th Avenue [west],False
4278233218,4278233217,71.66003473827794,residential,Dhandeeswaram Nagar 4th Avenue [west] 2 cross street,False
4278233218,300311870,98.33902842139916,residential,Dhandeeswaram Nagar 4th Avenue [west],False
4278233219,325209290,40.04153627748631,residential,Kambar,False
4278233219,338461444,126.73461505951926,residential,Seethapathy Nagar Extn,False
4278233219,11618401738,96.57545722863695,residential,Bharathi Street,False
4278233220,325209149,65.20662029938208,residential,Dhandeeshwaram 2st cross street,False
4278233221,300311629,36.839843477554226,residential,Dhandeeshwaram Nagar 4th Cross Street,False
4278233222,4265677248,44.60068371507289,residential,Dhandeeshwaram Nagar 4th Cross Street,False
4278233222,4172729776,53.995373597332716,residential,Dhandeeshwaram Nagar 4th Cross Street,False
4278233222,325209363,75.91234711078943,residential,Dhandeeshwaram Nagar 6th Main Road,False
4278233222,300312653,48.58741313578965,residential,Dhandeeshwaram Nagar 6th Main Road,False
4278233223,300463862,49.5228868890788,residential,Dhandeeswaram Nagar 1st Cross Road,False
4278233223,2168591067,77.20594313239417,residential,Dhandeeswaram Nagar 1st Cross Road,False
4278233223,2168591059,164.11324966355747,residential,Dhandeeshwaram Nagar 5th Main Road Avenue,False
4278284248,300464593,63.91899177167217,residential,Pillaiyar Koil Street,False
4278284248,4278284249,48.50680355871601,residential,,False
4278284248,300464612,119.86938664064233,residential,"['Pillaiyar Koil Street', 'Balakrishna Nagar 1st Main Road']",False
4278284249,300464841,63.82258600765364,residential,Kamarajar Street,False
4278284249,1457503368,118.27636546148274,residential,Kamarajar Street,False
4278284249,4278284248,48.50680355871601,residential,,False
4278284250,300464673,22.182060144219708,residential,Kambar Street,False
4278284251,4278284253,35.96102339430878,residential,Tansi Nagar 5th Street,False
4278284251,4265546765,48.70112725062124,residential,Service Road,False
4278284251,2168576111,75.40302861748613,residential,Service Road,False
4278284253,2168576111,66.63652879158816,residential,Tansi Nagar 4th Street,False
4278284253,2168576110,41.31918251453428,residential,Tansi Nagar 4th Street,False
4278284253,4278284251,35.96102339430878,residential,Tansi Nagar 5th Street,False
4278284257,6588259894,41.93797114220636,residential,Service Road,False
4278284257,4278284259,44.62877116564271,residential,Tansi Nagar 6th Street,False
4278284257,5456056205,11.849723761877321,residential,Tansi Nagar 6th Street,False
4278284257,1528037753,197.46010623404206,residential,Service Road,False
4278284259,325210202,34.77381251951574,residential,Dhandeeswaram Nagar 12th Cross Road,False
4278284259,4278284257,44.62877116564271,residential,Tansi Nagar 6th Street,False
4278284259,338417876,43.510611373751246,residential,Dhandeeswaram Nagar 12th Cross Road,False
4278284260,4265546764,253.99194259520365,residential,Tansi Nagar 2nd Street,False
4279691215,300312041,41.18768548278094,residential,Shanti Street,False
4279691215,325209951,17.41562119977607,residential,Shanti Street,False
4279691215,338466227,48.50413782587602,residential,Shanti 1st Cross Street,False
4279691216,330648930,5.674016043602477,residential,Vinayagar Street,False
4279691216,4279691218,65.92671203673366,residential,Shanti 2n Street,False
4279691216,330648924,87.53837545380904,residential,Vinayagar Street,False
4279691218,4279691222,35.41910558638048,residential,Shanti 2n Street,False
4279691218,330648927,123.00293025906343,residential,"['Shanti 2n Street', 'Dhandapani Street']",False
4279691218,4279691216,65.92671203673366,residential,Shanti 2n Street,False
4279691221,338466227,33.9888608641406,residential,Shanti 1st Cross Street,False
4279691222,4279691218,35.41910558638048,residential,Shanti 2n Street,False
4294218142,338406549,53.752210437789394,residential,"['Sarathy Nagar 6th street', 'Sarathy Nagar 1st Main Road']",False
4294218143,338406549,23.210799972773046,residential,Sarathy Nagar 1st Main Road,False
4294218143,11612748156,24.477231307440306,residential,Sarathy Nagar 1st Main Road,False
4294218143,4294218144,35.081021582475174,residential,Sarathy Nagar 4th street,False
4294218144,4294218143,35.081021582475174,residential,Sarathy Nagar 4th street,False
4294218147,338406531,4.069130204512332,residential,Sarathy Nagar 1st Main Road,False
4294218147,338461403,54.997103997751125,residential,Sarathy Nagar 1st Main Road,False
4294218147,338406569,36.58462136409201,residential,Sarathy Nagar 1st street,False
4294274188,299879259,121.8610273079143,residential,VGP Selva Nagar 1st Street,False
4294274197,4294274199,55.620499981637174,residential,,False
4294274199,2168576094,5.448701998601712,residential,Kamachi Amman street,False
4294274199,2168576097,72.7530585648362,residential,Kamachi Amman street,False
4294274199,4294274197,55.620499981637174,residential,,False
4294274199,300464753,99.71154519055165,residential,SivaSakthi Street,False
4294274206,338461263,20.566762833332547,residential,Seshadripuram 1st Main Road,False
4294274206,1640665331,13.027112679271447,residential,Seshadripuram 1st Main Road,False
4294274206,4294274215,114.89746986542072,living_street,Anaga Street,False
4294274209,4294274211,29.293543302281982,residential,Udhayam Nagar 1st Cross Road,False
4294274209,338461292,42.48093358805234,residential,Udhayam Nagar 1st Main Road,False
4294274209,338461288,63.59668030927596,residential,Udhayam Nagar 1st Main Road,False
4294274210,4294274216,92.87174675426216,residential,,False
4294274211,4294274209,29.293543302281982,residential,Udhayam Nagar 1st Cross Road,False
4294274214,338461302,43.266326258490956,residential,Udhayam Nagar 3th Main Road,False
4294274215,300455463,16.59657635084668,residential,Sachidanantha Nagar Main Road,False
4294274215,4294274216,33.98186509198536,residential,Sachidanantha Nagar Main Road,False
4294274215,4294274206,114.89746986542072,living_street,Anaga Street,False
4294274216,4294274215,33.98186509198536,residential,Sachidanantha Nagar Main Road,False
4294274216,4294274210,92.87174675426216,residential,,False
4294274216,338461315,181.16464673187443,residential,"['Sachidanantha Nagar Main Road', 'Udhayam Nagar 2nd Cross Road']",False
4294274223,251172939,13.045303304621289,tertiary,New Colony Main Road,False
4294274223,4294274225,25.35544446041745,residential,New Colony 2nd Main Road,False
4294274223,4294274233,74.27894688459887,tertiary,New Colony Main Road,False
4294274225,4294274228,23.702338227303823,residential,New Colony 2nd Main Road,False
4294274225,4294274223,25.35544446041745,residential,New Colony 2nd Main Road,False
4294274225,338466171,59.90829886812766,residential,New Colony 2nd Street,False
4294274228,4294274234,18.76097509168386,residential,New Colony 2nd Main Road,False
4294274228,4294274225,23.702338227303823,residential,New Colony 2nd Main Road,False
4294274228,4294274233,45.720865271622614,residential,New Colony 4th Street,False
4294274233,4294274240,36.127997829231255,tertiary,New Colony Main Road,False
4294274233,4294274228,45.720865271622614,residential,New Colony 4th Street,False
4294274233,4294274223,74.27894688459887,tertiary,New Colony Main Road,False
4294274234,4294274228,18.76097509168386,residential,New Colony 2nd Main Road,False
4294274234,4294274237,13.20303274876239,residential,New Colony 2nd Main Road,False
4294274234,4294274238,46.01241595518484,residential,New Colony 3rd Street,False
4294274237,4294274247,32.660415264882815,residential,New Colony 2nd Main Road,False
4294274237,4294274234,13.20303274876239,residential,New Colony 2nd Main Road,False
4294274237,4294274240,66.65183803416079,residential,New Colony 5th Street,False
4294274238,338466171,38.47409968987404,residential,Ambedhkar Main Road,False
4294274238,330780887,24.33679438068594,residential,Ambedhkar Main Road,False
4294274238,4294274234,46.01241595518484,residential,New Colony 3rd Street,False
4294274240,330780893,59.45114746941424,tertiary,New Colony Main Road,False
4294274240,4294274233,36.127997829231255,tertiary,New Colony Main Road,False
4294274240,4294274237,66.65183803416079,residential,New Colony 5th Street,False
4294274247,4294274237,32.660415264882815,residential,New Colony 2nd Main Road,False
4294274247,330780887,31.166062802878137,tertiary,New Colony 3rd Main Road,False
4294274247,330780893,104.79676440088107,tertiary,New Colony 3rd Main Road,False
4300667146,300313356,70.72888409143891,residential,,False
4300667151,338223272,69.84757384723207,residential,RajaLaxmi Nagar 2nd main Road,False
4300667151,325207279,55.850432792898864,residential,RajaLaxmi Nagar 2nd main Road,False
4300667151,4358646185,82.3388626514963,residential,RajaLaxmi Nagar 10 Street,False
4304449135,2623043962,70.08857962767047,tertiary,RajaLaxmi Nagar 3rd Main Road,False
4304449135,11795012983,35.49946879753422,residential,,False
4304449135,325207278,56.1166149008925,tertiary,RajaLaxmi Nagar 3rd Main Road,False
4314770660,7826394723,86.02778329984442,secondary,Velachery Main Road,True
4314770660,6497938465,8.698438755144588,residential,Gulmohar Avenue,False
4314770660,4314770663,208.0386279402362,residential,Gulmohar Avenue,False
4314770663,4314770660,208.0386279402362,residential,Gulmohar Avenue,False
4324942496,262680785,43.19472878465092,residential,West Avenue,False
4324942496,262680783,49.82409020264524,residential,West Avenue,False
4324942496,4324942497,41.17851605168083,residential,West Avenue,False
4324942497,262680783,24.294525742618518,residential,Crescent Avenue,False
4324942497,262680792,36.00229942875499,residential,Crescent Avenue,False
4324942497,4324942496,41.17851605168083,residential,West Avenue,False
4329339261,330648870,174.53311540178308,residential,Natarajan Street,False
4329339264,330648843,149.2540518490912,residential,Kannabiran Street,False
4335418563,300463828,10.31892652465255,residential,Dhandeeshwaram 1st Main Road Extension,False
4335418563,300463827,54.46909541354389,residential,Dhandeeshwaram 1st Main Road Extension,False
4335418563,4335418564,85.01487426256186,residential,Dhandeeshwaram 1 Main Road Extension,False
4335418564,300463822,26.101323415174193,residential,Dhandeeshwaram 1st Main Road,False
4335418564,4335418563,85.01487426256186,residential,Dhandeeshwaram 1 Main Road Extension,False
4335418564,300463817,53.35202683890407,residential,Dhandeeshwaram 1st Main Road,False
4335419613,325208249,64.39777485462913,residential,,False
4335419613,2407565215,27.41835744807209,residential,,False
4335419613,300313516,72.07488187939647,residential,,False
4335419614,300313516,59.35702150207134,residential,,False
4335419614,299883324,56.587925688279554,residential,,False
4335419614,300313515,193.4391221560528,residential,,False
4358646185,325207257,60.75312630462795,residential,Rajalakshmi Nagar 7th Cross Street,False
4358646185,300312949,95.25656371393332,residential,Rajalakshmi Nagar 7th Cross Street,False
4358646185,4300667151,82.3388626514963,residential,RajaLaxmi Nagar 10 Street,False
4392279388,2168582368,17.523123643940963,residential,,False
4392279388,4392279595,27.26195519157071,residential,,False
4392279388,10248730637,212.00503001473038,residential,,False
4392279595,4392279388,27.26195519157071,residential,,False
4392279595,319495792,22.112347675650323,residential,,False
4392279595,11061400187,135.853521694562,residential,,False
4410824052,2168668920,46.99994779422561,primary,Anna Salai (Mount Road),True
4410824052,269768027,201.59428789799452,residential,First Street,False
4413815190,313785372,14.80319474838573,tertiary,,False
4413815190,11465900503,60.19635192307328,tertiary,Indira Nagar 2nd Avenue,False
4415623860,269767393,85.47140210471656,residential,9th Street,False
4415623860,269767390,40.23924489420043,residential,9th Street,False
4415623860,2168668861,19.991830792869077,residential,,False
4415623860,2168668870,23.738042110940924,residential,,False
4415687771,2168628476,56.12962820746461,residential,,False
4415687771,2168628479,68.13944738731774,residential,,False
4415687771,13144750314,52.335758873635754,residential,,False
4415687771,2168628473,84.29500137983052,residential,,False
4450459258,4450459259,43.58604022586915,residential,Ayodhya Colony 2nd Street,False
4450459259,338223241,21.8962664494894,residential,Ayodhya Colony,False
4450459259,4450459258,43.58604022586915,residential,Ayodhya Colony 2nd Street,False
4450459259,3728970243,74.7598060766203,residential,Ayodhya Colony,False
4450473918,338417906,48.581636934791064,primary,Taramani Link Road,True
4450473918,4926000719,8.282382641452807,residential,LIC Colony 2nd Street,False
4450473925,1640675574,198.79641739357686,primary,Taramani Link Road,True
4450473925,338461551,105.01082835472766,tertiary,Bharani Street,False
4450536983,338461089,54.77648863204879,residential,Tansi Nagar 14th Street,False
4450536983,300464860,11.464632677153004,residential,Tansi Nagar 14th Street,False
4450536983,4450539389,110.51262258904603,residential,Tansi Nagar 11th Street,False
4450539389,338461084,48.5365301532604,residential,Tansi Nagar 9th Street,False
4450539389,4450539390,54.834218878178206,residential,Tansi Nagar 9th Street,False
4450539389,4450536983,110.51262258904603,residential,Tansi Nagar 11th Street,False
4450539390,1457503505,3.6710372171545815,residential,Tansi Nagar 12th Street,False
4450539390,338461071,42.32904420708466,residential,Tansi Nagar 12th Street,False
4450539390,4450539389,54.834218878178206,residential,Tansi Nagar 9th Street,False
4450539392,1457503511,14.000172682769756,primary_link,Tansi Nagar 15 th street,False
4450539392,300464597,100.20055348951055,residential,Tansi Nagar 15 th street,False
4450539392,4452088814,72.33691923962598,residential,,False
4450560887,300464572,24.679991820417673,residential,,False
4450560887,1641561887,40.737291544984615,residential,Anna Nagar 5th Main Road,False
4450560887,11054635080,103.89076070815176,residential,,False
4450561191,14014630764,22.03974717857109,residential,Kathiravan Nagar,False
4452088812,4452088814,53.592867233063295,residential,Tansi Nagar 15th Street,False
4452088814,300464915,44.615377136681666,residential,Tansi Nagar 16th Street,False
4452088814,4450539392,72.33691923962598,residential,,False
4452088814,4452088812,53.592867233063295,residential,Tansi Nagar 15th Street,False
4634160961,264040580,152.77390348693757,residential,Thiruvengadam Street Ext,False
4839858814,11770663892,95.9987273726663,residential,,False
4839873137,257430052,33.32797432944864,residential,,False
4839937391,6804537846,36.35935575733822,residential,,False
4839937392,257432770,35.809945537836924,residential,,False
4839937393,333719169,112.13681653812259,residential,,False
4840270422,3674798191,79.57370934597776,residential,North Street,False
4841337246,334189966,86.72520382854427,residential,Darmambal Street,False
4841378903,2274401012,17.05222717203134,residential,,False
4841378906,6988819703,16.671512694010747,residential,,False
4842516438,333719166,57.72104709793017,residential,Ganapathy Street,False
4843254562,312031463,43.1274497969235,residential,5th main road,False
4843289228,2172995861,123.18931614969875,residential,Yogi Gardens,False
4843378601,257430011,190.56990163973043,residential,5th Main Road,False
4843378602,2166883101,51.48956000504337,residential,Canal Road,False
4843378603,2167013054,46.896500452568915,residential,Canal Road,False
4843437601,335480465,41.01340769473902,residential,8th Main Road Kasthuribai Nagar,False
4843437603,312031493,21.740281860820616,residential,Dhanalakshmi Avenue,False
4926000719,325210401,55.80934280227075,residential,LIC Colony 2nd Street,False
4926000719,4450473918,8.282382641452807,residential,LIC Colony 2nd Street,False
4926000719,4265546764,51.20494581700348,residential,"['Tansi Nagar 7 th street', 'Service Road']",False
5124315540,11465342525,26.10011166621721,residential,,False
5124315540,4252220047,43.56776459414163,residential,VGP Selva Nagar 2nd Main Road,False
5124315540,4252220048,47.61842909725996,residential,VGP Selva Nagar 2nd Main Road,False
5124315541,11054524287,46.521134956544664,residential,4th Main Road,False
5124315541,11465342525,77.59695706715941,residential,,False
5124315541,11465342524,117.37557539348043,residential,4th Main Road,False
5183088716,2168628478,110.77878753051752,residential,1st Seaward Link Road,False
5225935888,310535955,62.925673893238894,primary,West Avenue Road,True
5269116891,308313819,55.18653453899301,residential,Parthasarathy Kovil 2nd Street,False
5280203475,310535967,65.52787094279759,residential,Sivagamipuram 1st Street,False
5280203475,5280203477,20.24936819498178,residential,,False
5280203475,3900810109,291.45841134783586,residential,"['TM Maistry Street Extension', 'Sivagamipuram 1st Street']",False
5280203477,5280203475,20.24936819498178,residential,,False
5355073730,5355073731,85.35046882188998,tertiary,Velachery MRTS,False
5355073730,14136671924,16.102355636043303,tertiary,Perungudi Station Road,False
5355073730,4239226796,219.88388134102,tertiary,"['Perungudi Station Road', 'Annai Indhra Gandhi Road']",False
5355073731,5355073730,85.35046882188998,tertiary,Velachery MRTS,False
5355073731,338341116,299.5275682194652,tertiary,Velachery MRTS,False
5360153610,278990103,45.32290828803743,residential,,False
5360153610,364873690,153.67256351064975,residential,Parthasarathy Kovil 1st Street,False
5360153610,308313811,176.58046883734332,residential,Parthasarathy Koil Street,False
5388533196,5388533197,24.906246384239434,residential,,False
5388533197,5388533196,24.906246384239434,residential,,False
5388533197,299883945,120.94654701591627,residential,,False
5388533197,5388533198,35.737728781147595,residential,,False
5388533198,5388533197,35.737728781147595,residential,,False
5388533200,338223259,88.43277870350838,residential,,False
5388533203,1751203571,49.34040164088654,residential,,False
5388533203,2167148976,81.10057401833186,residential,,False
5388533203,2167149032,162.55693614634134,residential,,False
5406601848,5406601849,32.816992622451785,tertiary_link,,True
5406601848,11794889697,33.626896563231206,primary,Santhome High Road,True
5455784934,308313485,16.713292790581697,secondary,SIDCO Industrial Estate South Phase Road,True
5455784934,12554417127,247.91100391749765,primary,Inner Ring Road,True
5456056205,4278284257,11.849723761877321,residential,Tansi Nagar 6th Street,False
5456056205,12156990400,16.105932787708774,primary,Taramani Link Road,True
5458075965,10593460327,115.88279628264479,primary_link,,True
5458540726,6305444564,174.57484576186832,residential,5th Main Road,False
5458540726,11043774096,32.15852456088651,residential,,False
5458540726,2407565221,44.85188902189811,residential,2nd Main Road,False
5458540727,299878653,42.08688763268988,residential,1st Cross Street,False
5458540727,299883305,66.10884015986232,residential,,False
5458540727,6305444564,203.38075327005942,residential,,False
5458687167,5460910299,9.698618602789573,primary_link,,False
5458687167,9179560477,43.75469648960494,primary,East Coast Road,True
5458687168,310535940,21.009680499177733,primary,Thiruvalluvar Road,True
5460773146,365988846,184.68322195795145,primary,Sardar Patel Road,True
5460773146,2168628943,271.6730302039734,residential,Vinayagar Koil Street,False
5460910299,5458687167,9.698618602789573,primary_link,,False
5528559495,5528559500,159.54362073958083,primary,Anna Salai (Mount Road),True
5528559497,256039826,46.30335164590757,primary,U turn in Guindy,True
5528559497,5528559495,26.859685017485766,primary,Anna Salai (Mount Road),True
5528559498,30037866,181.78880217887823,primary,"['Towards Adayar', 'Anna Salai (Mount Road)']",True
5528559498,3388925676,192.06747026391278,primary,Anna Salai (Mount Road),True
5528559500,301299964,52.92531752142222,residential,,False
5528559500,9885596554,95.84518854002896,primary,Anna Salai (Mount Road),True
5562486548,7101220995,676.1660506375033,primary,Rajiv Gandhi IT Expressway,True
5562486549,11768869712,9.472379681349281,tertiary,,False
5562486549,11465900509,51.67247829323419,primary,Rajiv Gandhi IT Expressway,True
5733272620,247714547,349.94904787675137,residential,,False
6245793329,6245793330,29.105622427669957,primary_link,,False
6245793329,2237592459,461.21308587862677,primary,Anna Salai (Mount Road),True
6245793330,6245793329,29.105622427669957,primary_link,,False
6245793330,256035561,59.18685154672445,primary,Anna Salai (Mount Road),True
6245847122,300159817,62.48992635489568,residential,,False
6245847122,299880505,53.282062034202625,residential,,False
6245904904,299883714,43.039845685359964,residential,,False
6245904904,2167027821,61.260088710489896,residential,,False
6245904904,300464018,46.65638862993189,residential,,False
6245918932,299879272,138.5994302002334,residential,Bhuvaneswary Nagar 1st Main Road,False
6245918932,1457503214,29.63867110418139,residential,Bhuvaneswary Nagar 1st Main Road,False
6245918932,1986353938,63.09805559305969,residential,,False
6245972922,6305009113,52.65818635426473,residential,,False
6245972922,299886616,54.502561703819055,residential,,False
6245972922,2167149252,111.80648114345712,residential,,False
6245972922,6304943212,65.69353299897799,residential,,False
6304903884,299383104,65.7812914728775,residential,,False
6304903884,299880835,46.30932882538081,residential,,False
6304903884,299383124,72.96415035369148,residential,,False
6304943208,299382713,73.06361174429303,residential,Mohanapuri 2nd Street,False
6304943208,300469152,168.39434023111528,residential,Mohanapuri 2nd Street,False
6304943208,6304943212,81.18258431406127,residential,,False
6304943212,6245972922,65.69353299897799,residential,,False
6304943212,299382813,169.86000267134062,residential,,False
6304943212,6304943208,81.18258431406127,residential,,False
6304944533,300195705,140.57982203692163,residential,Blue Cross Road,False
6305009113,6305009114,110.74983226672173,residential,Lake View Road,False
6305009113,6245972922,52.65818635426473,residential,,False
6305009113,277912040,226.05052235129835,residential,Lake View Road,False
6305009114,6305009113,110.74983226672173,residential,Lake View Road,False
6305009114,2167149252,48.61453407236457,residential,,False
6305009114,299385806,206.28937492397716,residential,Lake View Road,False
6305141294,300164819,29.28478022771049,residential,,False
6305141294,300159995,191.8249975398675,residential,Gokulam Street,False
6305141294,300159994,85.51829295288594,residential,Gokulam Street,False
6305144013,2407565225,30.599834725269268,residential,12st Street,False
6305144013,300165215,86.9551175087892,residential,"['12st Street', '2nd Cross Street']",False
6305144013,300463612,31.11421661025349,residential,Astalakshmi Nagar 2nd Street,False
6305258154,299878391,40.09903966044524,residential,,False
6305258154,11059326364,176.9432797923447,residential,,False
6305258154,299878370,329.7036214370697,residential,,False
6305275796,368389294,56.63806564053983,residential,,False
6305275796,11427643666,169.86847147191168,residential,Nagi Reddy thottam Garden Rd,False
6305275796,2241067975,70.56034605307956,residential,Arulayampettai 2nd Street,False
6305284076,300159803,29.054935270314104,residential,,False
6305284076,300159817,34.633299793657955,residential,,False
6305292376,9181580929,25.608477085582926,residential,Lock Street,False
6305292376,9181580929,128.2203276518414,residential,,False
6305292376,269219655,31.454337782332146,residential,Lock Street,False
6305299479,6305299483,66.25523325311642,residential,,False
6305299482,6305299483,69.61297307366414,residential,,False
6305299483,6305299482,69.61297307366414,residential,,False
6305299483,6305299479,66.25523325311642,residential,,False
6305299483,2274401009,115.7205017579956,residential,,False
6305444564,300463599,40.89179210074144,residential,5th Main Road,False
6305444564,5458540726,174.57484576186832,residential,5th Main Road,False
6305444564,5458540727,203.38075327005942,residential,,False
6305461631,11789974947,28.30914917413686,residential,South Street,False
6305461631,300165209,93.56887284097337,residential,South Street,False
6305461631,300165221,52.74404665352184,residential,3rd Street,False
6307225153,1457503224,59.454947175669226,residential,VGP Selva Nagar Ext 5th Street,False
6307225153,1457503217,51.069672339120565,residential,VGP Selva Nagar 2nd Main Road,False
6307225153,1457503216,174.6903621223007,residential,VGP Selva Nagar 2nd Main Road,False
6307227168,364631686,32.36152657921737,residential,,False
6307227168,364637106,10.905804346342538,residential,Main Road,False
6307227168,11427763108,78.21073977411365,residential,Main Road,False
6307234631,299880835,70.81763333095178,residential,,False
6307234631,300304089,86.76354741627385,residential,,False
6307234631,299383124,42.63310251425108,residential,,False
6307239350,2167027835,60.29721639953087,residential,,False
6307239350,6307239351,22.808338293447484,residential,,False
6307239350,299881944,167.7645019865264,residential,,False
6307239351,6307239350,22.808338293447484,residential,,False
6307239351,2167027852,53.60571875115073,residential,,False
6307239351,299878685,88.44666906302324,residential,,False
6307292987,364631689,41.42078764035786,residential,,False
6307292987,364637075,10.135437932715341,residential,,False
6307292987,2172864851,83.18314421946707,residential,,False
6307339499,299879549,62.525938547122756,residential,3rd Street,False
6307339499,300188445,74.67585845613225,residential,3rd Street,False
6307339499,300305467,54.54054150798846,residential,,False
6307339504,300305468,55.32911432353934,residential,,False
6307339504,300305467,34.12644235216859,residential,,False
6307339504,300304760,83.1351272079819,residential,Raghavendra Street,False
6307362548,2168668790,92.27114321283113,secondary,Velachery Road,True
6307362548,2168628943,49.236994492913446,residential,,False
6318051102,299382594,147.18830679080853,residential,Mohanapuri 3rd Street,False
6318051102,299382591,93.14179458020558,residential,Mohanapuri 3rd Street,False
6318051102,300303930,47.51446727957676,residential,,False
6341503681,319500550,40.253039764411284,residential,West Mada Street,False
6341503681,257432758,125.92103316560038,residential,West Mada Street,False
6341503681,257430170,109.06501599490029,residential,,False
6341503684,9179560480,92.48489442615242,residential,East Mada Street,False
6341503684,333734673,98.11654224253066,residential,Thiruvanmiyur Kuppam Beach Road,False
6341503684,257430170,20.4432208106737,residential,East Mada Street,False
6444634789,6444634790,14.528526690887833,secondary_link,,False
6444634789,365988848,297.50424327516924,secondary,Velachery Main Road,True
6444634790,6444634789,14.528526690887833,secondary_link,,False
6444634790,11158696496,297.1189191832048,secondary,Velachery Main Road,True
6444819411,366081888,160.78065521871972,residential,Kaniamman Koil Street,False
6444819411,366081889,28.545568657558498,residential,,False
6444819411,366081887,44.839812241552636,residential,Kaniamman Koil Street,False
6444890773,2167149073,118.49986608645851,residential,,False
6444890773,2167149075,59.86309086638654,residential,,False
6444890773,300165584,46.007031865105596,residential,,False
6444993156,299883587,19.45830398775974,residential,Main Road,False
6444993156,300165222,43.76683163239408,residential,Main Road,False
6444993156,11770291505,44.241477971240094,residential,,False
6445033946,299383250,54.9252418608853,residential,,False
6445033946,300304304,37.306681647047306,residential,,False
6445033946,300304470,44.841247750740386,residential,,False
6445038355,299880477,93.60988693420609,residential,,False
6445038355,11626010096,44.29933263736852,residential,,False
6445038355,11626010094,38.42105834598225,residential,,False
6445040425,300164805,17.65264306861935,residential,Kamarajar Street,False
6445040425,300160268,61.42927338701674,residential,,False
6445040425,300159993,88.4717151674999,residential,Kamarajar Street,False
6445046253,299383048,23.882158697306526,residential,Mohanapuri 4th Street,False
6445046253,338223175,62.035309105354166,residential,Mohanapuri 4th Street,False
6445046253,6445046255,54.300331224696755,residential,,False
6445046255,11259219735,71.90710769270287,residential,,False
6445046255,6445046253,54.30033122469676,residential,,False
6445046255,11259219736,36.146561816307425,residential,,False
6445046257,2167149158,19.336207835405137,residential,,False
6445046257,6445046905,24.400190503972745,residential,,False
6445046257,11259219736,41.9319537306807,residential,,False
6445046904,300304457,15.572504388334199,residential,,False
6445046904,299881867,34.63458218495272,residential,,False
6445046904,6445046905,62.44941594102987,residential,,False
6445046905,6445046257,24.400190503972745,residential,,False
6445046905,2167149162,46.024805833982484,residential,,False
6445046905,6445046904,62.44941594102987,residential,,False
6445060674,391847431,73.11073191229227,tertiary,Arulayammanpet Main,False
6445060674,369632165,40.472450909352084,tertiary,Arulayammanpet Main,False
6445060674,391847432,140.1503158408891,residential,,False
6445060676,11402474767,24.36714448734196,tertiary,,False
6445060676,10595278750,95.16709672406061,residential,,False
6445060676,368385486,56.71860314090482,tertiary,,False
6445148664,364873501,20.070803278711622,residential,Inner Ring Road,False
6445148664,278990105,154.50185605958077,primary,Inner Ring Road,True
6445153073,6445153074,33.7923909202156,residential,,False
6445153073,6497435374,150.1571293242047,residential,,False
6445153073,2241065728,298.12399387484953,residential,Labour Colony 2nd Street,False
6445153074,6445153073,33.7923909202156,residential,,False
6445153074,2241065717,12.843333124742099,residential,Labour Colony 2nd Street,False
6445153074,391847440,46.04073198877653,residential,Labour Colony 2nd Street,False
6445191536,2167027821,40.016921807033505,residential,,False
6445191536,299883714,60.70888479012456,residential,,False
6445191536,2167027825,57.26833788597037,residential,,False
6445277942,325209560,28.771341322006585,residential,Dhandeeswaram Nagar 8th Cross Road,False
6445302904,366081898,125.48096916236638,residential,Anna Street,False
6445302904,366081896,36.85909894945928,residential,Anna Street,False
6445302904,366081901,184.9516909055111,residential,Elango Street,False
6445481214,11806414078,3.9675976434691664,tertiary,Thiruvallur Street,False
6445481214,6445481215,43.934507387584176,residential,,False
6445481214,11757025950,25.75574312459121,tertiary,Thiruvallur Street,False
6445481215,338461714,30.2501083756847,residential,Anna Street,False
6445481215,6445481214,43.934507387584176,residential,,False
6445481215,6445481216,41.77787374424339,residential,,False
6445481215,338461744,30.10752995231516,residential,Anna Street,False
6445481216,338461705,76.13151383812581,residential,Kamaraja Street,False
6445481216,6445481215,41.77787374424339,residential,,False
6445481216,338466125,244.91256521792104,residential,Kamaraja Street,False
6445486637,269219561,100.6437811345113,residential,,False
6445651767,2407565211,81.36489100928489,residential,,False
6445743573,300312651,57.03087852202479,residential,Dhandeeshwaram Nagar 2nd Cross Street,False
6445743573,11431675433,1.5526631162404936,residential,Dhandeeshwaram Nagar 2nd Cross Street,False
6445743573,6445743574,45.436634929948,residential,,False
6445743574,300463846,17.91397119453364,residential,Dhandeeshwaram Nagar 3rd Cross Street,False
6445743574,300312653,94.53861380873957,residential,Dhandeeshwaram Nagar 3rd Cross Street,False
6445743574,6445743573,45.436634929948,residential,,False
6445985885,257430009,30.92773738112517,residential,3rd Main Road,False
6446055847,303453797,60.73835114078227,residential,Peliyamman Kovli Street,False
6446055847,303453739,37.080973154305646,residential,Karunanidhi Main Street,False
6446055847,338466420,25.38175677549844,residential,Karunanidhi Main Street,False
6446055847,338466268,98.94168451393824,residential,Ramasamy Street,False
6446097872,257432741,10.612818164192834,residential,Kasturibai Nagar 2nd Cross Street,False
6446097872,243051706,167.21569259219766,primary,Sardar Patel Road,True
6450934128,339291603,49.87320847186908,residential,,False
6450934128,339291884,40.06954843556675,living_street,,False
6450934128,339291600,52.35678147329927,residential,,False
6450947189,1183430847,713.3321672484012,tertiary,Taramani Road,True
6451339709,11192479772,20.55922566755709,residential,,False
6451339709,11192479773,20.06145770198524,residential,,False
6451339709,6451339710,80.07122377957315,residential,,False
6451339710,300464381,80.14241612045797,residential,,False
6451339710,300464383,70.04389355673743,residential,,False
6451339710,6451339709,80.07122377957315,residential,,False
6451636063,11772949104,90.4378495006645,primary,Durgabai Deshmukh Road,True
6451636068,249497592,77.13808313441314,residential,B. Ramachandra Adithanar Road,False
6451636068,6451636063,81.91895790525058,residential,,True
6451658877,299883970,147.75003774313814,residential,,False
6451658877,299883969,19.464999129748623,residential,,False
6451658877,299883210,36.15711970275633,residential,,False
6451660876,299879174,94.89747813517673,residential,13th Main Road,False
6451660876,299879177,97.98742625987984,primary,Major Mukund Varadharajan Salai,True
6489913386,338466381,97.600564034981,residential,Anna Street,False
6489913386,338466343,44.18311987674306,residential,Anna Street,False
6489913386,338466394,125.89451345678674,residential,Nethaji Street,False
6496066205,6496066206,50.04160631685678,residential,,False
6496066205,364879713,64.41068055940531,residential,,False
6496066205,256029531,124.87247138661144,residential,,False
6496066206,2241058261,41.319237123151034,residential,,False
6496066206,6496066205,50.04160631685678,residential,,False
6496066206,364879705,97.21307458761927,residential,,False
6496531946,300164133,34.88190573409823,residential,Kannagi Street,False
6496531946,11770278962,49.35583077521377,residential,Kannagi Street,False
6496531946,300164148,42.13130777356511,living_street,,False
6496531946,300164147,33.687835751962815,living_street,,False
6496890934,269219380,151.60531939047786,residential,3rd Main Road,False
6496890934,269219294,102.37959364063815,residential,3rd Main Road,False
6496890934,6496890935,45.229713215549744,residential,,False
6496890935,269219292,153.6723450549187,residential,2nd Main Road,False
6496890935,6496890934,45.229713215549744,residential,,False
6496890935,269219294,136.23578662839122,residential,2nd Main Road,False
6496905521,252391739,9.378091222167704,residential,,False
6496905521,2212827553,168.95947444942885,secondary,Gandhi Mandapam Road,True
6496915031,247714174,63.920474727136465,secondary,,False
6496915031,10280133247,48.33502377308463,secondary,,False
6496915031,6496915033,184.0229669178308,residential,,False
6496915033,369632138,67.86164480794453,tertiary,Corporation Water Works Road,False
6496915033,369672908,48.00143766092946,tertiary,Corporation Water Works Road,False
6496915033,6496915031,184.0229669178308,residential,,False
6496965127,2241063762,24.401781517759467,residential,,False
6496965127,7025018518,40.17663624801623,residential,,False
6496965127,11786602390,36.70736049954271,residential,,False
6496965128,7025018518,40.5108116887594,residential,,False
6496965128,269766793,145.63799227914515,primary,Taluk Office Road,True
6497435374,280088651,5.785394487921815,residential,Reddy 1st Street,False
6497435374,368385370,238.14420494219075,residential,Reddy 1st Street,False
6497435374,6445153073,150.15712932420467,residential,,False
6497684538,300165127,48.696143362351584,residential,,False
6497684538,300165131,134.05261424534197,residential,Lakshmi Hayagriva 2nd Main Road,False
6497684538,300165130,148.14955818683856,residential,Lakshmi Hayagriva 2nd Main Road,False
6497689886,299880833,35.338088494230846,residential,,False
6497689886,299881750,93.90312755781588,residential,,False
6497689886,6497689887,51.44329384950675,residential,,False
6497689887,299382923,94.14075900170495,residential,Mohanapuri 5th Street,False
6497689887,300303931,104.35930149098618,residential,Mohanapuri 5th Street,False
6497689887,6497689886,51.44329384950675,residential,,False
6497873011,3674393190,43.071404541544446,residential,,False
6497873011,6795313110,92.74099848886819,residential,TNHB Colony 1st Main Road,False
6497873011,300162588,61.59455719035459,residential,TNHB Colony 1st Main Road,False
6497888143,6497888144,80.26227152697021,residential,,False
6497888144,6497888143,80.26227152697021,residential,,False
6497888144,2216189440,198.52580498753,primary,Anna Salai (Mount Road),True
6497938465,4314770660,8.698438755144588,residential,Gulmohar Avenue,False
6497938465,366081878,173.73173081074646,secondary,Velachery Main Road,True
6498272044,300164886,17.357583007073988,residential,,False
6498272044,6498272045,45.16242099513097,residential,,False
6498272044,299878550,76.15759571838609,residential,2nd Main Road,False
6498272045,6498272044,45.16242099513097,residential,,False
6498272045,300164902,110.63872784452208,residential,,False
6498272045,300164902,145.44526380829456,residential,,False
6498321179,11185858379,16.27540276789916,residential,,False
6498321179,299881945,47.70834458705552,residential,,False
6498321179,6498321180,41.409253317896436,residential,,False
6498321180,11591529924,80.79550377757144,residential,,False
6498321180,11301565297,27.79209283774432,residential,,False
6498321180,6498321179,41.409253317896436,residential,,False
6502889951,2167148951,126.89556128397336,residential,Sri Devi Karumari Amman Nagar 8th Street,False
6502889951,6502889952,38.477161465233095,residential,,False
6502889951,2167148944,61.415147300727696,residential,,False
6502889952,2167148965,11.884284769557759,residential,Sri Devi Karumari Amman Nagar 7th Street,False
6502889952,2167148962,128.56741312054348,residential,Sri Devi Karumari Amman Nagar 7th Street,False
6502889952,6502889951,38.477161465233095,residential,,False
6536963541,3674408087,58.2491380654407,residential,,False
6536963544,330653469,62.1192907085996,residential,,False
6536963545,6536963546,65.53414354862392,residential,,False
6536963546,416850068,31.021389073501393,tertiary,Kannagam Road,False
6536963546,6536963545,65.53414354862392,residential,,False
6536963546,330653469,59.05896964483149,tertiary,Kannagam Road,False
6536963548,6536963549,42.57176693458229,residential,,False
6536963548,6988819699,45.467394449034224,residential,,False
6536963548,6536963550,43.795410223610745,residential,,False
6536963549,11591483883,19.901874445976265,residential,Pillaiyar Koil Street,False
6536963549,6536963548,42.57176693458229,residential,,False
6536963549,416849961,107.63804891759305,residential,Pillaiyar Koil Street,False
6536963550,2274401033,61.1456436656681,residential,,False
6536963550,6988819701,38.02325670874718,residential,,False
6536963550,6536963548,43.795410223610745,residential,,False
6536963551,6988819701,17.838270256612997,residential,4th Cross Street,False
6536963552,257430160,97.32534692681176,residential,Gangai Amman Koil Street,False
6536963580,2699418581,60.89448764296143,residential,,False
6536963580,291193235,39.68652516714171,residential,,False
6536963580,291192859,68.31889545459397,residential,,False
6547624283,6547624284,61.056554981790086,residential,,False
6547624284,325209851,6.4241855463163775,residential,Dhandeeshwaram Nagar 7th Main Road,False
6547624284,325209833,43.99931122913115,residential,Dhandeeshwaram Nagar 7th Main Road,False
6547624284,6547624283,61.056554981790086,residential,,False
6547635085,325209851,83.63953523117164,residential,Dhandeeshwaram Nagar 3rd Avenue (East),False
6552436476,6552436477,66.59035170637748,residential,Dhandeeshwaram Nagar 1st Avenue (East),False
6552436477,325209310,66.86178342024206,residential,Dhandeeshwaram Nagar 7th Main Road,False
6552436477,300311903,35.22273675864265,residential,Dhandeeshwaram Nagar 7th Main Road,False
6552436477,6552436476,66.59035170637748,residential,Dhandeeshwaram Nagar 1st Avenue (East),False
6583208815,1751205809,88.88123858139491,residential,SaiPutra Road,False
6583208815,10120160596,102.23807477413786,primary,100 Feet Road,True
6585596278,269219263,78.89507257678011,residential,Surya Nagar,False
6585596278,10636094301,539.8296252872472,residential,Surya Nagar,False
6585596278,11777067335,137.73769894206924,residential,,False
6586209794,11777067336,373.5409798644169,residential,Surya Nagar Street,False
6586209794,2218345850,104.7980092083715,residential,Surya Nagar Street,False
6586209794,6586209798,329.1439004577711,residential,,False
6586209798,11777067335,50.79867287923353,residential,,False
6586209798,11777067330,34.03537797011767,residential,,False
6586209798,6586209794,329.1439004577711,residential,,False
6588171743,300164212,17.11625759358647,residential,,False
6588171743,300164286,13.103623580906016,residential,,False
6588171743,338440225,120.1912876066098,residential,Madhavan Street,False
6588259894,2168576111,26.807235597412575,residential,Service Road,False
6588259894,4278284257,41.93797114220636,residential,Service Road,False
6588259894,6588259895,10.807826598995382,residential,,False
6588259895,5456056205,39.678334008736115,primary,Taramani Link Road,True
6588259895,6588259894,10.807826598995382,residential,,False
6595530675,338461701,53.43770591412693,residential,Godavari Street,False
6595530678,338461701,30.81035428298488,residential,Karunanadhi 4th Street,False
6595530678,303453740,167.5634750290432,residential,Karunaidhi 2nd Street,False
6595530678,338466322,17.118993479220364,residential,Karunanadhi 4th Street,False
6595530680,338466283,81.84310767481912,primary,Taramani Link Road,True
6595530680,338466317,45.57924365114529,residential,Karunanadhi 4th Street,False
6595580907,338406543,108.80738886603034,residential,Sarathy Nagar 2nd street,False
6637715204,7806766992,74.11527954898393,residential,,False
6727378286,313774937,86.15325771253814,residential,,False
6773718417,310535741,160.71288590974316,secondary,Dr Muthulakshmi Salai,True
6773718418,257430109,40.6174038027136,tertiary,Shastri Nagar 1st Avenue,False
6773718418,310535740,33.69958608337987,tertiary,Shastri Nagar 1st Avenue,False
6773718418,6773718417,45.80994017960329,secondary_link,,True
6773718422,310535740,35.92290344149468,secondary,Dr Muthulakshmi Salai,True
6773718422,6773718418,54.86048584521687,secondary,,True
6774041896,30268467,131.44566761161062,primary,Rajiv Gandhi IT Expressway,True
6783512455,2241068148,55.35291373807102,living_street,,False
6783512455,2241068112,181.46372181856813,"['residential', 'living_street']",Nagi Reddy thottam Garden Rd,False
6783512455,11427643629,175.45528057095837,residential,,False
6786335837,6786335841,61.71119621039059,residential,,False
6786335838,6786335839,57.638406395065836,residential,,False
6786335839,6786335838,57.638406395065836,residential,,False
6786335839,2167027634,24.48745829604438,residential,,False
6786335839,2167027707,31.578552349110176,residential,,False
6786335840,6786335841,58.07896794915589,residential,,False
6786335841,6786335840,58.07896794915589,residential,,False
6786335841,2167027634,17.355737764124544,residential,,False
6786335841,6786335837,61.71119621039059,residential,,False
6790387533,6790387534,60.794538460825365,living_street,70th Lane,False
6790387534,330420173,31.848674444251667,residential,TNHB Colony 3rd Avenue,False
6790387534,300192045,30.65294738073258,residential,TNHB Colony 3rd Avenue,False
6790387534,6790387533,60.794538460825365,living_street,70th Lane,False
6790452752,11794889744,60.17158117318984,residential,,False
6790452752,11794889749,167.63685081132363,residential,Rohini Gardens,False
6790452752,6790452757,92.34196501038886,residential,,False
6790452753,9181580899,48.30938376166398,residential,Rohini Gardens,False
6790452753,264040360,0.8032389885140282,residential,Rohini Gardens,False
6790452753,11794889744,51.284838338952866,residential,,False
6790452754,264040360,35.29079751913043,residential,Rohini Gardens,False
6790452754,9181580902,22.921784381031486,residential,Rohini Gardens,False
6790452754,6790452757,153.83407427670318,residential,,False
6790452757,6790452754,153.83407427670318,residential,,False
6790452757,9181580900,23.14662759511767,residential,,False
6790452757,6790452752,92.34196501038886,residential,,False
6790452764,332095380,22.236789805939978,residential,,False
6790452764,6790452768,54.194723753745976,residential,,False
6790452764,11763079338,114.77433055137641,residential,,False
6790452768,6790452769,10.607400530478714,residential,,False
6790452768,5406601848,305.83317270698336,primary,Santhome High Road,True
6790452768,6790452764,54.194723753745976,residential,,False
6790452769,6790452768,10.607400530478714,residential,,False
6790452769,264040319,230.70941984502144,primary,Santhome High Road,True
6795313107,11054461468,51.64846214614088,residential,38th Lane,False
6795313107,300164008,30.607063984673996,residential,2nd Avenue,False
6795313107,330420199,30.038816873208496,residential,2nd Avenue,False
6795313110,299386190,62.17379192595711,residential,TNHB Colony 1st Main Road,False
6795313110,6497873011,92.74099848886819,residential,TNHB Colony 1st Main Road,False
6795313110,11419436624,70.76471678442017,residential,TNHB Colony 99th Lane,False
6799326136,268789823,18.277582023997375,primary,Gandhi Mandapam Flyover,True
6799326136,671200714,245.9423405500783,primary,Sardar Patel Road,True
6801270882,299385934,9.76174792149505,tertiary,Nethaji Road,False
6801270882,300159995,21.722424352186803,tertiary,Nethaji Road,False
6801270882,313444569,44.920293423809206,residential,,False
6804537842,6804537851,70.98961661809822,secondary,4th Main Road,False
6804537842,11757871818,57.05132082842751,secondary,South Avenue,False
6804537842,333732441,9.017322164484616,residential,South Avenue,False
6804537846,333732415,48.13381524165786,residential,Vasudeva Nagar,False
6804537846,4839937391,36.35935575733822,residential,,False
6804537846,6804537848,95.35777556618265,residential,Vasudeva Nagar,False
6804537848,6804537849,47.504505450657135,residential,18th East Street,False
6804537848,6804537846,95.35777556618265,residential,Vasudeva Nagar,False
6804537848,6804537857,204.57268944935504,residential,"['17th East Street', '15th East Street']",False
6804537849,6804537857,157.08773675239232,residential,16th East Street,False
6804537849,6804537848,47.504505450657135,residential,18th East Street,False
6804537849,6804537851,50.91694244807991,residential,18th East Street,False
6804537851,310535941,99.7317272638958,secondary,4th Main Road,False
6804537851,6804537842,70.98961661809822,secondary,4th Main Road,False
6804537851,6804537849,50.91694244807991,residential,18th East Street,False
6804537854,257439279,66.85526506345172,secondary,4th Main Road,False
6804537854,310535941,57.07696594589017,secondary,4th Main Road,False
6804537854,6804537857,53.41944365007098,residential,15th East Street,False
6804537857,6804537854,53.41944365007098,residential,15th East Street,False
6804537857,6804537849,157.08773675239232,residential,16th East Street,False
6804537857,6804537848,204.57268944935504,residential,"['17th East Street', '15th East Street']",False
6812001750,6812001753,176.31301204304404,residential,,False
6812001750,6812001753,151.75578470076414,secondary,Velachery Main Road,True
6812001753,6812001750,176.31301204304404,residential,,False
6812001753,7111954111,513.8705152599548,secondary,Velachery Main Road,True
6816790397,11773348037,37.43316391152581,primary,Rajiv Gandhi IT Expressway,True
6816790397,14094110631,81.74677402240452,primary,Sardar Patel Road,True
6816790401,6816790397,28.420956315176475,primary,Sardar Patel Road,True
6816790401,11773348037,49.26853578958812,primary_link,,True
6818831853,4239226796,19.031588535195123,residential,Bhuvaneswary Nagar 1st Main Road,False
6818831853,4239226795,15.790019305955024,residential,Bhuvaneswary Nagar 1st Main Road,False
6818831853,11612773138,60.84494349630539,residential,,False
6869017084,2241062473,57.07551415272164,secondary,Velachery Road,True
6869017084,301299965,36.49461947123817,residential,,False
6988819699,6536963548,45.467394449034224,residential,,False
6988819701,6536963550,38.02325670874718,residential,,False
6988819701,300457896,63.95221037605052,residential,4th Cross Street,False
6988819701,6536963551,17.838270256612997,residential,4th Cross Street,False
6988819703,2274401025,44.35147334437378,residential,,False
6988819703,4841378906,16.671512694010747,residential,,False
6988819703,2274401028,110.25464334397884,residential,Netaji Street,False
6988819704,2274401009,169.28883121592034,residential,Nehru Street,False
7016048930,299883747,182.23934660420065,residential,"['Sri Devi Karumari Amman Nagar Avenue', 'Sri Devi Karumari Amman Nagar 1st Street']",False
7018303439,364628480,68.98639686002687,residential,,False
7018373640,1141164395,8.59265424339865,tertiary,Perungudi station road,False
7018373640,1141163606,39.852287806036024,tertiary,Perungudi Station Road,True
7018971562,1730498180,31.342411698761513,residential,2nd Cross,False
7018971562,299805382,67.68192271901054,residential,2nd Cross,False
7018971562,11772701100,21.995540783620555,residential,,False
7024754331,7024754332,41.083858336661955,residential,,False
7024754332,7024754331,41.083858336661955,residential,,False
7024754332,278990640,47.49803187007799,residential,,False
7024754332,7024754333,30.848201572009263,living_street,,False
7024754332,364637106,88.84127362778423,residential,Main Road,False
7024754333,7024754332,30.848201572009263,living_street,,False
7024968822,12418878941,72.19458150206972,secondary,Dr. Muthulakshmi Road,True
7024968822,319493860,225.21902944966365,residential,Anand Apartments Road,False
7025018515,301299929,72.53064024013622,residential,,False
7025018515,2168628932,11.994991133058576,residential,,False
7025018515,7025018517,39.16261656681646,living_street,,False
7025018515,11043320024,43.940005041665216,living_street,,False
7025018516,7025018517,31.70722663256577,living_street,,False
7025018517,7025018515,39.16261656681646,living_street,,False
7025018517,7025018516,31.70722663256577,living_street,,False
7025018517,11043356680,20.09833754068259,living_street,,False
7025018518,6496965127,40.17663624801623,residential,,False
7025018518,6496965128,40.5108116887594,residential,,False
7025018518,11786602391,33.361606943813186,living_street,,False
7027462127,330653663,51.73715010813033,residential,,False
7030307788,7030307790,31.826167403955807,residential,,False
7030307789,7030307790,22.976753846702703,residential,,False
7030307790,7030307788,31.826167403955807,residential,,False
7030307790,7030307789,22.976753846702703,residential,,False
7030307790,7030307791,30.923779896508826,residential,,False
7030307791,11612670134,60.39462799059281,residential,,False
7030307791,338440036,89.45834854953358,residential,,False
7030307791,7030307790,30.923779896508826,residential,,False
7030613348,9181580951,50.19301687393968,residential,,False
7035475566,7035475567,46.051182195619894,residential,,False
7035475567,250363499,34.25709990330246,secondary,70 Feet Road,True
7035475567,7035475566,46.051182195619894,residential,,False
7035475569,250363499,10.293389997419075,residential,Gandhi Street,False
7035475569,250363513,121.96864215008188,residential,Gandhi Street,False
7035475569,7035475577,38.74908732718821,secondary,,True
7035475572,250363524,37.93942757191279,residential,,False
7035475572,7035475575,32.782493951361445,secondary,,True
7035475572,2168668966,8.080917786354766,residential,,False
7035475575,250363515,111.40613474931438,residential,Hospital Road,False
7035475575,250363497,7.977529449713781,residential,,False
7035475576,250363525,40.47425158928048,residential,,False
7035475576,7035475572,48.341909442106946,secondary,,True
7035475577,250363516,119.36705688547137,residential,,False
7035475577,7035475576,49.9292843971432,secondary,,True
7042650198,343711369,15.896532109365202,tertiary,Alandur Road,False
7042650198,256029755,16.888808776862117,residential,Hospital Road,False
7043256355,338470480,59.35803409799391,residential,,False
7043256355,7043256358,53.276678862914125,residential,,False
7043256355,9179599613,67.24711497426335,residential,,False
7043256358,7043256355,53.276678862914125,residential,,False
7045420774,7045420776,63.7556903370213,residential,,False
7045420776,11648530715,11.941960435881766,residential,,False
7045420776,11648530713,24.667923104434813,residential,,False
7045420776,7045420774,63.7556903370213,residential,,False
7047990709,313783509,11.010724820369036,residential,,False
7047990709,257432750,21.04126336611872,secondary,Dr Muthulakshmi Salai,True
7047991372,11821049875,51.77736112022829,residential,,False
7047991372,2218345890,41.53051292567385,residential,,False
7047991372,2218345890,99.80769587726877,residential,South Lock Street,False
7048509550,310504063,8.911231481568027,tertiary,,False
7048509550,264040311,297.70431793483306,primary,Santhome High Road,True
7050859133,312025389,18.985711518974583,residential,,False
7101220995,310535870,46.47879421769939,primary,Rajiv Gandhi IT Expressway,True
7101220995,1676204899,55.656885716034445,primary_link,,True
7111954110,7111954111,6.726865972141036,primary,Velachery Bypass Road,True
7111954110,338406760,20.31334251820021,secondary,Velachery Main Road,True
7111954111,7111954112,13.333401663114454,secondary,Velachery Main Road,True
7111954112,249112798,7.422559233291305,primary,Velachery Bypass Road,True
7111954112,11938949875,192.12042741153883,secondary,Velachery Main Road,True
7171897980,9189148333,98.6985930545216,residential,,False
7171897980,9189109013,65.6717541547115,residential,,False
7171897980,364873511,84.446003949434,residential,,False
7172006387,303511149,864.9592762369388,residential,Vetenaz Hospital Road,False
7266494417,7266494418,75.722306829207,residential,Pradhap Chandran Street,False
7266494418,7266494419,39.82081772527245,residential,Gangai Amman Koil Street,False
7266494418,338440272,8.845208902680204,residential,Gangai Amman Koil Street,False
7266494418,7266494417,75.722306829207,residential,Pradhap Chandran Street,False
7266494419,338440271,9.264697962099993,residential,Gangai Amman Koil Street,False
7266494419,7266494418,39.82081772527245,residential,Gangai Amman Koil Street,False
7266494419,11770278933,81.8355043389156,residential,Kannagi Street,False
7266494420,11770278927,24.137721996686576,residential,,False
7266494420,300313031,30.710015498104,residential,,False
7266494420,11770278929,31.20095874963281,residential,Kannagi Street,False
7652452428,256035577,203.7834790926626,residential,Jothiammal Nagar,False
7652452428,11753703527,280.2772355890351,residential,,False
7652452428,2237592459,121.63172329616093,residential,Jothiammal Nagar,False
7800752329,11064608710,63.10758634663307,residential,,False
7800752329,14104708476,57.78469629536722,residential,Karuna Street,False
7800752329,1457503207,69.02451136235253,residential,Karuna Street,False
7806646876,299883833,72.86877312631705,residential,Bhavani Street,False
7806646878,11768865791,38.534766096440194,residential,,False
7806646878,11768865797,17.568554960968207,residential,,False
7806646878,12040953841,46.81419749790233,residential,,False
7806670135,299878883,40.2331848341416,residential,5th Main Road,False
7806670146,11056212008,111.81695057795693,residential,,False
7806670150,12204815383,35.63247411589636,residential,2nd Street,False
7806670150,330420114,59.521672848826555,residential,2nd Street,False
7806670150,12204815385,43.39392020617707,residential,,False
7806740559,300185825,44.334169467259365,residential,,False
7806740559,300186101,11.234811195005324,residential,,False
7806740559,7806740563,59.8608594751074,residential,,False
7806740563,7806740559,59.8608594751074,residential,,False
7806740567,2167027689,107.7169353443315,residential,,False
7806740567,2167027610,193.14838717347192,residential,,False
7806740567,10706568149,90.24053272133919,residential,,False
7806740575,7806740576,57.836640219576324,residential,,False
7806740576,300463580,44.477881396426746,residential,Nethaji Colony 6th Cross Street,False
7806740576,299878391,44.8254806584535,residential,Nethaji Colony 6th Cross Street,False
7806740576,7806740575,57.836640219576324,residential,,False
7806740576,11306915473,12.795738499475247,residential,,False
7806740579,299883586,41.62102264634055,residential,,False
7806740579,11612617051,33.939018328027366,residential,,False
7806740579,11043723059,33.74367766530396,residential,,False
7806740579,11612617050,35.45883977012669,residential,,False
7806766990,330420320,33.68541444997452,residential,12th Cross Street,False
7806766990,300194175,40.14876186660491,residential,12th Cross Street,False
7806766990,7806766991,82.14737428887115,residential,12th Cross Street,False
7806766991,330420309,37.57492131746531,residential,,False
7806766991,7806766992,89.80067415875887,residential,,False
7806766991,300159440,56.06371148161075,residential,,False
7806766991,7806766990,82.14737428887115,residential,12th Cross Street,False
7806766992,11801132750,2.63162837556533,residential,,False
7806766992,7806766991,89.80067415875887,residential,,False
7806766992,6637715204,74.11527954898393,residential,,False
7806767001,300463970,76.16038907835622,residential,,False
7806767005,7806767007,53.0376877296458,residential,Balahi Colony Main Road,False
7806767005,300165215,41.628740528856575,residential,Balahi Colony Main Road,False
7806767005,7806767006,69.48781729647152,residential,,False
7806767006,7806767005,69.48781729647152,residential,,False
7806767007,7806767005,53.0376877296458,residential,Balahi Colony Main Road,False
7806767007,11770378194,23.02886004328983,residential,,False
7806767007,338406678,137.46769918491097,residential,Sasi Nagar Road,False
7806767040,299878653,74.3604463837116,residential,,False
7817675804,2230781326,48.40761736855542,residential,,False
7825577542,7825577543,81.68075039305207,residential,,False
7825577543,7825577542,81.68075039305207,residential,,False
7825577543,2168960231,77.20185031698433,tertiary,"['Pillayar koil street', 'Nethaji Road']",False
7825577543,2168960212,33.89375149435463,tertiary,Nethaji Road,False
7825577566,7826394680,80.75918351210363,residential,,False
7826160025,300159970,34.8335519477218,residential,,False
7826160025,299880454,91.12626741279254,residential,,False
7826160025,300159908,99.35933338670756,residential,,False
7826160038,365988855,641.0547791759399,tertiary,Race Course Interior Road,False
7826160038,313444644,178.71712015214,tertiary,Race Course Interior Road,False
7826160038,7826160040,98.5638930536847,residential,,False
7826160040,7826160038,98.5638930536847,residential,,False
7826160048,366081892,10.94225023825382,residential,Nehru Nagar 1st Main Road,False
7826160048,366081894,16.98724538297833,residential,Nehru Nagar 1st Main Road,False
7826160048,7826160049,59.61966370748786,residential,,False
7826160049,366081901,31.07876461822659,residential,Nehru Nagar 2nd Main Road,False
7826160049,7826160048,59.61966370748786,residential,,False
7826160049,366081899,78.64803613721054,"['residential', 'living_street']",Nehru Nagar 2nd Main Road,False
7826160050,300164133,74.95502137138698,residential,Kannagi Street,False
7826160051,300164803,42.3105120633759,residential,Nehru Nagar 1st Main Road,False
7826160051,330410558,29.099147126534596,residential,Nehru Nagar 1st Main Road,False
7826160051,338440260,124.83677393588331,residential,,False
7826394668,7826394670,52.326321550776,residential,,False
7826394668,7826394669,82.66388340706366,residential,,False
7826394668,256029471,79.84827359738563,residential,,False
7826394669,256029531,78.64942496154248,residential,,False
7826394669,7826394668,82.66388340706366,residential,,False
7826394669,7826394671,52.554688788625725,residential,,False
7826394670,7826394668,52.326321550776,residential,,False
7826394670,256029493,30.896385580487408,residential,,False
7826394670,7826394671,82.72728085985321,residential,,False
7826394671,256029530,29.041690553082173,residential,,False
7826394671,7826394670,82.72728085985321,residential,,False
7826394671,7826394669,52.554688788625725,residential,,False
7826394674,7826394679,135.39894806451554,residential,,False
7826394679,339291576,96.3769693159529,residential,,False
7826394679,339291575,23.435901184931947,residential,,False
7826394679,7826394674,135.3989480645155,residential,,False
7826394680,7825577566,80.75918351210363,residential,,False
7826394680,11033781227,20.799119269269333,residential,,False
7826394680,7826394681,71.62921926714021,residential,,False
7826394681,7826394680,71.62921926714021,residential,,False
7826394719,299880497,36.220744935710385,residential,,False
7826394719,7826394720,57.17781068452848,residential,,False
7826394719,300159971,133.1491086921663,residential,,False
7826394720,300159802,51.71290467785063,residential,2nd Main Road,False
7826394720,7826394719,57.17781068452848,residential,,False
7826394720,300159788,9.488213717328987,residential,,False
7826394723,300195704,77.81770871529835,secondary,Velachery Main Road,True
7826394723,7826394724,105.73400489312665,residential,,False
7826394724,7826394723,105.73400489312667,residential,,False
7826460018,339291914,55.63385921612311,residential,,False
7826460018,339291906,33.45927203245222,residential,,False
7826460018,7826460019,45.60775322359419,residential,,False
7826460019,7826460018,45.60775322359419,residential,,False
7826460021,339291604,55.46436496482152,residential,,False
7826460021,339291599,36.18118479647403,residential,,False
7826460021,7826460022,32.45152469205569,residential,,False
7826460022,339291588,34.92961082640103,residential,,False
7826460022,300193664,56.35432768403199,residential,,False
7826460022,7826460021,32.45152469205569,residential,,False
7826460029,299880309,35.061599336119535,tertiary,Pillayar koil street,False
7826460029,11632565794,14.754698574021493,living_street,Sun Street,False
7826460029,339291586,17.70519497941957,tertiary,Pillayar koil street,False
7826460030,299880589,43.44303172725671,tertiary,Pillayar koil street,False
7826460030,7826460031,61.890517171825714,residential,,False
7826460030,2168960244,26.307668369891992,tertiary,Pillayar koil street,False
7826460031,7826460030,61.890517171825714,residential,,False
8041810500,300464877,41.351981787225995,residential,Varatharajapuram,False
8041810500,8041810501,39.54853756125753,residential,Varatharajapuram 1st Lane,False
8041810500,1457503503,120.41844441459514,residential,Varatharajapuram,False
8041810501,8041810500,39.54853756125753,residential,Varatharajapuram 1st Lane,False
8042009288,2168576074,20.26315982180326,residential,VGP Selva Nagar Extn 1st Main Road,False
8042009288,1457503237,48.54411377069772,residential,VGP Selva Nagar Extension 5th Street,False
8042009288,1641561884,23.534677921534644,residential,VGP Selva Nagar Extn 1st Main Road,False
8042009289,338406589,41.96811464759574,residential,,False
8140811078,5225935888,12.136991094768621,primary,Thiruvalluvar Salai,True
8140811078,10282022435,12.201822063487443,secondary,Dr. Muthulakshmi Road,True
8140811080,8140811078,11.29477679805727,primary,Thiruvalluvar Salai,True
8140811080,11645087672,153.31086892393031,secondary,Kalki Krishnamurty Road,True
8697656184,2197525484,10.88665383112489,primary,,False
8697656184,9575558232,303.60397277963506,primary,,False
8697656184,330401249,277.3148309997435,residential,6th Main Road,False
9179560423,333604599,19.83775808260801,residential,2nd Street,False
9179560423,301299702,44.77051104514172,residential,2nd Street,False
9179560423,313139412,53.00765833846716,residential,,False
9179560424,9179560425,43.18794939154293,residential,,False
9179560425,279610139,55.882968395193984,tertiary,Tiruvalluvar Nagar 2nd Avenue,False
9179560425,333744831,29.054860494817962,tertiary,Tiruvalluvar Nagar 2nd Avenue,False
9179560425,9179560424,43.18794939154293,residential,,False
9179560428,333743840,24.995089800566873,residential,1st Main Road,False
9179560428,333743777,12.129112283531592,residential,1st Main Road,False
9179560428,9179560429,70.73252167811526,residential,,False
9179560429,11064737256,24.995487705354414,residential,TVK Koil 3rd Street Ext,False
9179560429,9179560428,70.73252167811526,residential,,False
9179560429,11064737257,34.347436066628454,residential,TVK Koil 3rd Street Ext,False
9179560434,333734688,77.94495079528718,residential,Balakrishnan Road,False
9179560434,11578863268,96.12038930523262,residential,,False
9179560434,333734689,78.03594737944616,residential,Balakrishnan Road,False
9179560436,2168628444,79.79553985916532,residential,,False
9179560441,9179560443,113.90390789125973,residential,4th Seaward Road,False
9179560441,313139002,312.3697657206833,residential,4th Seaward Road,False
9179560441,11217132749,83.84840563128829,residential,,False
9179560443,333734689,52.90914478158696,residential,4th Seaward Road,False
9179560443,9179560441,113.90390789125973,residential,4th Seaward Road,False
9179560443,2168628435,120.15170725765014,residential,,False
9179560450,313138965,38.22388446056494,residential,,False
9179560450,11217099223,33.28335452296978,living_street,,False
9179560450,11756873875,30.947179329593865,residential,,False
9179560461,11217099224,24.12561088697745,living_street,,False
9179560466,2168628462,36.60474020463448,residential,,False
9179560469,11045782628,53.95157432917,residential,3rd Seaward Road,False
9179560469,2168628456,57.03727968330797,residential,3rd Seaward Road,False
9179560469,333734680,278.73628856109383,residential,2nd Seaward Road,False
9179560472,333732498,72.32084788865181,residential,,False
9179560473,319500580,68.68290912955395,residential,Mettu Street,False
9179560473,9179560475,63.83638180225848,living_street,,False
9179560473,319500557,62.846092716581616,residential,Mettu Street,False
9179560475,9179560476,30.13924326691928,living_street,,False
9179560475,9179560473,63.83638180225848,living_street,,False
9179560475,9179560477,63.7756994822258,living_street,,False
9179560476,9179560475,30.13924326691928,living_street,,False
9179560477,11757871822,14.305744492095947,primary,East Coast Road,True
9179560477,9179560475,63.7756994822258,living_street,,False
9179560478,319500511,100.19117568302251,residential,Rajagopalan Road,False
9179560478,333732552,80.02519340199473,residential,,False
9179560478,334270752,99.098572222357,residential,Rajagopalan Road,False
9179560479,333734673,38.46965272097195,residential,,False
9179560480,257430165,33.96622196505523,residential,East Mada Street,False
9179560480,6341503684,92.48489442615242,residential,East Mada Street,False
9179560480,9179560481,43.947247737138014,residential,,False
9179560481,9179560480,43.947247737138014,residential,,False
9179560486,9179560487,116.55446155118013,residential,,False
9179560486,11047952911,151.71414264423373,residential,Anna Street,False
9179560486,257430164,74.53119883110051,residential,Anna Street,False
9179560487,9179560486,116.55446155118013,residential,,False
9179560487,2167054630,85.91665342210058,residential,Pilliyar Koil Street,False
9179560487,334267270,105.21003660749169,residential,Pilliyar Koil Street,False
9179560490,9179560491,69.12504595560755,residential,,False
9179560491,2167054622,40.402227344886064,residential,Valmiki Street,False
9179560491,9179560490,69.12504595560755,residential,,False
9179560491,334267254,36.816115813612114,residential,Valmiki Street,False
9179560494,9179560495,178.35222424212458,residential,,False
9179560494,319494436,28.301918088021274,residential,,False
9179560494,319494435,42.495544549383624,residential,,False
9179560495,319494432,40.04619841645679,residential,2nd East Street,False
9179560495,319494433,32.416167914218846,residential,2nd East Street,False
9179560495,9179560494,178.35222424212458,residential,,False
9179561418,257430168,96.72801554511221,residential,Beach Road,False
9179561418,334267019,122.06231648910254,residential,Lal Bahadur Shastri Street,False
9179561418,257430167,42.389211896476525,residential,Beach Road,False
9179561420,313786560,131.04814923479088,residential,,False
9179593788,257432753,37.193340281815814,residential,,False
9179593807,9179593810,95.75109306129235,residential,,False
9179593810,313775100,118.00052813763105,residential,2nd Street,False
9179593810,313775110,114.84233698652525,residential,"['2nd Street', '3rd Street']",False
9179593810,9179593807,95.75109306129235,residential,,False
9179599519,9179599520,54.91040854755922,residential,,False
9179599520,299805319,50.41188758229684,residential,Ellaiamman Koil Street,False
9179599520,257430158,72.78828271043437,residential,Ellaiamman Koil Street,False
9179599520,9179599519,54.91040854755922,residential,,False
9179599520,11402591675,14.620849537736385,residential,,False
9179599528,334201281,113.99460934821185,residential,2nd Street,False
9179599531,333719160,93.91967816293774,residential,Devendra Nagar Main Road,False
9179599531,334190115,84.04745528874832,residential,Devendra Nagar Main Road,False
9179599531,2168668788,60.34069953898626,residential,,False
9179599533,11138662919,37.63576318262215,residential,,False
9179599534,11138662919,30.436016356619664,residential,,False
9179599548,9179599549,89.38624430173293,residential,,False
9179599548,11037358813,86.21318165814043,residential,Canal Road,False
9179599548,2166883101,86.17714386977843,residential,Canal Road,False
9179599549,9179599548,89.38624430173293,residential,,False
9179599558,13757859358,10.105571356516611,residential,,False
9179599560,13757859358,33.5978265407841,residential,,False
9179599563,11770790405,45.81741511640892,residential,,False
9179599563,4413815190,67.60724316522925,tertiary,Indira Nagar 2nd Avenue,True
9179599572,257432742,49.26003546296202,residential,Kasturibai Nagar 2nd Cross Street,False
9179599572,312024915,38.917159735332554,residential,Kasturibai Nagar 2nd Cross Street,False
9179599572,257432729,162.37857876968124,residential,,False
9179599575,249497605,14.622312799933665,residential,4th Cross Street,False
9179599575,249497599,55.252726942803015,residential,4th Cross Street,False
9179599575,9179599577,139.860701314381,residential,,False
9179599577,249497608,44.341424001718906,residential,3rd Cross Street,False
9179599577,249497607,55.35905822212792,residential,3rd Cross Street,False
9179599577,9179599578,320.0141641718897,residential,,False
9179599577,9179599575,139.860701314381,residential,,False
9179599578,249493601,47.78387088683095,residential,2nd Cross Street,False
9179599578,249497585,54.864491565096344,residential,2nd Cross Street,False
9179599578,9179599577,320.0141641718897,residential,,False
9179599579,249497607,49.902301589684356,residential,3rd Cross Street,False
9179599579,249497606,51.77844138348357,residential,3rd Cross Street,False
9179599579,9179599582,317.1855405927701,residential,,False
9179599582,249497585,48.21405353745596,residential,2nd Cross Street,False
9179599582,249493611,54.897850998261156,residential,2nd Cross Street,False
9179599582,9179599579,317.1855405927701,residential,,False
9179599583,249493617,46.37738989367628,residential,3rd Cross Street,False
9179599583,249497608,57.73792861016911,residential,3rd Cross Street,False
9179599583,9179599584,47.77898770538094,residential,,False
9179599584,9179599583,47.77898770538094,residential,,False
9179599586,249497866,115.65447574002951,residential,Crescent Park 1st Main Road,False
9179599586,249493602,193.80397741564207,residential,Crescent Park 1st Main Road,False
9179599586,249497633,103.08038135094063,residential,,False
9179599600,11770663899,22.021728936941678,residential,Kalikunram Main Road,False
9179599600,9179599602,28.48384453995978,residential,Kalikunram Main Road,False
9179599600,11770663893,105.61795559233211,residential,,False
9179599602,416849961,21.66229363707139,residential,Kalikunram Main Road,False
9179599602,9179599603,40.12192803988066,residential,,False
9179599602,9179599600,28.48384453995978,residential,Kalikunram Main Road,False
9179599603,9179599602,40.12192803988066,residential,,False
9179599604,11591484194,21.62751472797105,tertiary,Kannagam Road,False
9179599604,330653469,54.319506218012826,tertiary,Kannagam Road,False
9179599604,10041001558,45.237363031971036,residential,,False
9179599613,7043256355,67.24711497426335,residential,,False
9181580857,262680559,24.604882111328394,residential,Greenways Road Extension,False
9181580857,11792407283,23.39853710080127,residential,Greenways Road Extension,False
9181580857,11792407179,40.42728571550719,residential,,False
9181580860,11792407286,20.025434610378813,residential,,False
9181580865,2270302194,25.10322652877983,residential,,False
9181580866,11045711130,68.91817117640848,residential,,False
9181580876,11792407224,75.60122811011817,living_street,Kattabomman Street,False
9181580876,2270302209,110.53757046558962,living_street,Kattabomman Street,False
9181580876,2270302207,120.09826630675478,living_street,Karikalan Street,False
9181580881,264031582,117.73725845155181,residential,4th Cross Street,False
9181580881,264031599,76.90507896924916,residential,4th Cross Street,False
9181580881,9181580882,91.7703859811507,residential,,False
9181580882,9181580881,91.7703859811507,residential,,False
9181580882,246827326,113.42035632850666,tertiary,Srinivasa Road,True
9181580883,11054180300,128.74923624467576,residential,,False
9181580883,264040107,57.129121677808996,residential,,False
9181580883,9181580885,64.20803293325099,residential,,False
9181580885,9181580883,64.20803293325099,residential,,False
9181580886,11041609611,16.61259548365896,residential,,False
9181580886,310504063,163.11925816268098,primary,Santhome High Road,True
9181580899,11794889749,5.548837429341771,residential,Rohini Gardens,False
9181580899,6790452753,48.30938376166398,residential,Rohini Gardens,False
9181580899,11041651027,51.28933601097713,residential,,False
9181580900,332095380,24.715766097859373,residential,,False
9181580900,6790452757,23.14662759511767,residential,,False
9181580900,9181580902,145.54111221748894,residential,,False
9181580902,332095305,27.37691261102959,residential,Rohini Gardens,False
9181580902,6790452754,22.921784381031486,residential,Rohini Gardens,False
9181580902,9181580900,145.54111221748894,residential,,False
9181580928,9181580930,57.37823429078213,residential,,False
9181580928,11648743926,19.89901599252612,residential,,False
9181580928,11648743927,28.17192709502205,residential,,False
9181580929,6305292376,25.608477085582926,residential,Lock Street,False
9181580929,6305292376,128.22032765184142,residential,,False
9181580929,269219399,63.06462362438903,residential,Lock Street,False
9181580930,9181580934,49.28781410624515,residential,Naidu Street,False
9181580930,9181580928,57.37823429078213,residential,,False
9181580930,269219417,64.62256687242083,residential,Naidu Street,False
9181580934,9181580930,49.28781410624515,residential,Naidu Street,False
9181580934,9181580935,15.527092250089828,residential,,False
9181580934,269219399,63.342186172770944,residential,Naidu Street,False
9181580935,9181580934,15.527092250089828,residential,,False
9181580937,269219375,29.071583784723124,residential,,False
9181580951,269219562,11.127393844937492,residential,Perumal Koil Street,False
9181580951,11625863549,53.30866155762938,residential,Perumal Koil Street,False
9181580951,7030613348,50.19301687393968,residential,,False
9181580962,11773362721,15.93775393740101,residential,,False
9181580962,269219848,65.05135116518238,residential,2nd Street,False
9181580962,11773362762,79.10225022246031,residential,,False
9181580963,11773362721,64.4107381273698,residential,,False
9181580966,269219826,56.838759550609126,residential,Peruaml Kovil 1st Street,False
9181580968,11773362695,11.043797655746213,residential,West Canal Bank Road,False
9181580968,11043522615,9.492253384420374,residential,,False
9181580968,269219787,65.66050469587259,residential,West Canal Bank Road,False
9181580971,11098992199,29.902873455213424,residential,,False
9181580971,269219794,112.34348397924296,residential,Bharathi Avenue 1st Street,False
9181580971,269219848,61.76593866961045,residential,2nd Street,False
9181580971,269219787,121.12881565793822,residential,"['2nd Street', '3rd Street']",False
9181580980,9181580982,118.98361367076072,residential,,False
9181580982,249497688,103.6792563457942,primary,Sardar Patel Road,True
9181580982,9181580980,118.98361367076072,residential,,False
9181606853,9502019366,64.69912420696929,living_street,Velayuda Raja Street,False
9181606853,9181606854,54.20174533572856,residential,,False
9181606853,264040568,48.66444526684772,"['residential', 'living_street']","['Velayuda Raja Street', 'Raja Street']",False
9181606854,2216290034,27.832724174332387,living_street,Narayana Chetty Street,False
9181606854,9502019369,65.34840785115209,living_street,Narayana Chetty Street,False
9181606854,9181606853,54.20174533572856,residential,,False
9181606856,264040570,46.09525340617501,residential,,False
9181606856,264040569,55.9738110452419,residential,,False
9181606856,11634220593,47.12073169001745,living_street,,False
9189073691,2168668850,58.645722040782296,residential,Arokya Matha Nagar 1st Street,False
9189073692,11775267619,42.11109674098879,residential,,False
9189073692,269767231,38.72176985290647,residential,LDG Road,False
9189073692,269767212,129.78547750800632,residential,LDG Road,False
9189073711,10308554921,62.943533854636804,primary,Anna Salai (Mount Road),True
9189073711,9189073712,61.246946407806746,residential,,False
9189073712,9189073711,61.246946407806746,residential,,False
9189109007,9189109013,52.011417436137634,residential,,False
9189109007,280088650,346.31651983825515,residential,,False
9189109007,364873701,296.7778189165773,residential,,False
9189109013,9189109007,52.011417436137634,residential,,False
9189109013,7171897980,65.6717541547115,residential,,False
9189109013,364873701,238.51706234010143,residential,,False
9189109014,278990104,66.74324304341465,residential,,False
9189133168,269219246,68.7326919605768,residential,Vellaiyan Road,False
9189133171,9189133175,82.20853636413041,residential,,False
9189133175,9189133171,82.20853636413041,residential,,False
9189133175,269219257,164.5824337708358,residential,Ranjith Road,False
9189133175,252391738,138.77202022224208,residential,Ranjith Road,False
9189133178,269219256,34.47755933616132,residential,,False
9189140906,269766830,30.9004846556312,residential,,False
9189140907,9189140910,77.86686840506138,residential,,False
9189140910,6496965128,32.59547684491503,primary,Taluk Office Road,True
9189140910,9189140907,77.86686840506138,residential,,False
9189148323,11786578559,3.95585653703223,residential,,False
9189148323,11786602390,13.526330774833923,residential,,False
9189148323,11043356678,39.45834847005823,living_street,,False
9189148333,278990103,20.76786826306705,residential,,False
9189148333,7171897980,98.6985930545216,residential,,False
9189148333,9189148334,107.2074747720737,residential,,False
9189148334,9189148333,107.2074747720737,residential,,False
9189148339,364218016,42.11071150122965,residential,,False
9189148339,364622729,150.8664969870919,residential,,False
9189148339,364622729,133.17101395984784,residential,,False
9189148353,9189148354,41.59867266839778,residential,,False
9189148353,367788703,68.871794713358,residential,Balaji Nagar 3rd Cross Street,False
9189148353,364622737,55.0208624261054,residential,Balaji Nagar 3rd Cross Street,False
9189148354,9189148353,41.59867266839778,residential,,False
9189148357,364628479,49.20416922636834,living_street,,False
9189148357,364628478,42.76670499875364,living_street,,False
9189148357,11036719423,37.25382735695648,living_street,,False
9189148358,278990634,171.6432285289411,residential,,False
9189148358,366088768,10.64635980700993,residential,,False
9189148358,11436634812,53.12663450620332,residential,,False
9189148364,11436487449,34.492730283058286,residential,2nd Street,False
9189148364,364631671,64.70765955839511,residential,2nd Street,False
9189148364,364631669,53.6884846178674,residential,,False
9189148366,364628537,90.7339834067868,residential,,False
9189148366,364628536,39.178009789583506,residential,,False
9189148366,9189148368,35.467967953840294,residential,,False
9189148368,9189148366,35.467967953840294,residential,,False
9189148370,364631682,9.332896327523446,tertiary,Poonamalle Road,False
9189148370,364027472,94.17283175399177,tertiary,Poonamalle Road,False
9189148370,10570522375,78.76630331050819,residential,,False
9189148371,11033995451,23.850492002045304,tertiary,Gandhi Nagar Main,False
9189148371,9189149391,19.626348567824962,tertiary,Gandhi Nagar Main,False
9189148371,364637095,98.01829827000817,residential,,False
9189148374,11190343417,23.950086898589813,residential,,False
9189148374,11190343421,20.075287329659442,residential,,False
9189148374,364628492,95.80531487687651,residential,,False
9189148375,11056205439,18.035125301375196,residential,,False
9189148377,9189148378,20.30272183724069,residential,,False
9189148378,9189148379,50.195232606110565,residential,,False
9189148378,11190343422,12.296413635365463,residential,,False
9189148378,9189148377,20.30272183724069,residential,,False
9189148379,364628492,41.44266173173449,residential,,False
9189148379,364628501,31.378404446861683,residential,,False
9189148379,9189148378,50.195232606110565,residential,,False
9189148383,2172864851,4.890880368632812,residential,,False
9189148383,364628501,105.2343673035461,residential,,False
9189148383,11190343421,107.4879822640156,residential,,False
9189149390,9189149391,49.22379632113418,residential,,False
9189149391,9189148371,19.626348567824962,tertiary,Gandhi Nagar Main,False
9189149391,364628496,22.069821111141472,tertiary,Gandhi Nagar Main,False
9189149391,9189149390,49.22379632113418,residential,,False
9189157726,2172864871,32.23209579768455,residential,,False
9370418225,7111954110,20.150368058096703,primary,Velachery Bypass Road,True
9370418225,338406760,33.26104849824489,primary_link,,True
9502019360,12213924370,9.287025993169149,tertiary,Srinivasa Road,True
9502019360,264040510,121.73955313405477,secondary,RK Mutt Road,True
9502019361,12213924370,9.477470455381754,secondary,RK Mutt Road,True
9502019361,264040508,211.49923213767266,residential,TP Scheme Road,False
9502019362,9502019376,35.58578163826594,secondary,RK Mutt Road,True
9502019362,264040506,87.38660532801272,residential,Kandaswami Street,False
9502019363,264040557,60.000214754742515,residential,3rd Street,False
9502019363,9502019362,62.15517241888426,secondary,RK Mutt Road,True
9502019364,9502019363,42.77650145761822,secondary,RK Mutt Road,True
9502019364,264040512,60.940624772217944,living_street,2nd Street,False
9502019365,9502019364,41.76010026782742,secondary,RK Mutt Road,True
9502019365,410668641,63.29130774969438,living_street,1st Street,False
9502019366,9555938654,17.319491022222618,secondary,RK Mutt Road,True
9502019366,9181606853,64.69912420696929,living_street,Velayuda Raja Street,False
9502019367,13807766819,41.00637322607717,secondary,RK Mutt Road,True
9502019368,9502019369,55.14234872895706,secondary,RK Mutt Road,True
9502019368,11043868020,106.27396340894862,living_street,,False
9502019369,9502019366,54.61075409421163,secondary,RK Mutt Road,True
9502019369,9181606854,65.34840785115209,living_street,Narayana Chetty Street,False
9502019376,264040510,10.042054116248941,residential,,False
9502019376,11792333845,56.66702824106066,secondary,RK Mutt Road,True
9504215829,13600662631,11.708458519587186,residential,2nd Main Road,False
9504215829,264031588,57.9895650070461,residential,2nd Main Road,False
9504215829,264031593,185.61584202606483,residential,,False
9504215836,9504215837,15.294258456756063,residential,,False
9504215836,9504215839,41.46700497016766,residential,,False
9504215836,264031585,129.5988456768382,residential,Perumal Koil Garden,False
9504215837,9504215836,15.294258456756063,residential,,False
9504215837,9504215842,29.064171408007663,residential,,False
9504215837,264031584,73.42603252355853,residential,,False
9504215838,9504215840,55.19917406061351,residential,Perumal Koil Garden,False
9504215838,9504215842,29.193040383607027,residential,,False
9504215838,9504215843,102.06633430455054,residential,Perumal Koil Garden,False
9504215839,9504215841,33.984169140020214,residential,,False
9504215839,9504215836,41.467004970167665,residential,,False
9504215839,11634287199,23.409268137574205,residential,,False
9504215840,9504215838,55.19917406061351,residential,Perumal Koil Garden,False
9504215840,9504215841,28.816024917482945,residential,,False
9504215840,11634287199,83.02270178728685,residential,Perumal Koil Garden,False
9504215841,9504215840,28.816024917482945,residential,,False
9504215841,9504215839,33.984169140020214,residential,,False
9504215841,9504215842,54.58886143129248,residential,,False
9504215842,9504215838,29.193040383607027,residential,,False
9504215842,9504215837,29.064171408007663,residential,,False
9504215842,9504215843,74.1693686434624,residential,,False
9504215842,9504215841,54.58886143129248,residential,,False
9504215843,264031584,30.24180393659955,residential,Perumal Koil Garden,False
9504215843,9504215842,74.1693686434624,residential,,False
9504215843,9504215838,102.06633430455051,residential,Perumal Koil Garden,False
9555938654,243064547,7.930004739781978,residential,,False
9555938654,9502019365,30.852826483298177,secondary,RK Mutt Road,True
9571012328,310535964,92.6607676264538,primary,Thiruvalluvar Salai,True
9575558232,2197525463,9.12204399550337,primary,,False
9575558232,12756684689,77.54189423303342,primary,Inner Ring Road (Southern Sector),True
9575558232,8697656184,303.6039727796351,primary,,False
9580377276,1121392666,45.61164878739798,primary,Grand Southern Trunk Road,True
9692745546,364879705,276.08040124146487,primary,Anna Salai (Mount Road),True
9692745546,12041052737,159.06284285476715,residential,,False
9728670869,13327985346,11.404928562260377,primary_link,,False
9728670869,13911105868,31.015068473892818,primary,Sardar Patel Road,True
9819235511,8140811080,12.245286256347748,secondary,Dr. Muthulakshmi Road,True
9819235511,319494432,59.082935555310016,primary,Thiruvalluvar Road,True
9853373923,9853373945,354.35626488056135,residential,,False
9853373945,2188756862,169.07213010656164,tertiary,Janaki Avenue,False
9853373945,2215260371,45.21808986468931,"['residential', 'tertiary']","['Janaki Avenue', 'Satyadev Avenue']",False
9853373945,9853373923,354.3562648805614,residential,,False
9882536277,14008099694,40.02819312819654,residential,TVK Koil 3rd Street Ext,False
9882536277,11756873891,57.130148242640985,living_street,,False
9882536277,11756873890,88.28267016150076,residential,"['Bhagat Singh Salai Road', 'TVK Koil 3rd Street Ext']",False
9882536278,11756873891,65.13387602029945,living_street,,False
9882536278,11217088217,83.72706165471263,residential,TVK Koil 1st Street,False
9882536278,11756873898,36.856951010904226,residential,TVK Koil 1st Street,False
9885084116,343711369,133.52160494809564,secondary,Alandur Road,False
9885084116,2237675523,97.9747778050609,"['residential', 'living_street']",,False
9885084116,280088653,446.3443762962673,secondary,"['Alandur Road', 'Abraham Bridge']",False
9885596554,5528559498,109.86462929403646,primary,Anna Salai (Mount Road),True
9931546811,6446097872,29.65182948822094,primary,Sardar Patel Road,True
9931546811,249497655,11.209490696587839,residential,,False
10001274214,6445148664,40.196071681213354,primary,Inner Ring Road,True
10001274214,363974824,89.40515800896492,residential,Palayakkaran Street,False
10004178901,11101583942,71.24140247877696,residential,,False
10023438315,367788714,66.09431487165415,residential,1st Cross Street,False
10029118614,14141791481,12.677190222901526,tertiary,Perungudi Station Road,True
10029118614,1141164582,8.018795220924861,residential,,False
10029118614,4239255895,7.036862021777832,residential,,False
10041001558,9179599604,45.237363031971036,residential,,False
10098223822,4252220047,7.549397635263682,residential,VGP Selva Nagar 2nd Main Road,False
10098223822,14136671924,749.6916526999929,tertiary,Perungudi Station Road,True
10116438776,269219287,89.70313408675534,residential,4th Main Road Ext,False
10116438776,13987639834,56.41877309093483,residential,4th Main Road Ext,False
10116438776,13987639834,105.04803991029756,residential,,False
10120160579,12157030704,721.0025904394088,primary,Velachery Lower Flyover,True
10120160579,12294623164,298.74749913543735,primary,100 Feet Road,True
10120160596,1751203571,48.51045221740361,residential,N Home Line,False
10120160596,11832488583,91.5697342550487,primary,100 Feet Road,True
10120160611,10120161726,51.57204199668985,primary,Major Mukund Varadharajan Salai,True
10120160611,12294623165,67.8554459473923,primary,100 Feet Road,True
10120161726,243326004,94.93038659553667,primary,"['Taramani Road', 'Major Mukund Varadharajan Salai']",True
10120161792,1457503503,326.6954930331853,primary,Taramani Link Road,True
10120161792,2167149046,1152.8926368667017,primary,Velachery Upper Flyover,True
10172868202,10172868207,70.05115928261391,residential,Lake View Road,False
10172868202,10172868208,24.32171999054734,residential,Peeliamman Kovil 2nd Street,False
10172868202,269219758,42.275985140289066,residential,Lake View Road,False
10172868207,10172868202,70.05115928261391,residential,Lake View Road,False
10172868207,11773155530,89.03875568324838,residential,Lake View Road,False
10172868207,10172868208,106.11494519636486,residential,,False
10172868208,10172868202,24.32171999054734,residential,Peeliamman Kovil 2nd Street,False
10172868208,10172868207,106.11494519636486,residential,,False
10172868208,11773155494,105.4774898903978,residential,Peeliamman Kovil 2nd Street,False
10183100347,310501561,44.95632709642875,primary,Durgabai Deshmukh Road,True
10183100347,10183100349,55.67637036826149,residential,,False
10183100349,10183100347,55.67637036826149,residential,,False
10228331246,312031461,98.57654662498189,residential,5th Main Road,False
10228331246,3673222594,50.56309513719049,residential,,False
10228331246,10228331247,31.48541368190796,residential,,False
10228331247,10228331246,31.48541368190796,residential,,False
10228331250,3674410071,16.499923155200403,residential,,False
10228331250,12218183337,8.934727660286024,residential,,False
10228331250,11770790450,97.90550843595733,residential,"['6th Main Road', 'Dhanalakshmi Avenue']",False
10248730634,12069344946,20.35942528775185,residential,,False
10248730634,10308628838,93.24363262020034,residential,Beach Road,True
10248730637,2168628526,218.50461992739537,residential,,False
10248730637,4392279388,212.00503001473038,residential,,False
10248730637,12069344946,65.98263343340679,residential,,False
10258358775,313783570,12.954109544343398,secondary,Mahatma Gandhi Road,False
10258358775,313786545,17.072074240620967,secondary,Mahatma Gandhi Road,False
10258358775,10258358776,71.05136165120075,residential,,False
10258358776,10258358775,71.05136165120075,residential,,False
10272969983,334267074,33.223083059556664,residential,,False
10272969983,334267076,18.202747160151517,residential,,False
10272969983,12088978423,28.3428566012121,residential,,False
10272969985,334267074,51.487549026875186,residential,,False
10280133244,369672908,178.02154110556728,tertiary,,False
10280133244,10280133247,14.778229708304098,secondary,,True
10280133246,12995827016,41.455956614510455,tertiary,,False
10280133246,10280133253,8.12274703143929,secondary,,True
10280133247,6496915031,48.33502377308463,secondary,,False
10280133247,10280133246,11.1773255502429,secondary,,True
10280133250,10280133244,10.825151663476323,secondary,,True
10280133253,10280133250,8.110257624006032,secondary,,True
10280133253,364879814,62.79568402908048,secondary,Water Works Road,True
10280643072,300165225,69.70810000707944,residential,,False
10280643073,300165220,67.55365229803691,residential,2nd Street,False
10281683488,10281683489,10.981366250052794,primary_link,,True
10281683488,13433709641,18.999673694812756,primary,Old Mahapalipuram Road,True
10281683489,3350192367,273.35915026282447,secondary,,True
10281695761,257430044,8.954700736541676,secondary,Besant Avenue Road,False
10281695761,257430090,189.93125092399472,secondary,,True
10281695769,257432704,129.84666450745877,secondary,Besant Avenue Road,False
10281695769,299808129,51.60536398780842,secondary,Besant Avenue Road,True
10281695771,299800830,19.660080164544272,secondary,Besant Nagar 2nd Avenue,False
10281695771,10281695780,68.44006258899726,secondary,,True
10281695780,299800482,166.34819584978143,tertiary,Besant Nagar 1st Avenue,True
10281695780,257430045,25.650834047241503,secondary,,True
10281695784,257430090,311.32568152086446,secondary,3rd Avenue,False
10281695784,10281695793,107.24512807288967,secondary,Besant Avenue Road,True
10281695793,10281695784,119.07540740750306,secondary,Besant Avenue Road,True
10281695793,313774979,637.206417895632,secondary,Besant Avenue Road,False
10281826355,10281826356,20.084799166744325,primary_link,,False
10281826355,10120160611,47.81157872559875,primary,Major Mukund Varadharajan Salai,True
10281826356,10281826355,20.084799166744325,primary_link,,False
10281826356,338406517,149.7708397904647,primary,Major Mukund Varadharajan Salai,True
10282022435,9819235511,11.519862486792043,primary,Thiruvalluvar Road,True
10282022435,319489516,54.929556239276444,secondary,Dr. Muthulakshmi Road,True
10285678607,257432710,53.30571695324393,residential,Besant Nagar 6th Avenue,False
10285678607,10567935614,177.31312322083465,tertiary,Besant Nagar 4th Main Road,False
10285678607,10308628820,14.920072154028372,tertiary,Besant Nagar 4th Main Road,False
10285678608,10285691899,292.0269872802499,tertiary,Elliot's Beach Promenade,True
10285678608,257432634,7.637576120393235,residential,Besant Nagar 16th Cross Street,False
10285678608,299800433,8.258714217046418,residential,Besant Nagar 16th Cross Street,False
10285691846,257432634,167.42927724348294,tertiary,Elliot's Beach Promenade,True
10285691846,10285691859,71.8810819619341,residential,,False
10285691859,10285691846,71.88108196193411,residential,,False
10285691859,11061439562,116.50413393964087,residential,,False
10285691859,2168628526,174.1205370396221,residential,,False
10285691898,10285691846,124.58729893530428,tertiary,Elliot's Beach Promenade,True
10285691898,10285691899,9.175493668407947,residential,Besant Nagar 3rd Main Road,False
10285691899,10285691900,7.572946690648734,residential,Besant Nagar 3rd Main Road,False
10285691899,10285691898,9.175493668407947,residential,Besant Nagar 3rd Main Road,False
10285691899,10308628820,254.04902054249996,tertiary,Elliot's Beach Promenade,True
10285691900,299800433,292.03395772068376,residential,Besant Nagar 6th Avenue,False
10285691900,257432714,65.27965883686227,residential,Besant Nagar 3rd Main Road,False
10285691900,10285691899,7.572946690648734,residential,Besant Nagar 3rd Main Road,False
10285691900,257432711,61.741068203930006,residential,Besant Nagar 6th Avenue,False
10285691912,257432613,60.6407221739836,residential,Besant Nagar 17th Cross Street,False
10285691912,11625938759,43.800558784529215,residential,Besant Nagar 23rd Cross Street,False
10285691912,10285691913,129.35382750890722,residential,Besant Nagar 23rd Cross Street,False
10285691912,1730498145,56.359917744043784,residential,Besant Nagar 17th Cross Street,False
10285691913,10285691912,129.35382750890722,residential,Besant Nagar 23rd Cross Street,False
10285691913,257432714,61.64611228760324,residential,Besant Nagar 16th Cross Street,False
10285691913,10285691916,56.979110619132044,residential,Besant Nagar 16th Cross Street,False
10285691914,299800433,67.01332227410758,residential,Besant Nagar 16th Cross Street,False
10285691914,10285692040,52.7746971306781,residential,Besant Nagar 16th Cross Street,False
10285691914,10285692124,53.83700452910164,residential,Besant Nagar 16th Cross Street,False
10285691915,10285692040,76.92021740985837,residential,Besant Nagar 16th Cross Street,False
10285691915,257432616,87.37390442244002,residential,Besant Nagar 16th Cross Street,False
10285691915,299801222,52.899261957594504,residential,Besant Nagar 17th Cross Street,False
10285691916,10285691913,56.979110619132044,residential,Besant Nagar 16th Cross Street,False
10285691916,10285692124,119.576451502042,residential,Besant Nagar 16th Cross Street,False
10285691916,10285692039,51.58872093852671,residential,Besant Nagar 22nd Cross Street,False
10285692039,1730498145,77.3442608499608,residential,Besant Nagar 22nd Cross Street,False
10285692039,10285691916,51.58872093852671,residential,Besant Nagar 22nd Cross Street,False
10285692039,299801211,65.77948600040031,residential,Besant Nagar 18th Cross Street,False
10285692040,10285691914,52.7746971306781,residential,Besant Nagar 16th Cross Street,False
10285692040,10285691915,76.92021740985837,residential,Besant Nagar 16th Cross Street,False
10285692040,10285692125,53.50713356572777,residential,Besant Nagar 18th Cross Street,False
10285692124,10285691916,119.576451502042,residential,Besant Nagar 16th Cross Street,False
10285692124,10285691914,53.83700452910164,residential,Besant Nagar 16th Cross Street,False
10285692124,10285692125,52.54005981439634,residential,Besant Nagar 19th Cross Street,False
10285692125,10285692040,53.50713356572777,residential,Besant Nagar 18th Cross Street,False
10285692125,299801211,54.85001134717952,residential,Besant Nagar 18th Cross Street,False
10285692125,10285692124,52.54005981439634,residential,Besant Nagar 19th Cross Street,False
10285692125,299801222,77.13408066529405,residential,Besant Nagar 19th Cross Street,False
10285692131,257432615,106.86038980212354,residential,Besant Nagar 3rd Main Road,False
10285692131,257432613,71.90610325737396,residential,Besant Nagar 3rd Main Road,False
10285692131,11625938759,78.0576704186892,residential,Besant Nagar 23rd Cross Street,False
10292613444,257430107,62.242474049722865,tertiary,Elliot's Beach Promenade,True
10292613444,11061439562,117.8946996824525,residential,,False
10308554921,10308554924,172.18988974309693,residential,,False
10308554924,10308554921,172.18988974309693,residential,,False
10308628820,10285678607,14.920072154028372,tertiary,Besant Nagar 4th Main Road,False
10308628820,10285691898,253.1836528596733,tertiary,Elliot's Beach Promenade,True
10308628820,10567935621,131.65662399340644,tertiary,Elliot's Beach Promenade,False
10308628838,12672943586,68.23537929655784,tertiary,Annai Velankanni Road,True
10310854925,10310854934,16.322945329206686,tertiary,,True
10310854925,257430022,7.947870600920535,secondary,Dr. Muthulakshmi Road,True
10310854926,10310854925,11.389392013385734,secondary,Mahatma Gandhi Road,True
10310854926,334266949,63.566463237575036,secondary,Dr. Muthulakshmi Road,True
10310854934,257430080,93.08050685871976,tertiary,,True
10310854936,10310854925,16.846788306268188,secondary,Dr. Muthulakshmi Road,True
10310854936,10310854934,23.600318426630192,secondary_link,,True
10548419779,256035543,57.88998605707821,residential,Pillaiyar Koil Street,False
10558591310,10593574676,90.34550204884653,residential,,False
10558591310,10558591311,34.01481469750999,residential,,False
10558591310,300164833,120.90570608122906,residential,,False
10558591311,10593574675,87.56921229781716,residential,,False
10558591311,10558591310,34.01481469750999,residential,,False
10558591311,11054207889,118.34920693631251,residential,,False
10558728114,257430109,25.528475281930604,residential,,False
10559615666,10559615667,57.667748483674146,residential,Besant Nagar 25th Cross Street,False
10559615666,10559615692,45.48062920712543,residential,Besant Nagar 24th Cross Street,False
10559615666,257432613,60.98331426581803,residential,Besant Nagar 24th Cross Street,False
10559615667,10559615666,57.667748483674146,residential,Besant Nagar 25th Cross Street,False
10559615667,10559615669,73.35830347513871,residential,Besant Nagar 25th Cross Street,False
10559615667,299800822,60.98841475416515,residential,,False
10559615669,257432714,61.45027436787388,residential,Besant Nagar 16th Cross Street,False
10559615669,10559615667,73.35830347513871,residential,Besant Nagar 25th Cross Street,False
10559615669,257432711,64.78759910630075,residential,Besant Nagar 25th Cross Street,False
10559615692,299800791,43.0529816395403,residential,Besant Nagar 24th Cross Street,False
10559615692,10559615666,45.48062920712543,residential,Besant Nagar 24th Cross Street,False
10559615692,299800806,195.58140676956083,residential,Besant Nagar 26th Cross Street,False
10559615697,299801214,6.226191048815047,residential,Besant Nagar 17th Cross Street,False
10559615697,1730498145,60.35539100921332,residential,Besant Nagar 17th Cross Street,False
10559615697,10559615699,34.158407495788296,residential,Besant Nagar 20th Cross Street,False
10559615698,10559615699,19.191242666853206,residential,Besant Nagar 20th Cross Street,False
10559615699,10559615698,19.191242666853206,residential,Besant Nagar 20th Cross Street,False
10559615699,10559615697,34.158407495788296,residential,Besant Nagar 20th Cross Street,False
10559615699,10559615704,72.46277446429869,residential,Besant Nagar 20th Cross Street,False
10559615704,299801222,7.527530382135108,residential,Besant Nagar 17th Cross Street,False
10559615704,299801214,48.163965013518116,residential,Besant Nagar 17th Cross Street,False
10559615704,10559615699,72.46277446429869,residential,Besant Nagar 20th Cross Street,False
10567935614,257432702,18.05194984310257,tertiary,Besant Nagar 4th Main Road,False
10567935614,10285678607,177.31312322083465,tertiary,Besant Nagar 4th Main Road,False
10567935614,10567935632,50.571324372137965,residential,Besant Nagar 32nd Cross Street,False
10567935618,10567935639,72.01330787649631,residential,Besant Nagar 32nd Cross Street,False
10567935618,10567935656,45.61143875789756,residential,Besant Nagar 32nd Cross Street,False
10567935618,10567935633,101.01618592362634,residential,Besant Nagar 32nd Cross Street,False
10567935621,10308628820,131.65662399340647,tertiary,Elliot's Beach Promenade,False
10567935621,257430102,38.59976659375387,tertiary,Elliot's Beach Promenade,False
10567935621,10567935625,53.230851040444236,residential,Besant Nagar 32nd Cross Street,False
10567935625,10567935633,49.87585433491588,residential,Besant Nagar 32nd Cross Street,False
10567935625,10567935621,53.230851040444236,residential,Besant Nagar 32nd Cross Street,False
10567935625,10567935632,245.90953705690887,residential,Besant Nagar 33rd Cross Street,False
10567935632,10567935614,50.571324372137965,residential,Besant Nagar 32nd Cross Street,False
10567935632,10567935639,51.124249520950784,residential,Besant Nagar 32nd Cross Street,False
10567935632,10567935625,245.9095370569089,residential,Besant Nagar 33rd Cross Street,False
10567935633,10567935625,49.87585433491588,residential,Besant Nagar 32nd Cross Street,False
10567935633,10567935618,101.01618592362634,residential,Besant Nagar 32nd Cross Street,False
10567935633,10567935639,159.31267184542725,residential,Besant Nagar 34th Cross Street,False
10567935639,10567935618,72.01330787649631,residential,Besant Nagar 32nd Cross Street,False
10567935639,10567935632,51.12424952095078,residential,Besant Nagar 32nd Cross Street,False
10567935639,10567935633,159.31267184542725,residential,Besant Nagar 34th Cross Street,False
10567935648,10567935694,18.644004382122677,residential,1st Main Road,False
10567935648,10567935706,19.216089431553172,residential,1st Main Road,False
10567935648,360894427,271.20095037120615,residential,Urur Olcott Kuppam Road,False
10567935656,10567935618,45.61143875789756,residential,Besant Nagar 32nd Cross Street,False
10567935656,257432708,54.79389871025153,residential,Besant Nagar 32nd Cross Street,False
10567935656,299800669,157.0208335827631,residential,Besant Nagar 35th Cross Street,False
10567935663,10567938657,90.89859468810657,residential,1st Main Road,False
10567935672,299800692,40.373560044591144,residential,1st Main Road,False
10567935672,10567935694,29.480702781399224,residential,1st Main Road,False
10567935672,10567935674,90.35091959174986,residential,1st Cross Street,False
10567935673,10567935674,59.18020955867759,residential,1st Cross Street,False
10567935674,10567935673,59.18020955867759,residential,1st Cross Street,False
10567935674,10567935672,90.35091959174986,residential,1st Cross Street,False
10567935674,10567935675,29.93168453613521,residential,2nd Main Road,False
10567935674,291295940,39.01872631587774,residential,2nd Main Road,False
10567935675,10567935705,38.24105421445272,residential,2nd Main Road,False
10567935675,10567935674,29.93168453613521,residential,2nd Main Road,False
10567935675,10567938615,42.26151988646383,residential,2nd Cross Street,False
10567935675,10567935694,90.18809418188911,residential,2nd Cross Street,False
10567935694,10567935672,29.480702781399224,residential,1st Main Road,False
10567935694,10567935648,18.644004382122677,residential,1st Main Road,False
10567935694,10567935675,90.18809418188911,residential,2nd Cross Street,False
10567935695,10567938615,49.566785804600116,residential,2nd Cross Street,False
10567935695,10567938655,8.989986536328052,residential,,False
10567935695,10567935696,38.00974307157469,residential,,False
10567935696,10567938656,52.486854040639855,tertiary,5th Avenue,False
10567935696,291295940,117.61445891256686,tertiary,5th Avenue,False
10567935696,10567935695,38.0097430715747,residential,,False
10567935705,10567935675,38.24105421445272,residential,2nd Main Road,False
10567935705,10567935706,89.6711305106459,residential,3rd Cross Street,False
10567935705,10567938638,62.20827654050694,residential,2nd Main Road,False
10567935706,10567935648,19.216089431553172,residential,1st Main Road,False
10567935706,10567938657,32.42568430213831,residential,1st Main Road,False
10567935706,10567935705,89.6711305106459,residential,3rd Cross Street,False
10567938615,10567935695,49.566785804600116,residential,2nd Cross Street,False
10567938615,10567935675,42.26151988646383,residential,2nd Cross Street,False
10567938615,10567938638,80.87624612133264,residential,,False
10567938638,10567938665,79.59865029435953,residential,,False
10567938638,10567938615,80.87624612133264,residential,,False
10567938638,10567935705,62.208276540506944,residential,2nd Main Road,False
10567938654,10567938655,23.396680384055543,residential,,False
10567938655,10567938654,23.396680384055543,residential,,False
10567938655,10567935695,8.989986536328052,residential,,False
10567938655,10567938656,38.27505777538597,residential,,False
10567938656,10567938655,38.27505777538597,residential,,False
10567938656,10567938663,155.23940133123045,tertiary,5th Avenue,False
10567938656,10567935696,52.486854040639855,tertiary,5th Avenue,False
10567938657,10567935706,32.42568430213831,residential,1st Main Road,False
10567938657,10567935663,90.89859468810657,residential,1st Main Road,False
10567938657,10567938665,210.79580408719593,residential,,False
10567938663,10567938677,23.925920933040285,tertiary,5th Avenue,False
10567938663,10567938656,155.23940133123043,tertiary,5th Avenue,False
10567938663,10567938665,97.75337909030264,living_street,,False
10567938665,10567938638,79.59865029435953,residential,,False
10567938665,10567938657,210.79580408719596,residential,,False
10567938665,10567938663,97.75337909030264,living_street,,False
10567938677,10567938678,31.522004863464183,living_street,,False
10567938677,10567938678,219.11401168503116,"['living_street', 'tertiary']",5th Avenue,False
10567938677,10567938663,23.925920933040285,tertiary,5th Avenue,False
10567938678,10567938677,31.522004863464183,living_street,,False
10567938678,10567938677,219.1140116850311,"['living_street', 'tertiary']",5th Avenue,False
10567938678,10567938684,47.59909566163098,living_street,,False
10567938684,10567938678,47.59909566163098,living_street,,False
10570522375,9189148370,78.76630331050819,residential,,False
10573743300,299800531,88.57588918862638,residential,Besant Nagar 2nd Main Road,False
10573743300,10573754116,62.049387748611565,residential,Besant Nagar 6th Cross Street,False
10573743300,10573743308,61.7780520153046,residential,Besant Nagar 6th Cross Street,False
10573743300,10573754135,135.78400974809608,residential,Besant Nagar 2nd Main Road,False
10573743301,334267130,70.18453637292244,secondary,Mahatma Gandhi Road,False
10573743301,12672943579,3.347669637304539,secondary,Mahatma Gandhi Road,False
10573743301,10573754113,67.83615345554331,residential,Besant Nagar 6th Cross Street,False
10573743307,10573743308,71.8170140535209,residential,Besant Nagar 14th Cross Street,False
10573743308,10573743300,61.7780520153046,residential,Besant Nagar 6th Cross Street,False
10573743308,10573743307,71.8170140535209,residential,Besant Nagar 14th Cross Street,False
10573743308,10573754113,72.30767931172537,residential,Besant Nagar 6th Cross Street,False
10573754110,10573754112,26.535213617771173,residential,Besant Nagar 15th Cross Street,False
10573754111,10573754112,22.241190167132043,residential,Besant Nagar 15th Cross Street,False
10573754112,10573754111,22.241190167132043,residential,Besant Nagar 15th Cross Street,False
10573754112,10573754110,26.535213617771173,residential,Besant Nagar 15th Cross Street,False
10573754112,10573754113,37.88280405845075,residential,Besant Nagar 15th Cross Street,False
10573754113,10573743301,67.83615345554331,residential,Besant Nagar 6th Cross Street,False
10573754113,10573754112,37.88280405845075,residential,Besant Nagar 15th Cross Street,False
10573754113,10573743308,72.30767931172537,residential,Besant Nagar 6th Cross Street,False
10573754114,10573754121,65.0101919862513,residential,Besant Nagar 6th Cross Street,False
10573754114,10573754122,77.64238179783267,residential,Besant Nagar 10th Cross Street,False
10573754114,10573754136,44.73449530860765,residential,Besant Nagar 6th Cross Street,False
10573754115,10573754116,71.56660455770165,residential,Besant Nagar 13th Cross Street,False
10573754116,10573754119,55.09253776983036,residential,Besant Nagar 6th Cross Street,False
10573754116,10573743300,62.049387748611565,residential,Besant Nagar 6th Cross Street,False
10573754116,10573754115,71.56660455770165,residential,Besant Nagar 13th Cross Street,False
10573754116,10573754137,111.5071301064398,residential,Besant Nagar 9th Cross Street,False
10573754118,10573754119,71.86101013021612,residential,Besant Nagar 12th Cross Street,False
10573754119,10573754121,58.44023044717075,residential,Besant Nagar 6th Cross Street,False
10573754119,10573754116,55.09253776983036,residential,Besant Nagar 6th Cross Street,False
10573754119,10573754118,71.86101013021612,residential,Besant Nagar 12th Cross Street,False
10573754119,10573754138,90.88990765691632,residential,Besant Nagar 8th Cross Street,False
10573754120,10573754121,72.54019068032771,residential,Besant Nagar 11th Cross Street,False
10573754121,10573754114,65.0101919862513,residential,Besant Nagar 6th Cross Street,False
10573754121,10573754119,58.44023044717075,residential,Besant Nagar 6th Cross Street,False
10573754121,10573754120,72.54019068032771,residential,Besant Nagar 11th Cross Street,False
10573754122,10573754114,77.64238179783266,residential,Besant Nagar 10th Cross Street,False
10573754124,299805219,67.46432475605528,tertiary,Besant Nagar 1st Main Road,False
10573754124,10573754136,55.47016997037716,residential,Besant Nagar 6th Cross Street,False
10573754124,299800482,62.495924173587014,tertiary,Besant Nagar 1st Main Road,False
10573754134,10573754135,56.5830320689999,residential,Besant Nagar 2nd Main Road,False
10573754134,2270657205,14.834982813375017,tertiary,Besant Nagar 1st Main Road,False
10573754134,299805278,134.17285696753902,tertiary,Besant Nagar 1st Main Road,False
10573754135,10573754134,56.5830320689999,residential,Besant Nagar 2nd Main Road,False
10573754135,10573754137,61.08517908503857,residential,7th C ross Street,False
10573754135,10573743300,135.78400974809608,residential,Besant Nagar 2nd Main Road,False
10573754136,10573754138,115.83621873638714,residential,7th C ross Street,False
10573754136,10573754124,55.47016997037716,residential,Besant Nagar 6th Cross Street,False
10573754136,10573754114,44.73449530860765,residential,Besant Nagar 6th Cross Street,False
10573754137,10573754138,49.9292298378941,residential,7th C ross Street,False
10573754137,10573754135,61.08517908503857,residential,7th C ross Street,False
10573754137,10573754116,111.5071301064398,residential,Besant Nagar 9th Cross Street,False
10573754138,10573754136,115.83621873638714,residential,7th C ross Street,False
10573754138,10573754137,49.9292298378941,residential,7th C ross Street,False
10573754138,10573754119,90.88990765691632,residential,Besant Nagar 8th Cross Street,False
10574362313,10574362324,74.54608131719846,residential,,False
10574362313,10574362330,71.45205160173967,residential,,False
10574362313,10574362331,27.67088158655637,residential,,False
10574362323,10574362325,73.90628640847233,residential,,False
10574362324,10574362313,74.54608131719846,residential,,False
10574362324,10574362327,33.68498563100402,residential,,False
10574362324,10574382721,103.56175637446299,residential,,False
10574362325,10574362323,73.90628640847233,residential,,False
10574362325,10574362329,29.350333089299472,residential,,False
10574362325,10574362330,104.16070646668419,residential,,False
10574362326,10574362327,74.07536222314884,residential,,False
10574362327,10574362329,37.31478165254575,residential,,False
10574362327,10574362324,33.68498563100402,residential,,False
10574362327,10574362326,74.07536222314884,residential,,False
10574362328,10574362329,73.97980775251702,residential,,False
10574362329,10574362325,29.350333089299472,residential,,False
10574362329,10574362327,37.31478165254575,residential,,False
10574362329,10574362330,74.88964351047056,residential,,False
10574362329,10574362328,73.97980775251702,residential,,False
10574362330,10574362313,71.45205160173967,residential,,False
10574362330,10574362329,74.88964351047056,residential,,False
10574362330,10574362325,104.16070646668419,residential,,False
10574362331,10574362313,27.67088158655637,residential,,False
10574362331,10574445786,110.90859622752129,residential,Charles Todhunter Road,True
10574382721,10574382721,225.11595301471132,residential,,False
10574382721,10574382721,225.11595301471135,residential,,False
10574382721,10574362324,103.56175637446299,residential,,False
10574445747,11618290263,80.40549638732799,residential,,False
10574445747,10574445789,22.07530478311225,residential,Charles Todhunter Road,False
10574445747,10574445770,78.59312909571545,residential,Charles Todhunter Road,False
10574445770,10574445771,11.583835241714953,residential,Charles Todhunter Road,False
10574445770,13399298681,69.13316803230819,residential,,True
10574445770,10574445747,78.59312909571545,residential,Charles Todhunter Road,False
10574445771,10574445770,11.583835241714953,residential,Charles Todhunter Road,False
10574445771,11618263421,192.07463303433272,residential,,False
10574445771,10574445779,93.11008521216397,residential,Charles Todhunter Road,True
10574445779,13399298670,9.271220265335817,residential,,False
10574445779,10574362331,14.544998208444806,residential,Charles Todhunter Road,True
10574445786,13399298675,9.675687001340005,residential,Jothiammal Nagar,False
10574445786,269767422,20.98448406677673,residential,Jothiammal Nagar,False
10574445789,13399298678,9.311380235324403,residential,,False
10574445789,13399298679,79.78025352292653,residential,Charles Todhunter Road,True
10574445789,10574445747,22.07530478311225,residential,Charles Todhunter Road,False
10579711463,2215260358,23.792581815772095,residential,,False
10579711463,10579711464,47.29613322057189,residential,,False
10579711463,2215260362,80.28326243538717,residential,,False
10579711464,2215260350,20.25374364711775,residential,,False
10579711464,2215260362,17.757993813865028,residential,,False
10579711464,10579711463,47.29613322057189,residential,,False
10593460192,10593460210,12.449732972467379,tertiary,,True
10593460192,10593460312,112.47908518927123,tertiary,,False
10593460209,10593460192,10.146846244630627,tertiary,,True
10593460210,10593460209,13.218355803902782,tertiary,,True
10593460210,10593460219,53.243444305691845,tertiary,,False
10593460219,10593460210,53.243444305691845,tertiary,,False
10593460219,258143348,24.56332498617674,tertiary_link,,False
10593460250,258143348,45.874966804007336,trunk,Grand Southern Trunk Road,True
10593460250,10593460219,64.91295013811798,tertiary,,True
10593460312,10593460192,112.47908518927122,tertiary,,False
10593460312,10593460327,14.992927902310754,tertiary,,False
10593460327,12159256548,234.60569642916008,primary_link,,True
10593460327,10593460312,14.992927902310754,tertiary,,False
10593574674,300159434,10.809961681900486,tertiary,Dr. Ambedkar Nagar 4th Main Road,False
10593574674,300159513,33.322933349161815,tertiary,Dr. Ambedkar Nagar 4th Main Road,False
10593574674,10593574675,39.60815272667654,residential,,False
10593574675,10558591311,87.56921229781716,residential,,False
10593574675,10593574676,35.93280937493884,residential,,False
10593574675,10593574674,39.60815272667654,residential,,False
10593574675,11250382315,78.0817228063198,residential,,False
10593574676,10558591310,90.34550204884653,residential,,False
10593574676,330410525,34.329966753118114,residential,,False
10593574676,10593574675,35.93280937493884,residential,,False
10595278750,391847432,76.87918244116884,residential,,False
10595278750,6445060676,95.16709672406061,residential,,False
10595278750,10595278751,73.58890720609193,residential,,False
10595278751,10595278750,73.58890720609193,residential,,False
10595278751,391847431,77.52493165222452,tertiary,Arulayammanpet Main,False
10595278751,391847436,97.79670383539397,tertiary,Arulayammanpet Main,False
10610397495,10610397496,7.42456587364471,secondary_link,,False
10610397495,319489486,206.19202550264964,secondary,Dr. Muthulakshmi Road,True
10610397496,10610397495,7.42456587364471,secondary_link,,False
10610397496,319493743,35.393986156331756,secondary,Dr. Muthulakshmi Road,True
10636094301,6585596278,539.8296252872472,residential,Surya Nagar,False
10669042771,338406637,26.916342986219266,primary,Velachery Bypass Road,True
10669042771,10669042772,73.69540745347753,residential,,False
10669042772,10669042771,73.69540745347753,residential,,False
10675389371,299805278,151.40844355052852,residential,31st Cross Street,False
10675389371,10675389372,36.18803795519997,residential,35th Cross Street,False
10675389371,299805265,58.34771578935048,residential,35th Cross Street,False
10675389372,10675389371,36.18803795519997,residential,35th Cross Street,False
10706568149,7806740567,90.24053272133919,residential,,False
10718017048,338461296,59.27286792334077,residential,Udhayam Nagar 2nd Main Road,False
10718193946,10718193947,54.28494453650374,residential,,False
10718193947,10718193946,54.28494453650374,residential,,False
10718193947,2167148994,41.78021182291849,residential,,False
10718193947,10718193950,32.830836789171876,residential,,False
10718193949,10718193950,79.15689513220318,residential,,False
10718193950,10718193947,32.830836789171876,residential,,False
10718193950,10718193951,48.1281001135078,residential,,False
10718193950,10718193949,79.15689513220318,residential,,False
10718193951,10718193950,48.1281001135078,residential,,False
10722598783,269767075,24.984599722052977,residential,,False
10738744587,2237675836,7.6988455860775575,residential,,False
10786607273,319500505,82.52512497110656,residential,,False
11032257976,300376603,36.45337294364264,residential,,False
11033772484,368390296,33.937764857054525,residential,,False
11033772484,391847437,16.664686494340224,residential,,False
11033772484,391847436,56.46555519101795,residential,,False
11033772486,2241065693,116.98445022696848,residential,Labour Colony 2nd Street,False
11033772486,391847440,14.20131715147115,residential,Labour Colony 2nd Street,False
11033772486,368390296,33.24992086310944,residential,,False
11033772486,11402431143,54.18421727673592,residential,,False
11033780591,256029542,49.15504081484616,tertiary,,False
11033780591,11033780592,14.843977135355741,tertiary,,True
11033780592,2241058261,217.61283363394608,residential,,False
11033780592,256029411,9.873310973363308,tertiary,,True
11033780593,256029549,150.3570570441878,residential,,False
11033780593,11033780591,15.485435138510473,tertiary,,True
11033780594,256029482,150.49784950689173,tertiary,,False
11033780594,11033780593,7.046703404461052,tertiary,,True
11033781227,7826394680,20.799119269269333,residential,,False
11033781227,256029528,43.30598747015527,residential,,False
11033781227,11033781228,62.13770473814908,residential,,False
11033781228,11033781227,62.13770473814908,residential,,False
11033890689,299883303,118.0617804452786,residential,1st Cross Street,False
11033995451,364628486,25.948301514916857,tertiary,Gandhi Nagar Main,False
11033995451,9189148371,23.850492002045304,tertiary,Gandhi Nagar Main,False
11033995451,11033995452,41.71024686499642,living_street,,False
11033995452,11033995451,41.71024686499642,living_street,,False
11036719423,9189148357,37.25382735695648,living_street,,False
11037122652,7024968822,16.27997414874335,secondary,Dr. Muthulakshmi Road,True
11037122652,12284611277,86.77105975056186,residential,,False
11037321202,338471952,61.736202410625474,residential,,False
11037321202,11431727605,22.17714582636257,residential,,False
11037321202,11431727609,23.622304837339748,residential,,False
11037358813,9179599548,86.21318165814043,residential,Canal Road,False
11038534987,300193853,3.5513565046719275,residential,,False
11038534987,339291580,41.29414012111055,residential,,False
11038534987,11038534988,47.70276314065639,residential,,False
11038534988,11038534987,47.70276314065639,residential,,False
11038535792,11217132750,40.4960081521536,residential,,False
11038547512,3606391289,21.016341981004427,residential,6th Street,False
11038547512,333732382,28.329607119206987,residential,6th Street,False
11038547512,333732373,187.2968616879275,residential,"['9th Street', '14th Street', '13th Street']",False
11038553188,9580377276,17.341157184615792,primary,Grand Southern Trunk Road,True
11038582811,291295296,47.10315118670182,residential,,False
11039516410,11058075117,60.02877538777397,tertiary,Cart Track Road,False
11039516410,11039516411,61.72444636154966,residential,Balaji Avenue,False
11039516410,330410528,32.73913820954551,tertiary,Cart Track Road,False
11039516411,11039516410,61.72444636154966,residential,Balaji Avenue,False
11039527436,339291879,16.33846510596923,tertiary,,False
11039575610,11792407188,91.90343145289101,residential,,False
11039711234,2167027827,153.03325231915983,residential,Andal Nagar Extension 1st Street,False
11041568830,300312789,32.60977128051395,tertiary,Gandhi Road,False
11041568830,11041568831,54.72948948779824,living_street,,False
11041568830,3493019110,40.502719510512264,tertiary,Gandhi Road,False
11041568831,11041568830,54.72948948779824,living_street,,False
11041609611,9181580886,16.61259548365896,residential,,False
11041651027,11041651028,48.901419271580835,residential,,False
11041651027,9181580899,51.28933601097713,residential,,False
11041651027,1750638810,83.04093280446071,residential,Sai Nagar Colony,False
11041651028,264040360,52.32877566533263,residential,,False
11041651028,1272541153,46.977832007947875,residential,,False
11041651028,11041651027,48.901419271580835,residential,,False
11041722780,334267123,38.92033693845709,residential,Anna Colony,False
11041722780,319495758,71.80257574105497,residential,Anna Colony,False
11041722780,319495759,112.16749405056491,residential,,False
11041730091,319493784,77.8594591702883,living_street,4th Street,False
11041730091,257430162,55.439074793761506,living_street,4th Street,False
11041730091,334267028,24.714835733248982,residential,Lal Bahadur Shastri Street,False
11042266858,249493601,161.2426481509993,residential,Gandhi Nagar 3rd Main Road,False
11042266858,249497619,100.0532207056185,residential,Gandhi Nagar 3rd Main Road,False
11042266858,11042266859,55.90043869524387,residential,,False
11042266859,11042266858,55.90043869524387,residential,,False
11043320024,2168628935,21.803300183100678,residential,,False
11043320024,11143247837,28.53329004690132,residential,,False
11043320024,11143247837,160.46138321238757,residential,,False
11043320024,7025018515,43.940005041665216,living_street,,False
11043356678,11043356680,19.80374891664574,living_street,,False
11043356678,11786602391,14.276795443646574,living_street,,False
11043356678,9189148323,39.45834847005823,living_street,,False
11043356679,2168628932,8.760369768420096,residential,,False
11043356679,11786578559,15.381511658164161,residential,,False
11043356679,11043356680,39.56278621641804,living_street,,False
11043356680,7025018517,20.09833754068259,living_street,,False
11043356680,11043356678,19.80374891664574,living_street,,False
11043356680,11043356679,39.56278621641804,living_street,,False
11043379040,312031440,30.833431569450568,residential,,False
11043419358,364873512,26.349749061279525,residential,,False
11043419358,364550448,71.26141189469367,residential,,False
11043419358,11043419359,84.28310528233752,residential,,False
11043419359,11043419358,84.28310528233752,residential,,False
11043431556,299880546,68.51114325544674,residential,,False
11043522615,9181580968,9.492253384420374,residential,,False
11043604982,2167027611,24.987229765861166,residential,Murugan Nagar Extension 1st Street,False
11043604982,11043604983,27.115497837187416,residential,,False
11043604982,300185214,239.64703047569085,residential,Murugan Nagar Extension 1st Street,False
11043604983,11043604982,27.115497837187416,residential,,False
11043604986,2407564029,57.79449049774782,residential,,False
11043633900,2167027807,51.09214083113247,residential,,False
11043635649,11618417255,36.06758840210544,residential,,False
11043635649,299883685,14.051208512914425,residential,,False
11043635649,11043635650,46.635773227436935,residential,,False
11043635650,11043635649,46.635773227436935,residential,,False
11043646146,10120160579,16.86244555004264,primary,100 Feet Road,True
11043646146,11043646148,56.82454194250935,residential,,False
11043646148,11043646146,56.82454194250935,residential,,False
11043723059,7806740579,33.74367766530396,residential,,False
11043774096,5458540726,32.15852456088651,residential,,False
11043788307,325210401,222.21525508118603,residential,Tansi Nagar 1st Street,False
11043868020,264040573,95.29171935210243,living_street,,False
11043868020,9502019368,106.27396340894862,living_street,,False
11043868020,11043868028,131.85536833202286,living_street,,False
11043868028,264040225,27.949226895365754,living_street,TP Scheme Road,False
11043868028,264040224,63.17952990584274,living_street,TP Scheme Road,False
11043868028,11043868020,131.85536833202286,living_street,,False
11043878608,11792407210,5.875469178282102,living_street,Govindaswamy Nagar,False
11043878608,11792407200,18.6572889363114,living_street,,False
11043878608,2270302210,56.827643976122545,living_street,Govindaswamy Nagar,False
11045711130,264031859,33.14530623758822,living_street,,False
11045711130,2215260399,86.91568582487831,living_street,,False
11045711130,9181580866,68.91817117640848,residential,,False
11045724646,262680675,94.55156395016324,tertiary,PS Kumarasamy Raja Road,False
11045724646,11045724648,16.131948317627526,residential,,False
11045724646,11645078611,20.6531911440286,tertiary,PS Kumarasamy Raja Road,False
11045724647,11645078611,93.27813214212719,residential,,False
11045724648,11045724646,16.131948317627526,residential,,False
11045780375,333732481,47.70283313159002,tertiary,South Mada Street,False
11045780375,11045780376,40.00410229758154,living_street,,False
11045780375,301299658,88.74942947146181,tertiary,South Mada Street,False
11045780376,11045780375,40.00410229758154,living_street,,False
11045782628,333734688,157.6975016486215,residential,3rd Seaward Road,False
11045782628,9179560469,53.95157432917,residential,3rd Seaward Road,False
11045782628,11217132750,112.58068123399633,residential,,False
11045842025,3997983572,59.660412870931836,residential,,False
11045842034,257432774,39.17352671946878,residential,,True
11045842034,11045842035,28.9266356908957,residential,,False
11045842035,11045842034,28.9266356908957,residential,,False
11046206859,11046206862,81.5283145284551,living_street,,False
11046206859,338406731,117.24871915949069,living_street,,False
11046206859,277911479,34.339832985101644,living_street,,False
11046206862,338406731,7.90038753632694,primary,Velachery Bypass Road,True
11046206862,11046206859,81.5283145284551,living_street,,False
11046276522,11772701153,70.39129107674944,residential,Parameswari Nagar 1st Street,False
11046276522,11046276523,28.96376256934272,living_street,,False
11046276522,313775197,126.4529250938082,residential,"['1st Street', 'Parameswari Nagar 1st Street']",False
11046276523,11046276522,28.96376256934272,living_street,,False
11047877883,334267067,27.647497102663305,residential,Kalakshetra Road,False
11047877883,257432754,98.08538145819368,residential,Kalakshetra Road,False
11047877883,11047877884,33.392268034167,residential,,False
11047877884,11047877883,33.392268034167,residential,,False
11047952911,11047952912,59.67151298274595,living_street,,False
11047952911,257430165,68.60259256873101,residential,Anna Street,False
11047952911,9179560486,151.71414264423373,residential,Anna Street,False
11047952912,11047952911,59.67151298274595,living_street,,False
11050648633,330420146,32.953098196224694,residential,,False
11050648633,11050648635,56.108407009952835,residential,,False
11050648633,11050648635,55.844097843172804,residential,,False
11050648635,330420162,65.04452572926212,residential,,False
11050648635,11050648633,56.108407009952835,residential,,False
11050648635,11050648633,55.844097843172804,residential,,False
11050651533,9370418225,37.573757868848034,primary,Velachery Bypass Road,True
11050651533,11050651534,88.61804906971796,residential,Somasundaram Street,False
11050651534,11050651533,88.61804906971796,residential,Somasundaram Street,False
11050659276,246867074,210.00802983401297,tertiary,Taramani Road,True
11050659276,11050659283,103.38477259633477,residential,Periyar Street,False
11050659283,11050659276,103.38477259633477,residential,Periyar Street,False
11050668343,11050668344,101.82333631646773,living_street,,False
11050668343,338440035,49.97214857610909,residential,,False
11050668343,4265654365,99.01377404116897,residential,,False
11050668344,338440033,50.29017022567384,residential,Lakshmipuram Street,False
11050668344,11050668343,101.82333631646773,living_street,,False
11050668344,11064227029,28.769643842425342,residential,Lakshmipuram Street,False
11050668379,313783575,32.34586270667212,residential,10th Cross Street,False
11050668379,313783569,35.90669861551258,residential,10th Cross Street,False
11050668379,11050668380,43.86832760099249,residential,,False
11050668379,11772701129,29.141249268722717,residential,,False
11050668380,11050668379,43.86832760099249,residential,,False
11050686280,11050686281,91.17730748403176,residential,,False
11050686281,277911475,20.817235208445663,tertiary,Dhroupathy Amman Koil Street,False
11050686281,11050686280,91.17730748403176,residential,,False
11050686281,277911476,101.81005632477051,tertiary,Dhroupathy Amman Koil Street,False
11050695523,299805288,25.469982502851188,residential,Ellaiamman Koil Street,False
11050695523,11402614798,18.325140992518083,residential,Ellaiamman Koil Street,False
11050695523,11050695524,50.48619393239644,residential,,False
11050695524,11050695523,50.48619393239644,residential,,False
11050703720,2407565895,65.8630525883733,tertiary,Dhroupathy Amman Koil Street,False
11050703720,4265654366,7.256768668104518,tertiary,Dhroupathy Amman Koil Street,False
11050703720,11050703724,59.84649669239099,residential,,False
11050703724,11050703720,59.84649669239099,residential,,False
11050737789,11050737790,64.65925027264986,residential,,False
11050737789,299805354,33.29167290063866,residential,Ellaiamman Koil Street,False
11050737789,2172869870,33.78332515035534,residential,Ellaiamman Koil Street,False
11050737790,11050737789,64.65925027264986,residential,,False
11050795498,338406481,107.36643854150088,residential,,False
11050814594,11772714202,36.53883304187948,residential,,False
11050814594,11050814595,40.23062784580343,residential,,False
11050814594,313775209,144.73162259232384,residential,,False
11050814595,11050814594,40.23062784580343,residential,,False
11050844580,312025131,38.94338572231181,residential,,False
11052083607,310102966,92.36895177032268,residential,Pallipattu Main Road,False
11052083607,2172995861,8.575192021608926,residential,Pallipattu Main Road,False
11052083607,11052083616,68.47376578113193,residential,,False
11052083612,11052083616,80.71789283216543,residential,,False
11052083615,11052083616,28.348911017051602,residential,,False
11052083616,11052083615,28.348911017051602,residential,,False
11052083616,11052083607,68.47376578113193,residential,,False
11052083616,11052083612,80.71789283216543,residential,,False
11052085400,2172995868,45.5555207663504,residential,Sriram Nagar Main Road,False
11052085400,2173017135,35.111103603275446,residential,Sriram Nagar Main Road,False
11052085400,11052085403,136.60028393088348,living_street,,False
11052085403,11052085400,136.60028393088348,living_street,,False
11052089959,11052089962,85.11122926879614,residential,Karnam Street,False
11052089962,325208906,83.0804449576927,secondary,Velachery Main Road,False
11052089962,325207106,32.6272136339759,secondary,Velachery Main Road,False
11052089962,11052089959,85.11122926879614,residential,Karnam Street,False
11052133645,330648900,38.30241108930673,residential,,False
11052139364,368389274,52.54929548680892,residential,,False
11052194867,11598059468,25.12966127946676,residential,,False
11052194867,13399298680,61.85022879347069,residential,,True
11052194867,303511274,86.71990014423017,residential,Charles Todhunter Road,False
11052194868,11598059468,45.84990089067716,residential,,False
11052199789,11052209735,137.78954684256107,residential,4th Street,False
11052199789,269767231,574.131155443876,primary,"['Maraimalai Adigal Bridge', 'Taluk Office Road', 'Anna Salai (Mount Road)']",True
11052209735,11052209736,43.60600482419733,residential,,False
11052209735,11307400830,177.66493215455523,residential,4th Street,False
11052209735,11052199789,137.78954684256107,residential,4th Street,False
11052209736,11052209735,43.60600482419733,residential,,False
11052703591,300164009,37.61790382684727,residential,10th Street,False
11052703591,300164008,97.59382506190009,residential,10th Street,False
11052703591,11052703592,27.63614329895482,residential,,False
11052703592,11052703591,27.63614329895482,residential,,False
11052703592,11054461467,23.644851872045002,residential,38th Lane,False
11052703592,330420199,127.01594888555377,residential,,False
11052710111,11832653249,7.089790473887464,residential,,False
11052728313,1184617250,106.68249389569725,secondary,Velachery Main Road,True
11052728313,338440214,32.87414801487367,residential,,False
11054051465,2167027827,39.19497096603758,residential,,False
11054180300,11054180301,5.8493512371635985,residential,,False
11054180300,9181580883,128.74923624467576,residential,,False
11054180300,264040114,89.30150516885043,residential,,False
11054180301,11054180300,5.8493512371635985,residential,,False
11054180301,264040182,203.04326725944003,residential,,False
11054180301,11054207606,91.65200673652089,residential,,False
11054207603,338466490,39.76185210515997,residential,Sozhamannan Street,False
11054207603,338466505,4.663017834088655,residential,Sozhamannan Street,False
11054207603,11054207604,37.22827148965279,residential,,False
11054207604,11054207603,37.22827148965279,residential,,False
11054207604,1457521712,54.94617687988477,residential,Taramani Station Road,False
11054207606,11054180301,91.65200673652089,residential,,False
11054207889,300159298,29.39326107250473,tertiary,Dr. Ambedkar Nagar 4th Main Road,False
11054207889,14152948067,18.892483370284463,tertiary,Dr. Ambedkar Nagar 4th Main Road,False
11054207889,10558591311,118.34920693631251,residential,,False
11054217087,11757025967,38.41549061277993,residential,Cholamannan Street,False
11054217087,303453707,5.558148245559172,residential,Cholamannan Street,False
11054217087,11054217088,47.08371164494553,residential,,False
11054217088,11054217087,47.08371164494553,residential,,False
11054217088,1454664555,149.40720627985928,secondary,Dr MGR Main Road,True
11054226848,338466434,18.57347989893056,living_street,,False
11054226848,303453815,13.392032211209841,living_street,,False
11054226848,338466530,48.89591800691563,residential,,False
11054248074,300159867,65.68466019852046,residential,,False
11054248074,300159865,15.41691065704961,residential,,False
11054248074,2168960115,30.090680928989855,residential,,False
11054248076,11054248078,14.690165192881427,residential,,False
11054248076,11190038634,46.54877729400973,residential,,False
11054248076,300159880,35.27347500992401,residential,,False
11054248078,11054248076,14.690165192881427,residential,,False
11054248078,300159908,26.39382349342137,residential,,False
11054248078,300159970,104.96401280503376,residential,,False
11054461467,11052703592,23.644851872045002,residential,38th Lane,False
11054461468,6795313107,51.64846214614088,residential,38th Lane,False
11054524287,5124315541,46.521134956544664,residential,4th Main Road,False
11054524287,2168576074,42.5441270738453,residential,4th Main Road,False
11054524287,4252220048,99.08933328929756,residential,,False
11054537025,2168576077,20.76385659488894,residential,Veenus Colony 3th Street,False
11054537025,1457503257,68.54288626409006,residential,Veenus Colony 3th Street,False
11054537025,14141791480,112.47332849326786,residential,,False
11054635080,4450560887,103.89076070815176,residential,,False
11054635081,300464572,22.573977761266832,residential,Anna Nagar 4th Main Road,False
11054635081,11612806385,39.78796178082626,residential,Anna Nagar 4th Main Road,False
11054635081,11054635084,60.02937354940676,residential,,False
11054635084,11054635081,60.02937354940676,residential,,False
11056205436,12684083857,25.2180985613496,residential,,False
11056205436,11190343419,5.558891815154232,residential,,False
11056205436,11056205439,90.86057916870062,residential,,False
11056205439,9189148375,18.035125301375196,residential,,False
11056205439,11056205436,90.86057916870061,residential,,False
11056205439,364637083,104.26927674888194,"['residential', 'living_street']",,False
11056212008,338406737,46.23664902578337,residential,Radhamohan Street,False
11056212008,300313031,124.44340755706796,residential,Radhamohan Street,False
11056212008,7806670146,111.81695057795693,residential,,False
11057770503,319489411,28.375603805976173,residential,28th Cross Street,False
11058020272,11770605203,73.23267747860093,residential,Sathanipet 2nd Street,False
11058020272,2168960241,88.84115252725759,residential,,False
11058020272,2168960237,148.82160982325058,residential,,False
11058030538,2241063790,165.90309108474165,residential,,False
11058030538,2241062418,134.7811243297757,residential,,False
11058030538,11058030542,193.53292568675147,residential,,False
11058030542,368386148,13.094992546391262,residential,,False
11058030542,368386147,214.28582880234194,residential,,False
11058030542,11058030538,193.5329256867515,residential,,False
11058070789,13613527394,62.284751762427696,residential,2nd West street,False
11058070789,11058070790,17.74380357677154,residential,,False
11058070789,2166973524,26.724456315387442,residential,2nd West street,False
11058070790,11058070789,17.74380357677154,residential,,False
11058075115,11770605250,11.408736866651433,tertiary,Cart Track Road,False
11058075115,2168960194,43.028135028977914,tertiary,Cart Track Road,False
11058075115,11058075116,71.4554306515808,residential,Angalamman Koil 1st Street,False
11058075116,11058075115,71.4554306515808,residential,Angalamman Koil 1st Street,False
11058075117,11039516410,60.02877538777397,tertiary,Cart Track Road,False
11058075117,11770605250,12.35788385195162,tertiary,Cart Track Road,False
11058075117,11058075118,42.58089338181762,residential,Agastya Street,False
11058075118,11058075117,42.58089338181762,residential,Agastya Street,False
11059186577,299879128,62.319021445154,residential,,False
11059186577,1241211262,37.44372271798473,residential,,False
11059186577,11059186578,56.29007718325231,residential,,False
11059186578,11059186577,56.29007718325231,residential,,False
11059186600,338282602,87.74673726029114,primary,Major Mukund Varadharajan Salai,True
11059186600,11059288307,156.7893531971739,residential,,False
11059288307,11059186600,156.7893531971739,residential,,False
11059326364,300304304,57.83833536860003,residential,,False
11059326364,11059326365,50.28882669457838,residential,,False
11059326364,6305258154,176.94327979234473,residential,,False
11059326365,11059326364,50.28882669457838,residential,,False
11061244968,2218346060,65.10461490446338,residential,,False
11061280581,2218346060,49.81415294770638,residential,3rd Loop Street,False
11061280581,410706083,74.16693532981822,residential,3rd Loop Street,False
11061280581,410706083,110.11143179217967,residential,,False
11061400187,4392279595,135.85352169456198,residential,,False
11061439562,10285691859,116.50413393964088,residential,,False
11061439562,10292613444,117.89469968245251,residential,,False
11061439562,2168628529,55.39572099305008,living_street,,False
11061455125,11061455127,23.29663362879847,residential,Kamaraj Avenue 2nd Street,False
11061455125,335503145,54.62599668019454,residential,Kamaraj Avenue 2nd Street,False
11061455125,11061455126,55.971015309536746,residential,,False
11061455126,11061455125,55.971015309536746,residential,,False
11061455127,11064196559,17.509630212056663,residential,Kamaraj Avenue 2nd Street,False
11061455127,11061455125,23.29663362879847,residential,Kamaraj Avenue 2nd Street,False
11061455127,11061455128,61.53345820211587,residential,,False
11061455128,11061455127,61.53345820211587,residential,,False
11061455129,11061455135,17.903334821983208,residential,Kamaraj Avenue 2nd Street,False
11061455129,11061455135,142.88030691733542,residential,,False
11061455129,11064196559,19.361498091749368,residential,Kamaraj Avenue 2nd Street,False
11061455135,11061455129,17.903334821983208,residential,Kamaraj Avenue 2nd Street,False
11061455135,11061455129,142.88030691733542,residential,,False
11061455135,257430019,129.40959136061903,residential,Kamaraj Avenue 2nd Street,False
11064196559,11061455129,19.361498091749368,residential,Kamaraj Avenue 2nd Street,False
11064196559,11061455127,17.509630212056663,residential,Kamaraj Avenue 2nd Street,False
11064196559,11064196560,51.113371814714434,residential,,False
11064196560,11064196559,51.113371814714434,residential,,False
11064227029,11050668344,28.769643842425342,residential,Lakshmipuram Street,False
11064608710,7800752329,63.10758634663307,residential,,False
11064683706,333719108,37.65141334681186,primary,East Coast Road,True
11064683713,11064683706,22.80082449151139,residential,,True
11064737255,333719112,33.86098476452796,primary,East Coast Road,True
11064737255,11064737256,128.66237417052756,residential,,False
11064737256,9179560429,24.995487705354414,residential,TVK Koil 3rd Street Ext,False
11064737256,2274368824,34.692187673847926,residential,TVK Koil 3rd Street Ext,False
11064737256,11064737255,128.66237417052756,residential,,False
11064737257,14008099694,9.700753574336987,residential,TVK Koil 3rd Street Ext,False
11064737257,11064737258,63.43805688136297,living_street,,False
11064737257,9179560429,34.347436066628454,residential,TVK Koil 3rd Street Ext,False
11064737258,11064737257,63.43805688136297,living_street,,False
11066130865,312024915,10.558933595125099,residential,Kasturibai Nagar 2nd Cross Street,False
11066130865,312024938,22.472786525635534,residential,Kasturibai Nagar 2nd Cross Street,False
11066130865,11066130869,173.48453725068785,residential,3rd Main Road,False
11066130869,11066130865,173.48453725068785,residential,3rd Main Road,False
11066130869,312024930,49.68157369574678,residential,Kasturibai Nagar 1st Cross Street,False
11066130869,257432729,55.084535623765504,residential,Kasturibai Nagar 1st Cross Street,False
11066130875,249497656,39.9718164875652,residential,Kasturibai Nagar 1st Cross Street,False
11066130875,11400037325,27.666115281872454,residential,Kasturibai Nagar 1st Cross Street,False
11066130875,11400037325,90.68922643575068,residential,,False
11066180647,11066180648,32.523957850111195,residential,,False
11066180647,1457503500,103.13680785262562,residential,Tansi Nagar 17th street,False
11066180647,300464911,123.33243853992109,residential,Tansi Nagar 17th street,False
11066180648,11066180647,32.523957850111195,residential,,False
11066184597,1457503516,43.18131448732579,residential,Baby Nagar 2nd Main Road,False
11066184597,338461183,51.845532467918744,residential,Baby Nagar 2nd Main Road,False
11066184597,11066184598,52.32559002241955,residential,,False
11066184598,11066184597,52.32559002241955,residential,,False
11066208341,11066208349,25.109519454710167,residential,Sastri Road,False
11066208341,300464593,11.711856666054784,residential,Sastri Road,False
11066208341,11066208348,47.38657273354998,residential,,False
11066208345,11066208348,18.34782022223089,residential,,False
11066208348,11066208349,29.741117346073015,residential,,False
11066208348,11066208345,18.34782022223089,residential,,False
11066208348,11066208341,47.38657273354998,residential,,False
11066208349,300464841,7.141264699373142,residential,Sastri Road,False
11066208349,11066208341,25.109519454710167,residential,Sastri Road,False
11066208349,11066208348,29.741117346073015,residential,,False
11066220327,338461571,37.737513919268636,tertiary,Bharani Street,False
11066220327,338461555,65.20186881283175,tertiary,Bharani Street,False
11066220327,11066220329,102.75615055524437,residential,,False
11066220329,11066220327,102.75615055524437,residential,,False
11066238270,299800830,9.453530919679059,residential,,False
11066273320,2168628390,27.48361112197291,residential,,False
11066273320,2168628382,77.21110575745814,residential,,False
11066273324,1446415915,48.20857007610343,residential,,False
11066273324,11066273326,5.585829011788099,residential,,False
11066273324,1453466282,127.10525426553336,residential,,False
11066273326,11066273324,5.585829011788099,residential,,False
11078052401,278990634,130.6319402047544,residential,,False
11098992199,9181580971,29.902873455213424,residential,,False
11098992200,11773362752,3.625279139378642,residential,,False
11100965247,11100965248,67.8569565739827,residential,,False
11100965248,14144290612,12.612998472472821,secondary,Velachery Main Road,True
11100965248,11100965247,67.8569565739827,residential,,False
11101583942,2167027593,62.02814934777704,residential,,False
11101583942,10004178901,71.24140247877696,residential,,False
11101583942,11768230864,69.7146146425335,residential,,False
11138662919,9179599534,30.436016356619664,residential,,False
11138662919,9179599533,37.63576318262215,residential,,False
11138662919,333719169,94.50780585684811,residential,,False
11143247837,11043320024,28.53329004690132,residential,,False
11143247837,11043320024,160.46138321238757,residential,,False
11143247837,365987958,31.52475270706852,residential,,False
11155218183,243051708,157.5167384674521,primary,Sardar Patel Road,True
11155690560,338440041,44.448839370918485,residential,,False
11158572902,249497716,12.456104537433415,primary,Sardar Patel Road,True
11158572902,12686795214,14.5446438044262,secondary_link,,True
11158572903,9728670869,14.16979185609666,primary,Sardar Patel Road,True
11158572903,11158572902,20.839862559980734,secondary_link,,True
11158696496,256035584,167.54100908133782,primary,Sardar Patel Road,True
11160175939,256039832,280.34607433224556,residential,,False
11171763005,299879215,109.05783360807546,residential,,False
11173435364,1183430596,17.9068635046017,tertiary,Taramani Road,True
11173435364,6774041896,43.962797348860335,primary,,True
11183232599,11183232600,10.081933853667422,primary_link,,False
11183232599,299883297,123.47083649224567,primary,Velachery Bypass Road,True
11183232600,11183232599,10.081933853667422,primary_link,,False
11183232600,299883329,209.12143611824243,primary,Velachery Bypass Road,True
11185858379,6498321179,16.27540276789916,residential,,False
11189886678,2167027874,33.595080205989014,residential,,False
11189976309,300191514,20.64364236654432,residential,,False
11190008349,330410527,43.46128856977692,residential,,False
11190008349,11190008350,27.516004083150506,residential,,False
11190008349,11190038635,78.20447921373291,living_street,,False
11190008350,11190008349,27.516004083150506,residential,,False
11190008350,300159692,44.05668037611063,residential,,False
11190008350,11190008352,25.437129653346,residential,,False
11190008351,300159762,30.982911315669753,tertiary,Nethaji Road,False
11190008351,11190008352,67.50195199883287,residential,,False
11190008351,2168960112,30.62975412025454,tertiary,Nethaji Road,False
11190008352,2168960115,27.89191211223803,residential,,False
11190008352,11190008350,25.437129653346,residential,,False
11190008352,11190008351,67.50195199883287,residential,,False
11190038634,299880497,31.785945143277576,residential,,False
11190038634,11054248076,46.54877729400973,residential,,False
11190038634,11190038635,9.87877572296965,residential,,False
11190038635,300159865,14.703278708304472,residential,,False
11190038635,11190008349,78.20447921373291,living_street,,False
11190038635,11190038634,9.87877572296965,residential,,False
11190075837,299880454,40.923533007803854,tertiary,Nethaji Road,False
11190075837,300160041,5.054259263153147,tertiary,Nethaji Road,False
11190075837,11190075838,67.24715513289357,residential,,False
11190075838,11190075837,67.24715513289357,residential,,False
11190075839,300160265,17.752764006385373,tertiary,Nethaji Road,False
11190075839,11190075840,63.240920725603154,residential,,False
11190075839,300160041,22.029742565155924,tertiary,Nethaji Road,False
11190075840,11190075839,63.240920725603154,residential,,False
11190315103,11190315104,47.29945593472214,residential,,False
11190315103,2172864868,28.732540617887256,residential,,False
11190315103,11436575123,17.83187679034603,residential,,False
11190315104,11190315103,47.29945593472214,residential,,False
11190343414,11190343415,40.50484939960411,residential,,False
11190343414,11190343421,16.695152685005144,residential,,False
11190343414,278990640,31.315946970747085,residential,,False
11190343415,11190343414,40.50484939960411,residential,,False
11190343417,9189148374,23.950086898589813,residential,,False
11190343417,11190343418,31.83693205355183,living_street,,False
11190343417,11190343419,21.74798102874525,residential,,False
11190343418,11190343417,31.83693205355183,living_street,,False
11190343419,11056205436,5.558891815154232,residential,,False
11190343419,11190343420,25.42910752803821,living_street,,False
11190343419,11190343417,21.74798102874525,residential,,False
11190343420,11190343419,25.42910752803821,living_street,,False
11190343421,9189148374,20.075287329659442,residential,,False
11190343421,11190343414,16.695152685005144,residential,,False
11190343421,9189148383,107.48798226401559,residential,,False
11190343422,9189148378,12.296413635365463,residential,,False
11190366209,364631697,30.79170513560627,residential,Poomagal Main Road,False
11190366209,364631695,13.536016530493749,residential,Poomagal Main Road,False
11190366209,11190366210,67.60254048045825,residential,,False
11190366210,11190366209,67.60254048045825,residential,,False
11190379653,364571311,48.40720526514141,secondary,SIDCO Industrial Estate South Phase Road,True
11190379653,11190379658,66.7038205905294,residential,,False
11190379658,11190379653,66.7038205905294,residential,,False
11190410009,364637075,28.41748712285385,residential,,False
11190410009,364637074,52.598992565834216,residential,,False
11190410009,11190410010,22.749962997318026,residential,,False
11190410009,364637097,117.01693149132171,residential,,False
11190410010,11190410009,22.749962997318026,residential,,False
11192341572,11192341573,19.187035281749036,residential,,False
11192341573,11192341572,19.187035281749036,residential,,False
11192341573,300185825,42.919019797492375,residential,,False
11192341573,11192341574,49.98707063208418,residential,,False
11192341574,11192341573,49.98707063208418,residential,,False
11192479772,6451339709,20.55922566755709,residential,,False
11192479773,6451339709,20.06145770198524,residential,,False
11192479774,299883901,16.94629740550758,residential,,False
11192479774,11192479775,33.38700836860107,residential,,False
11192479774,299883775,45.10563729508597,residential,,False
11192479775,11192479774,33.38700836860107,residential,,False
11217088217,9882536278,83.72706165471263,residential,TVK Koil 1st Street,False
11217099221,333738059,24.639176382605218,residential,4th Main Road,False
11217099221,313138965,30.337056631932736,residential,4th Main Road,False
11217099221,11217099222,91.07912739407533,residential,,False
11217099221,11217099223,39.23005814396192,living_street,,False
11217099222,333738053,26.185190354977408,residential,24th Street,False
11217099222,333738001,26.81153206529233,residential,24th Street,False
11217099222,11217099221,91.07912739407533,residential,,False
11217099223,11217099224,23.64410706421181,living_street,,False
11217099223,9179560450,33.28335452296978,living_street,,False
11217099223,11217099221,39.23005814396192,living_street,,False
11217099224,9179560461,24.12561088697745,living_street,,False
11217099224,11217099223,23.64410706421181,living_street,,False
11217099224,333738059,40.466466352354836,living_street,,False
11217108047,334190057,14.974123535994247,residential,,False
11217108049,334542209,254.67630116407832,residential,Ganapathy 1st Street,False
11217108050,334190035,67.63145899536269,residential,,False
11217108050,334190076,133.59338442653834,residential,South Street,False
11217108050,11217108052,45.16246774956803,residential,,False
11217108052,11217108054,33.75337876550192,residential,,False
11217108052,11217108050,45.16246774956803,residential,,False
11217108052,11217108055,21.085849850402816,residential,,False
11217108054,11217108052,33.75337876550192,residential,,False
11217108055,11217108052,21.085849850402816,residential,,False
11217132749,9179560441,83.84840563128829,residential,,False
11217132750,11217132751,36.947455275908254,residential,,False
11217132750,11045782628,112.58068123399633,residential,,False
11217132750,11038535792,40.4960081521536,residential,,False
11217132751,11217132750,36.947455275908254,residential,,False
11238112987,11238112990,6.1760252147098,residential,,False
11238112987,330413887,51.841284890779804,residential,,False
11238112987,2241055860,100.37645024468642,secondary,Racecourse Road,True
11238112990,11238112987,6.1760252147098,residential,,False
11238112990,247714662,124.80702851216066,secondary,Racecourse Road,True
11240698131,364628447,5.206186283031579,residential,,False
11240698131,11240698136,40.75162332744052,residential,,False
11240698131,11240698136,104.97730730863412,residential,,False
11240698136,11240698131,40.75162332744052,residential,,False
11240698136,11240698131,104.9773073086341,residential,,False
11240698136,278990636,58.5386199150525,residential,,False
11242928858,269219442,42.60497178621971,residential,Naidu Street,False
11242928858,11242928859,29.23648852953,residential,,False
11242928858,269219451,35.03788145801139,residential,Naidu Street,False
11242928859,11242928858,29.23648852953,residential,,False
11250382312,300194151,47.94315975479271,residential,,False
11250382313,300159445,43.80542663645427,residential,,False
11250382313,300159443,45.9342371512395,residential,,False
11250382313,11250382314,85.802495366868,residential,,False
11250382314,300159434,45.602080969878116,residential,12th Cross Street,False
11250382314,300159433,44.28062286072281,residential,12th Cross Street,False
11250382314,11250382313,85.802495366868,residential,,False
11250382315,300159552,36.92337206357087,tertiary,Dr. Ambedkar 1st Main Road,False
11250382315,14049890124,38.50440004004292,tertiary,Dr. Ambedkar 1st Main Road,False
11250382315,10593574675,78.0817228063198,residential,,False
11259219735,300188504,41.08207150693896,residential,,False
11259219735,300305184,22.49833757729301,residential,,False
11259219735,6445046255,71.90710769270287,residential,,False
11259219736,6445046257,41.9319537306807,residential,,False
11259219736,11259229937,30.530248328032553,residential,,False
11259219736,6445046255,36.146561816307425,residential,,False
11259229937,11259219736,30.530248328032553,residential,,False
11301565297,6498321180,27.79209283774432,residential,,False
11304038196,299883594,128.05742987993,residential,,False
11306545560,300464383,47.33936346911258,residential,,False
11306885660,301299619,20.243147994730744,residential,Thiruvanmiyur Kuppam Beach Road,False
11306885660,301299618,31.88067224851482,residential,Thiruvanmiyur Kuppam Beach Road,False
11306885660,11306885661,130.86197269234185,residential,,False
11306885661,11757871777,20.272414014816547,residential,,False
11306885661,301299618,95.7433122776018,residential,,False
11306885661,11306885660,130.86197269234185,residential,,False
11306915473,7806740576,12.795738499475247,residential,,False
11307033431,300164902,5.657944004146937,residential,,False
11307400830,269767407,37.28603981123322,residential,4th Street,False
11307400830,11052209735,177.66493215455523,residential,4th Street,False
11307400830,269767405,78.39693546868605,residential,1st Street,False
11328697149,334267270,66.58387606496326,living_street,Pilliyar Koil Lane,False
11328787841,319500459,26.765208151716465,residential,,False
11328968586,2173017275,12.612331064639037,residential,,False
11329022596,299385745,27.570918486514575,residential,,False
11330205225,11330205226,51.40492303940927,residential,,False
11330205225,330413879,55.93165364212872,secondary,Racecourse Road,True
11330205226,11330205225,51.40492303940927,residential,,False
11330511052,330410525,54.40947650942584,residential,,False
11330511053,330410518,41.432905001855836,residential,,False
11367933029,12833451245,101.65357566114719,residential,,False
11367933030,2172995861,25.001585203308583,residential,Pallipattu Main Road,False
11367933030,11806949018,134.5587746772828,residential,Pallipattu Main Road,False
11367933030,2172995858,90.88911308086148,residential,,False
11378966123,11768869712,349.5873956497344,primary,Rajiv Gandhi IT Expressway,True
11378966125,11378966123,567.1337996382316,primary_link,OMR Service Road Flyover,True
11378966125,11465900505,436.8142246166934,primary,Rajiv Gandhi IT Expressway,True
11400037325,11066130875,27.666115281872454,residential,Kasturibai Nagar 1st Cross Street,False
11400037325,11066130875,90.68922643575068,residential,,False
11400037325,312024930,27.643711399473055,residential,Kasturibai Nagar 1st Cross Street,False
11402353377,11772714202,18.81307788455984,residential,,False
11402362181,11402362182,34.69224698196264,residential,,False
11402362182,278990887,97.63947891192093,residential,,False
11402362182,368367397,43.5444418858421,residential,,False
11402362182,11402362181,34.69224698196264,residential,,False
11402362183,364628465,148.4290234942162,residential,,False
11402424403,364628469,65.74751109058859,residential,,False
11402424403,364628455,85.42289151134186,residential,,False
11402424403,11402424404,35.11868688660638,residential,,False
11402424404,364628445,87.08248521621667,residential,,False
11402424404,11402424403,35.11868688660638,residential,,False
11402424404,364628446,106.2633389404177,residential,,False
11402431143,3146856857,99.56623309342851,residential,,False
11402431143,11033772486,54.18421727673592,residential,,False
11402431143,369672908,110.17013204155941,residential,,False
11402474767,6445060676,24.36714448734196,tertiary,,False
11402474767,391847436,34.42498730298145,tertiary,,False
11402474767,391847437,99.88994388978836,residential,,False
11402478338,257430111,29.27549987183936,tertiary,Shastri Nagar 1st Avenue,False
11402478338,313783487,151.03840810805065,tertiary,Shastri Nagar 1st Avenue,False
11402478338,11402478339,47.21722801297674,residential,,False
11402478339,11402478338,47.21722801297675,residential,,False
11402484621,313783540,108.80680028255333,residential,3rd Lane,False
11402591043,313783551,105.41970995620412,residential,,False
11402591675,9179599520,14.620849537736385,residential,,False
11402593822,300464637,40.476709244860395,residential,Jeeva Street,False
11402593822,11402593823,14.401988125460052,residential,,False
11402593822,300464635,30.3638957241709,residential,Jeeva Street,False
11402593823,11402593822,14.401988125460052,residential,,False
11402604957,2172869870,141.8151114014062,residential,4th Cross Street,False
11402614786,11402614790,34.66140776700079,residential,Ramasamy Avenue,False
11402614786,11402614798,77.82656864071696,residential,Ramasamy Avenue,False
11402614786,11402614797,23.62402423864175,residential,,False
11402614789,11402614790,11.040610027850736,residential,Ramasamy Avenue,False
11402614790,11402614789,11.040610027850736,residential,Ramasamy Avenue,False
11402614790,11402614786,34.66140776700079,residential,Ramasamy Avenue,False
11402614790,11402614791,33.3813190288554,residential,,False
11402614791,11402614790,33.3813190288554,residential,,False
11402614797,11402614786,23.62402423864175,residential,,False
11402614798,11050695523,18.325140992518083,residential,Ellaiamman Koil Street,False
11402614798,257430159,45.74857637600827,residential,Ellaiamman Koil Street,False
11402614798,11402614786,77.82656864071696,residential,Ramasamy Avenue,False
11402837826,5460773146,13.386024877756457,primary,Sardar Patel Road,True
11402837826,2241062385,121.57375841688294,residential,,False
11402842258,269767027,30.562296621245963,living_street,Ponni Amman Koil Street,False
11402926020,11402926021,64.67073984710933,living_street,,False
11402926021,11402926020,64.67073984710933,living_street,,False
11402926021,269767036,28.304258350335594,residential,Ponni Amman Koil Street,False
11402926021,269767011,21.023089027591652,residential,Ponni Amman Koil Street,False
11414318734,257432729,85.89446424734989,residential,Tiruvengadam Street,False
11414318734,335480516,55.58248143657314,residential,Tiruvengadam Street,False
11414318734,11414318735,34.14109440524272,residential,,False
11414318735,11414318734,34.14109440524272,residential,,False
11419390672,300165125,57.14911587220412,residential,,False
11419436624,6795313110,70.76471678442017,residential,TNHB Colony 99th Lane,False
11419436626,330420175,48.55916305755403,living_street,,False
11419629607,330648715,96.74364251645923,residential,,False
11419958403,257432778,135.34204276891418,residential,,False
11419958413,257439313,43.0070462256018,residential,,False
11419958413,2167013025,38.7269806992693,residential,,False
11419958413,257439306,80.99581708760336,residential,,False
11419978120,2166836269,37.44970873555024,residential,17th Cross Street,False
11419978120,319490838,76.73142743410287,residential,,False
11419978120,11419978124,5.377291618110128,residential,17th Cross Street,False
11419978124,2166860187,41.98957705210747,residential,17th Cross Street,False
11419978124,11419978120,5.377291618110128,residential,17th Cross Street,False
11419978124,319490848,109.50121799399054,residential,13th Lane,False
11427643628,364637118,40.81647307957476,residential,Naga Reddy Thottam Garden Rd,False
11427643628,2241068154,121.64754127660784,residential,Naga Reddy Thottam Garden Rd,False
11427643628,11427643629,86.8668633303311,residential,,False
11427643629,11427643633,80.01740018352196,residential,,False
11427643629,11427643628,86.8668633303311,residential,,False
11427643629,6783512455,175.4552805709584,residential,,False
11427643630,11427643631,16.0226804897485,residential,,False
11427643631,11427643632,16.358431869068728,residential,,False
11427643631,11427643630,16.0226804897485,residential,,False
11427643631,11427643634,11.606915187677028,residential,,False
11427643632,11427643631,16.358431869068728,residential,,False
11427643633,11427643629,80.01740018352196,residential,,False
11427643633,368385486,36.46652888828839,residential,,False
11427643633,11427643634,33.73461532498484,residential,,False
11427643634,11427643631,11.606915187677028,residential,,False
11427643634,11427643633,33.73461532498484,residential,,False
11427643634,11427646270,12.367693531307703,residential,,False
11427643635,11427643639,111.53022284514734,residential,,False
11427643639,11427643668,16.16216936561905,residential,,False
11427643639,11427643635,111.5302228451473,residential,,False
11427643639,2241068107,61.51008489065643,residential,,False
11427643649,11427643664,20.563202694382635,residential,,False
11427643649,11427643652,64.253150132695,residential,,False
11427643649,11427643663,58.13985857377273,residential,,False
11427643652,11427643660,7.712439055317608,residential,,False
11427643652,11427643649,64.253150132695,residential,,False
11427643652,11427643663,35.14477602979685,residential,,False
11427643657,11427643660,15.522813640567707,residential,,False
11427643657,11427643660,99.51462668090791,residential,,False
11427643657,11427643659,46.21611139973144,residential,,False
11427643659,11427643663,38.797427746438615,residential,,False
11427643659,11427643668,113.85470771649065,residential,,False
11427643659,11427643657,46.21611139973144,residential,,False
11427643660,11427643652,7.712439055317608,residential,,False
11427643660,11427643657,15.522813640567707,residential,,False
11427643660,11427643657,99.51462668090792,residential,,False
11427643663,11427643649,58.139858573772734,residential,,False
11427643663,11427643659,38.797427746438615,residential,,False
11427643663,11427643652,35.14477602979685,residential,,False
11427643664,11427643649,20.563202694382635,residential,,False
11427643666,2241068107,40.19124800244097,residential,Nagi Reddy thottam Garden Rd,False
11427643666,6305275796,169.86847147191168,residential,Nagi Reddy thottam Garden Rd,False
11427643666,11427643668,81.32293432396821,residential,,False
11427643668,11427643639,16.16216936561905,residential,,False
11427643668,11427643659,113.85470771649065,residential,,False
11427643668,11427643666,81.32293432396821,residential,,False
11427646270,11427643634,12.367693531307703,residential,,False
11427763108,11427763109,13.060674330587323,residential,,False
11427763108,278990057,95.60918874449743,residential,Main Road,False
11427763108,6307227168,78.21073977411366,residential,Main Road,False
11427763109,11427763108,13.060674330587323,residential,,False
11427772826,364628452,2.188792618769187,residential,Pillaiyar Koil 1st Street,False
11427772826,30038752,72.256637837369,residential,Pillaiyar Koil 1st Street,False
11427772826,364628480,160.4284904831781,residential,,False
11427779416,364628456,85.60559929959881,residential,,False
11427779416,11427779417,15.16021339161204,residential,,False
11427779416,364628453,78.16468596484314,residential,,False
11427779417,11427779416,15.16021339161204,residential,,False
11428577857,1497332707,13.657067312361278,residential,,False
11428577858,11428577859,27.10695206456864,residential,,False
11428577859,1497332707,15.61641368645153,residential,,False
11428577859,11428577858,27.10695206456864,residential,,False
11428577859,2239237829,68.1585290696296,residential,,False
11428741961,301300024,20.440892586311012,residential,,False
11430490206,2230781355,108.92989860214131,residential,,False
11431653775,325209570,27.09853032321699,residential,Thirumekarai Street,False
11431653775,325209567,76.34827251680467,residential,Thirumekarai Street,False
11431653775,338466229,149.88452332419962,residential,Putheri Karai Street,False
11431675432,11431675433,56.220340389272025,residential,,False
11431675433,6445743573,1.5526631162404936,residential,Dhandeeshwaram Nagar 2nd Cross Street,False
11431675433,325208596,48.72306953165085,residential,Dhandeeshwaram Nagar 2nd Cross Street,False
11431675433,11431675432,56.220340389272025,residential,,False
11431727600,338461388,16.164331959725715,residential,,False
11431727605,11037321202,22.177145826362572,residential,,False
11431727609,11037321202,23.622304837339748,residential,,False
11431797652,11431797653,14.245577842104963,residential,,False
11431797653,277911465,32.772738448681096,residential,Ambika Cross Street,False
11431797653,11431797652,14.245577842104963,residential,,False
11431797653,2168591066,41.55905103929718,"['residential', 'living_street']",Ambika Cross Street,False
11431834475,330653122,15.327174254005461,residential,Vinayagar Street,False
11431834475,11431834478,16.483912757419013,residential,Vinayagar Street,False
11431834475,11763071664,19.214380113154633,living_street,,False
11431834478,338466203,11.503217196856511,residential,Vinayagar Street,False
11431834478,11431834479,71.25791777450013,living_street,,False
11431834478,11431834475,16.48391275741901,residential,Vinayagar Street,False
11431834479,11431834478,71.25791777450013,living_street,,False
11431866539,277911462,103.00914447327705,residential,Bharathiyar Street,False
11433716310,364175463,54.36337662815632,residential,,False
11436487447,368144808,20.456030743066826,residential,,False
11436487449,364631673,61.85949852623538,residential,2nd Street,False
11436487449,9189148364,34.492730283058286,residential,2nd Street,False
11436487449,368144808,83.29601877931786,residential,,False
11436575123,11190315103,17.83187679034603,residential,,False
11436591965,364637095,45.05535484296929,residential,,False
11436607439,364631673,26.959916718903912,residential,,False
11436607440,11436607441,5.404475661846681,residential,2nd Street,False
11436607440,364631673,49.40141380298005,residential,2nd Street,False
11436607440,278990100,136.16136821784076,residential,,False
11436607441,11436607440,5.404475661846681,residential,2nd Street,False
11436607441,364637114,50.70541365279215,residential,,False
11436607441,2172864875,40.438664223016104,residential,2nd Street,False
11436622646,368144912,28.86309062024164,residential,,False
11436629011,364622720,34.30646334225282,residential,,False
11436629011,11436629012,35.152824992733045,residential,,False
11436629011,364218928,143.19488813391598,residential,,False
11436629012,1359328247,30.601129758579486,residential,"Duraisamy Street, Visalakshi Nagar",False
11436629012,11436629011,35.152824992733045,residential,,False
11436629012,364622735,160.4087768373966,residential,"Duraisamy Street, Visalakshi Nagar",False
11436634812,9189148358,53.12663450620332,residential,,False
11436643484,2172864895,47.71823698882618,residential,,False
11465342524,11465342525,145.12109625137126,residential,,False
11465342524,300464568,250.51142339805733,residential,"['Venus Colony 1st street', '4th Main Road']",False
11465342524,5124315541,117.37557539348043,residential,4th Main Road,False
11465342525,5124315540,26.10011166621721,residential,,False
11465342525,5124315541,77.59695706715941,residential,,False
11465342525,11465342524,145.12109625137126,residential,,False
11465900503,4413815190,60.19635192307328,tertiary,Indira Nagar 2nd Avenue,False
11465900503,5562486548,43.6120896103118,primary_link,,True
11465900505,14094418971,405.7565273251376,primary,Rajiv Gandhi IT Expressway,True
11465900505,310102919,478.19976479677,residential,Dr Bhavin Patel Road,False
11465900509,12241732009,274.88932092963114,tertiary,4th Cross Street,False
11465900509,11378966125,289.13457319627275,primary,Rajiv Gandhi IT Expressway,True
11491395648,250363545,49.92688304299447,residential,East Road,False
11491395648,11491395660,4.936591920681886,residential,,True
11491395653,11491395648,5.452978817001073,residential,,True
11491395653,2237592486,69.44682651625432,residential,North Road,False
11491395656,11491395653,4.282861520423459,residential,,True
11491395656,2237592494,124.6012699301992,residential,,False
11491395660,250363500,269.6791669630039,residential,North Road,False
11491395660,11491395656,5.797144548573651,residential,,True
11491457873,334267013,38.15810000210882,residential,Kamaraj Street,False
11491457873,319493784,12.532067266154575,residential,Kamaraj Street,False
11491457873,11491457874,34.24280837900622,living_street,,False
11491457874,11491457873,34.24280837900622,living_street,,False
11499940376,2168960244,62.368014394383344,residential,,False
11499940376,11499940377,84.80005525372839,residential,Madurai Veeran Koil Street,False
11499940376,2168960241,26.436064892732276,residential,,False
11499940377,11499940376,84.80005525372839,residential,Madurai Veeran Koil Street,False
11508783004,269219209,76.61805055490728,residential,,False
11508783004,269219211,87.3721216471091,residential,,False
11508783004,347454091,149.39178890676692,residential,,False
11510668897,249493614,11.386169230952943,tertiary,Canal Bank Road,False
11510668897,249493615,13.501404692573429,tertiary,Canal Bank Road,False
11510668897,12756764776,63.194455104529354,residential,,True
11510668900,243051703,173.7920896276789,primary,Sardar Patel Road,True
11548856366,2215260371,195.2565600549973,residential,,False
11548856366,11548856366,280.24386440879243,residential,,False
11548856366,11548856366,280.24386440879243,residential,,False
11549375624,325208249,97.22709928023052,residential,Pillaiyar Koil Street,False
11549375624,300313504,17.7384975623189,residential,Pillaiyar Koil Street,False
11549375624,11549375625,16.137659110021943,residential,,False
11549375625,11549375624,16.137659110021943,residential,,False
11578863268,9179560434,96.12038930523262,residential,,False
11591482675,2274401030,19.259440687835117,tertiary,4th Cross Street,False
11591482675,416849807,53.64604590302959,tertiary,4th Cross Street,False
11591482675,11770663893,27.81936330795022,residential,,False
11591482680,1184617186,25.541294154451535,residential,Kalikunram Main Road,False
11591482680,416849807,20.988129883631103,residential,Kalikunram Main Road,False
11591482680,11770663893,51.576529338748266,residential,,False
11591483883,2274401033,11.109281801168565,residential,Pillaiyar Koil Street,False
11591483883,6536963549,19.901874445976265,residential,Pillaiyar Koil Street,False
11591483883,11591483884,43.531486052125544,residential,,False
11591483884,11591483883,43.531486052125544,residential,,False
11591484194,9179599604,21.62751472797105,tertiary,Kannagam Road,False
11591484194,11591484195,38.383350496531136,residential,,False
11591484194,330653536,861.196302195772,tertiary,Kannagam Road,False
11591484195,11591484194,38.383350496531136,residential,,False
11591485616,11591485617,65.55834339710798,living_street,,False
11591485617,257432760,3.668332666647131,residential,Kamaraj Street,False
11591485617,319493829,18.204646837327463,residential,Kamaraj Street,False
11591485617,11591485616,65.55834339710798,living_street,,False
11591490821,300464024,41.478124976944976,residential,,False
11591490821,300184997,41.756087256821445,residential,,False
11591490821,11591490822,53.02075303307668,residential,,False
11591490822,11591490821,53.02075303307668,residential,,False
11591529924,11591529926,31.24579219479805,residential,,False
11591529924,6498321180,80.79550377757144,residential,,False
11591529924,11591529925,51.51184214829447,residential,,False
11591529925,11591529924,51.51184214829447,residential,,False
11591529926,299883685,23.31782398736545,residential,,False
11591529926,11591529924,31.24579219479805,residential,,False
11591529926,11591529927,40.16983899868766,residential,,False
11591529927,11591529926,40.16983899868766,residential,,False
11597822617,333732503,41.0973855707474,residential,TVK Koil Street,False
11597822617,11597822618,39.17839732898212,residential,,False
11597822617,333732513,83.63995024000214,residential,TVK Koil Street,False
11597822618,11597822617,39.17839732898212,residential,,False
11597834191,333732503,33.23215291558107,residential,TVK Koil Street,False
11597834191,11597834192,27.05669671478789,residential,,False
11597834191,333732530,55.51914899242594,residential,TVK Koil Street,False
11597834192,11597834191,27.05669671478789,residential,,False
11598059468,11052194868,45.84990089067716,residential,,False
11598059468,11052194867,25.12966127946676,residential,,False
11598059468,11598069169,8.431455487893485,residential,,False
11598069169,11598059468,8.431455487893485,residential,,False
11600959926,257431350,50.26978131477663,secondary,Dr Muthulakshmi Salai,True
11600959926,11600959927,10.28197133941236,residential,,True
11600959942,11600959926,25.549171456949786,secondary,Dr Muthulakshmi Salai,True
11600959943,11600959942,10.15910110674477,residential,,True
11601245319,313783533,13.956262639381027,tertiary,Shastri Nagar1st Main Road,True
11601245320,11601245319,4.509743524363041,residential,,True
11601245322,313783540,29.420242599192722,tertiary,Shastri Nagar1st Main Road,True
11601245322,11601245302,5.374570562518962,residential,,True
11601281930,313783546,38.08077123581143,tertiary,Shastri Nagar 1st Avenue,False
11601281930,11601281940,11.563460673614717,tertiary,Shastri Nagar 1st Avenue,False
11601281930,11050786440,13.08721244785388,residential,,True
11601281939,11601281940,13.031079976439297,residential,,True
11601281940,11601281930,11.563460673614717,tertiary,Shastri Nagar 1st Avenue,False
11601281940,257430111,81.15848419670193,tertiary,Shastri Nagar 1st Avenue,False
11601327273,257432750,37.546571291483396,tertiary,Indira Nagar 1st Avenue,False
11601327273,291192861,50.96571144493006,tertiary,Indira Nagar 1st Avenue,False
11601327273,11601327274,87.43288833860898,residential,,False
11601327274,11601327273,87.43288833860898,residential,,False
11602190942,367788810,39.404137175849876,residential,,False
11602191674,367789234,124.84814116437231,residential,,False
11612578760,334189924,31.860438684724997,residential,,False
11612617050,7806740579,35.45883977012669,residential,,False
11612617051,7806740579,33.939018328027366,residential,,False
11612617051,299878655,38.83549164990798,residential,,False
11612617051,11612617052,35.962217498959,residential,,False
11612617052,11612617051,35.962217498959,residential,,False
11612670134,300304364,46.431364416632675,residential,,False
11612670134,7030307791,60.39462799059281,residential,,False
11612670134,11612670135,39.77047829573021,residential,,False
11612670135,11612670134,39.77047829573021,residential,,False
11612690771,11612690772,74.26534858159854,residential,,False
11612690772,11612690773,35.16394728913246,residential,,False
11612690772,1412280354,101.99084721009821,residential,,False
11612690772,11612690771,74.26534858159854,residential,,False
11612690773,11612690772,35.16394728913246,residential,,False
11612693410,333744579,58.51534583581776,residential,Tiruvalluvar Nagar 1st Avenue,False
11612693410,333743777,45.05312506154183,residential,1st Main Road,False
11612693410,333744637,58.89383783891908,residential,Tiruvalluvar Nagar 1st Avenue,False
11612717416,333738155,15.010005101161727,residential,,False
11612717440,300464907,91.85699342949081,residential,,False
11612717440,300313916,92.3052980575584,residential,Bala Murugan Nagar 1st Street,False
11612717440,300313917,89.87900385366997,residential,Bala Murugan Nagar 1st Street,False
11612748156,338406531,39.961911273320425,residential,Sarathy Nagar 1st Main Road,False
11612748156,338461163,26.528297410388078,residential,Sarathy Nagar 3rd street,False
11612748156,4294218143,24.477231307440306,residential,Sarathy Nagar 1st Main Road,False
11612763919,11612763921,34.42875695162356,residential,Andal Nagar Extension 2nd Street,False
11612763919,11794953392,34.86565069505289,residential,Andal Nagar Extension 2nd Street,False
11612763919,11612763920,39.5360858116188,residential,,False
11612763920,11612763919,39.5360858116188,residential,,False
11612763921,300464005,71.11013500288838,residential,Andal Nagar Extension 2nd Street,False
11612763921,11612763919,34.42875695162356,residential,Andal Nagar Extension 2nd Street,False
11612763921,11612763922,40.387882838836646,residential,,False
11612763922,11612763921,40.387882838836646,residential,,False
11612773137,11612773138,36.23376870266464,residential,,False
11612773137,4239226795,66.1529190445646,residential,Buhuvaneswary Nagar 2nd Street,False
11612773137,338406415,58.17240645007895,residential,Buhuvaneswary Nagar 2nd Street,False
11612773138,6818831853,60.84494349630539,residential,,False
11612773138,1457503198,76.4494637968339,residential,,False
11612773138,11612773137,36.23376870266464,residential,,False
11612775782,2167027874,36.057780555915066,residential,,False
11612806014,1641564603,47.39155403007951,residential,,False
11612806014,1641564599,109.41641361342616,residential,,False
11612806014,1641563441,56.70941810066471,residential,,False
11612806383,11612806385,48.895480002791416,residential,Anna Nagar 4th Main Road,False
11612806383,1457503274,41.066747508141745,residential,Anna Nagar 4th Main Road,False
11612806383,11612806384,40.73888490907609,residential,,False
11612806384,11612806383,40.73888490907609,residential,,False
11612806385,11054635081,39.78796178082626,residential,Anna Nagar 4th Main Road,False
11612806385,11612806383,48.895480002791416,residential,Anna Nagar 4th Main Road,False
11612806385,11612806386,52.168676009375446,residential,,False
11612806386,11612806385,52.168676009375446,residential,,False
11612995229,338461675,9.568304434674697,residential,,False
11612995229,338461698,91.66252184898826,residential,,False
11612995229,338461661,80.30227641509484,residential,,False
11613006022,338466363,37.953796806174665,residential,,False
11613006022,338466356,25.944334362093247,residential,,False
11613006022,11613006023,34.90782024316605,residential,,False
11613006023,11613006022,34.90782024316605,residential,,False
11613006023,11613006026,47.721929237991816,residential,,False
11613006023,11613006024,52.52342391538424,residential,,False
11613006024,11613006023,52.52342391538424,residential,,False
11613006026,11613006023,47.721929237991816,residential,,False
11613035212,303453739,49.283590682256616,residential,,False
11613035212,11613035213,31.68414436855949,residential,,False
11613035212,11613035215,41.884010946162086,residential,,False
11613035213,11613035212,31.68414436855949,residential,,False
11613035215,11613035212,41.88401094616208,residential,,False
11618028460,2168628952,70.47930652168745,residential,,False
11618263421,10574445771,192.07463303433275,residential,,False
11618290263,11618290264,19.88570886860955,residential,,False
11618290263,11618290268,51.56974231422446,residential,,False
11618290263,11618291870,54.53191523673544,residential,,False
11618290263,10574445747,80.40549638732797,residential,,False
11618290264,11618290263,19.88570886860955,residential,,False
11618290264,11618291869,52.36297438349882,residential,,False
11618290264,11618290267,91.77361663416812,residential,,False
11618290267,11618290264,91.77361663416812,residential,,False
11618290268,11618290263,51.56974231422446,residential,,False
11618291869,11618290264,52.36297438349882,residential,,False
11618291870,11618290263,54.53191523673544,residential,,False
11618372055,11618372056,47.73764308118009,residential,,False
11618372055,11770291534,26.765130573468788,residential,11th Street,False
11618372055,300306222,90.1334576601315,residential,"['11th Street', '9th Street']",False
11618372056,11618372055,47.73764308118009,residential,,False
11618401738,325209310,54.34736184335059,residential,Bharathi Street,False
11618401738,11618401739,40.2422545859389,residential,,False
11618401738,4278233219,96.57545722863695,residential,Bharathi Street,False
11618401739,11618401738,40.2422545859389,residential,,False
11618411723,2407564048,45.579154603136075,residential,,False
11618417255,299883712,30.069929104888867,residential,,False
11618417255,11043635649,36.06758840210544,residential,,False
11618417255,11618417256,37.46104245575435,residential,,False
11618417256,11618417255,37.46104245575435,residential,,False
11618453820,300463595,15.657221132564198,residential,,False
11618453820,299881056,42.77470341584572,residential,,False
11618453820,11618453821,60.198659005593534,residential,,False
11618453821,11618453820,60.198659005593534,residential,,False
11622470416,300304144,120.19452819500277,residential,,False
11625863549,9181580951,53.30866155762938,residential,Perumal Koil Street,False
11625863549,269219803,15.233922086517284,residential,Perumal Koil Street,False
11625863549,11625863550,3.4935588406783724,residential,,False
11625863550,11625863549,3.4935588406783724,residential,,False
11625938759,10285691912,43.800558784529215,residential,Besant Nagar 23rd Cross Street,False
11625938759,11625938760,55.736578535366284,residential,,False
11625938759,10285692131,78.05767041868918,residential,Besant Nagar 23rd Cross Street,False
11625938760,1730498145,42.953067234377784,residential,Besant Nagar 22nd Cross Street,False
11625938760,11625938759,55.736578535366284,residential,,False
11625938760,299800531,96.79152822481328,residential,Besant Nagar 22nd Cross Street,False
11625951330,269219560,24.828934248579085,residential,Perumal Koil Lane,False
11625951330,11625951331,15.636693480236591,living_street,,False
11625951330,11625951332,62.95176191938107,residential,Perumal Koil Lane,False
11625951331,11625951330,15.636693480236591,living_street,,False
11625951332,2218345836,18.991756646635018,living_street,,False
11625951332,269219600,68.14576679864675,residential,Perumal Koil Lane,False
11625951332,11625951330,62.95176191938107,residential,Perumal Koil Lane,False
11626010093,300164824,23.984359838133674,residential,,False
11626010093,299880477,37.94647496797498,residential,,False
11626010093,11626010094,94.32775754205046,residential,,False
11626010094,6445038355,38.42105834598225,residential,,False
11626010094,300164825,25.10417175763474,residential,,False
11626010094,11626010093,94.32775754205046,residential,,False
11626010095,299880477,44.615461708542576,residential,,False
11626010095,330410518,68.5823025229885,residential,,False
11626010095,11626010096,94.43493485576589,residential,,False
11626010096,2168960104,34.61703219273025,residential,,False
11626010096,6445038355,44.29933263736852,residential,,False
11626010096,11626010095,94.43493485576589,residential,,False
11626042857,300464378,33.606090906127214,residential,,False
11626066312,299883986,46.94356838840223,residential,,False
11626066312,11626066313,30.752631606068388,residential,,False
11626066312,299883876,146.80619436259533,residential,,False
11626066313,11626066312,30.752631606068388,residential,,False
11626077024,300464334,48.18871503237504,residential,,False
11626077024,300464332,55.22591480663122,residential,,False
11626077024,11626077035,134.06107805884974,residential,,False
11626077035,2167027630,24.019061445149433,residential,,False
11626077035,2167027612,18.567874178945146,residential,,False
11626077035,11626077024,134.06107805884977,residential,,False
11626085411,335535141,37.995230923823684,residential,,False
11626101438,2230781378,22.568803538989336,residential,,False
11626123124,2167148970,19.63164033411167,residential,,False
11632563840,247714667,6.089358600310938,secondary,Five Furlong Road,False
11632563840,11632563851,15.411995026771582,secondary,Five Furlong Road,False
11632563840,11632563841,6.589428248728073,residential,,False
11632563841,11632563840,6.589428248728073,residential,,False
11632563851,11632563840,15.411995026771582,secondary,Five Furlong Road,False
11632563851,11632563852,38.70398026854051,secondary,Five Furlong Road,False
11632563851,12041284825,6.866830534560469,residential,,False
11632563852,11632563851,38.70398026854051,secondary,Five Furlong Road,False
11632563852,11632563861,42.294730168263044,secondary,Five Furlong Road,False
11632563852,11632563861,123.63803152777841,living_street,,False
11632563861,2168356844,17.016056798467236,secondary,Five Furlong Road,False
11632563861,11632563852,42.294730168263044,secondary,Five Furlong Road,False
11632563861,11632563852,123.63803152777838,living_street,,False
11632563863,11632563866,52.21282690076215,residential,,False
11632563866,247714661,138.20189434002904,secondary,Chakrapani Street,True
11632563866,11632563863,52.21282690076215,residential,,False
11632563868,299880309,42.20711250820641,residential,,False
11632565794,7826460029,14.754698574021493,living_street,Sun Street,False
11634086248,11634156236,59.63044051369316,residential,4th Cross Street,False
11634086248,11634086249,51.59175664213704,residential,,False
11634086249,11634086248,51.59175664213704,residential,,False
11634156236,364585504,49.81928166985556,residential,4th Avenue,False
11634156236,11634086248,59.63044051369316,residential,4th Cross Street,False
11634220593,9181606856,47.12073169001745,living_street,,False
11634220602,1750638810,61.125820206830404,residential,,False
11634287199,13600662631,8.247077221009343,residential,,False
11634287199,9504215839,23.4092681375742,residential,,False
11634287199,9504215840,83.02270178728685,residential,Perumal Koil Garden,False
11639697316,3701044127,11.726467180073485,residential,Beach Road,True
11639697316,11639697317,81.53224291007837,residential,,False
11639697317,11639697316,81.53224291007837,residential,,False
11644227034,338466300,81.02377051238051,primary,Taramani Link Road,True
11644227034,338466402,99.7388854171947,living_street,Kamarajar Street,False
11644538267,338470454,3.216225349705915,residential,Rajaji Street,False
11644538267,11757025944,31.545178709843007,residential,Rajaji Street,False
11644538267,11644572975,111.56206055200545,residential,Anthoniyar Koli Street,False
11644572975,338470524,38.685406346289405,primary,Taramani Link Road,True
11644572975,11644538267,111.56206055200546,residential,Anthoniyar Koli Street,False
11644643591,338466480,26.374710310015907,residential,,False
11644643591,338466474,39.172208448551416,residential,,False
11644643591,338466467,47.03627178158866,residential,,False
11645078611,246825428,33.635896450640985,tertiary,PS Kumarasamy Raja Road,False
11645078611,11045724646,20.6531911440286,tertiary,PS Kumarasamy Raja Road,False
11645078611,11045724647,93.27813214212719,residential,,False
11645087672,12901601245,11.075446024755436,secondary,Kalki Krishnamurty Road,True
11645087672,257432774,41.538414033728316,secondary,Kalki Krishnamurty Road,False
11648522719,269219260,23.19789311040365,residential,,False
11648522719,269219259,99.17711847214794,residential,,False
11648522719,11648522720,38.01906338814868,residential,,False
11648522720,11648522719,38.01906338814868,residential,,False
11648530707,11648530708,22.903231958430002,living_street,,False
11648530707,269219256,19.690661866843577,residential,,False
11648530707,1875599379,18.305274589873278,residential,,False
11648530708,11648530707,22.903231958430002,living_street,,False
11648530708,11648530709,18.731753860361362,living_street,,False
11648530708,11648530710,18.603257973355657,living_street,,False
11648530708,11648530719,19.34267297783046,living_street,,False
11648530709,11648530714,18.56412500931974,residential,,False
11648530709,11648530711,11.146913489012835,residential,,False
11648530709,11648530708,18.731753860361362,living_street,,False
11648530710,11648530713,21.023663051017188,residential,,False
11648530710,269219256,22.71338867079122,residential,,False
11648530710,11648530708,18.603257973355657,living_street,,False
11648530711,11648530709,11.146913489012835,residential,,False
11648530711,1875599379,12.618107509425565,residential,,False
11648530711,11648530712,20.166431870302553,residential,,False
11648530712,11648530711,20.166431870302553,residential,,False
11648530713,7045420776,24.667923104434813,residential,,False
11648530713,11648530710,21.023663051017188,residential,,False
11648530713,11648530719,19.404417444724288,living_street,,False
11648530714,11648530716,36.76247625636891,residential,,False
11648530714,11648530709,18.56412500931974,residential,,False
11648530714,11648530719,19.49926677822114,living_street,,False
11648530715,7045420776,11.941960435881766,residential,,False
11648530715,11648530720,18.418066201513792,residential,,False
11648530715,1875599384,29.14881094260507,residential,,False
11648530716,1875599381,27.52357952789499,residential,,False
11648530716,11648530714,36.76247625636891,residential,,False
11648530716,11648530720,20.889753908266123,residential,,False
11648530719,11648530714,19.49926677822114,living_street,,False
11648530719,11648530713,19.404417444724288,living_street,,False
11648530719,11648530720,36.14440354357626,living_street,,False
11648530719,11648530708,19.34267297783046,living_street,,False
11648530720,11648530716,20.889753908266123,residential,,False
11648530720,11648530715,18.418066201513792,residential,,False
11648530720,11648530719,36.14440354357626,living_street,,False
11648671823,269219263,259.8209384990822,residential,,False
11648725762,11648725767,12.464157402846999,residential,4th Main Road Ext,False
11648725762,11648725767,119.76469913038953,residential,,False
11648725762,2212827590,618.4652040381679,residential,"['River View Road', '4th Main Road Ext']",False
11648725767,11648725762,12.464157402846999,residential,4th Main Road Ext,False
11648725767,11648725762,119.76469913038953,residential,,False
11648725767,13987639834,8.635697066139029,residential,4th Main Road Ext,False
11648743926,9181580928,19.89901599252612,residential,,False
11648743927,9181580928,28.17192709502205,residential,,False
11648748802,11648748804,44.827527414616824,residential,,False
11648748804,269219516,16.686270864683618,residential,Lock Street,False
11648748804,11777104051,141.06325075750965,residential,"['Lock Street', 'Pondicherry Road']",False
11648748804,11648748802,44.827527414616824,residential,,False
11655443007,12772575280,26.334440358161572,residential,,False
11655443007,319490086,109.26962171300367,residential,,False
11655443007,257439290,46.651874185242676,residential,,False
11668396343,11100965248,95.93645777931971,secondary,Velachery Main Road,True
11668396343,11668396344,70.26702483103838,residential,,False
11668396344,11668396343,70.26702483103838,residential,,False
11670454698,319490835,48.694162500575956,residential,17th Cross Street,False
11670454698,319489408,55.093658529332856,residential,17th Cross Street,False
11670454698,2166813756,69.23115062686034,residential,15th Lane,False
11670454698,2166813753,113.85134122185949,residential,15th Lane,False
11693047241,264040509,14.297954876472758,residential,School View Road,False
11693047241,11693047242,54.34554027199802,residential,,False
11693047241,264031600,14.295249936863874,residential,School View Road,False
11693047242,11792333867,85.0747774401914,residential,,False
11693047242,11693047241,54.34554027199802,residential,,False
11693047242,264040582,11.579661620834138,residential,,False
11693047242,11792333864,24.513681991395856,residential,,False
11736029912,335515605,206.17462919037393,residential,,False
11738746804,12741357173,7.296815997081657,residential,,False
11738746804,12741357183,113.3369116589389,secondary,Water Works Road,True
11752647820,11752647821,26.775256697383433,residential,,False
11752647820,338461555,105.17718453732164,residential,Ganga Street,False
11752647820,338461661,33.04766972047303,residential,Ganga Street,False
11752647821,11752647820,26.775256697383433,residential,,False
11753703527,7652452428,280.2772355890351,residential,,False
11756811344,310535938,106.97709705948816,tertiary,South Mada Street,False
11756811344,333732481,7.276204945885522,tertiary,South Mada Street,False
11756811344,333732487,65.73510882635449,residential,Bharathidasan Street,False
11756873875,9179560450,30.947179329593865,residential,,False
11756873890,11756873891,34.63649621054479,living_street,,False
11756873890,9882536277,88.28267016150076,residential,"['Bhagat Singh Salai Road', 'TVK Koil 3rd Street Ext']",False
11756873890,11756873898,60.69786450367788,residential,Bhagat Singh Salai Road,False
11756873891,9882536278,65.13387602029945,living_street,,False
11756873891,9882536277,57.130148242640985,living_street,,False
11756873891,11756873890,34.63649621054479,living_street,,False
11756873898,9882536278,36.856951010904226,residential,TVK Koil 1st Street,False
11756873898,334548840,84.74528504211726,residential,TVK Koil 1st Street,False
11756873898,11756873890,60.69786450367788,residential,Bhagat Singh Salai Road,False
11756873899,11756873900,19.484681969240718,residential,,False
11756873900,11756873899,19.484681969240718,residential,,False
11756873900,11064737255,24.226294636388637,primary,East Coast Road,True
11756873919,334547741,54.48595005543942,residential,Netaji Nagar Main Road,False
11757025929,338470511,31.99542849974064,residential,Veerapandi Street,False
11757025930,338470515,26.484441428365656,residential,Veerapandi Street,False
11757025931,11757025932,39.699686940147785,living_street,,False
11757025931,338470412,3.8507402128157797,residential,,False
11757025931,338470423,23.42328929029174,residential,,False
11757025932,338470445,64.31097651177441,living_street,Karunanidhi Street,False
11757025932,11757025956,37.24913644965312,living_street,Karunanidhi Street,False
11757025932,11757025931,39.699686940147785,living_street,,False
11757025933,338466576,26.571100867989077,residential,,False
11757025933,338466625,16.9239883358695,residential,Rajaji Street,False
11757025933,338466571,2.9901035425393445,residential,Rajaji Street,False
11757025934,338470409,30.806561663196305,residential,,False
11757025934,303453635,6.718928019499048,residential,Rajaji Street,False
11757025934,338466611,11.058775734623813,residential,Rajaji Street,False
11757025935,11757025939,41.33696847013846,residential,TK Kapali Street,False
11757025935,338470461,63.92942802872273,residential,TK Kapali Street,False
11757025935,11757025940,62.821420664216774,residential,,False
11757025939,303453640,28.74429933391949,residential,TK Kapali Street,False
11757025939,11757025935,41.33696847013846,residential,TK Kapali Street,False
11757025939,11757025940,24.444411167014213,living_street,,False
11757025940,11757025939,24.444411167014213,living_street,,False
11757025940,11757025942,28.15682166647728,residential,,False
11757025940,11757025935,62.82142066421677,residential,,False
11757025942,303453640,24.396841569397978,residential,Rajaji Street,False
11757025942,11757025940,28.15682166647728,residential,,False
11757025942,338470527,27.030309977432474,residential,Rajaji Street,False
11757025943,11757025944,53.37575939672606,residential,,False
11757025944,338470527,9.64193300741689,residential,Rajaji Street,False
11757025944,11757025943,53.37575939672606,residential,,False
11757025944,11644538267,31.545178709843007,residential,Rajaji Street,False
11757025949,11757025950,66.07069172232941,residential,Elango Street,False
11757025950,338466149,2.2541762565160766,tertiary,Thiruvallur Street,False
11757025950,11757025949,66.07069172232941,residential,Elango Street,False
11757025950,6445481214,25.75574312459121,tertiary,Thiruvallur Street,False
11757025956,11757025932,37.24913644965312,living_street,Karunanidhi Street,False
11757025956,338466653,13.34216952922017,residential,Rajaji Street,False
11757025956,338466645,7.818638997079561,residential,Rajaji Street,False
11757025967,11054217087,38.41549061277993,residential,Cholamannan Street,False
11757025967,338470518,35.13096939615983,living_street,,False
11757025967,303453710,111.2910180026205,residential,Cholamannan Street,False
11757025968,338466474,42.62312504243485,residential,Thiruvalluvar Street,False
11757025968,303453735,6.572332231977225,residential,Thiruvalluvar Street,False
11757025968,338466487,67.74737234290089,residential,4th Cross Street,False
11757720090,2168628480,169.09772152653107,residential,,False
11757720109,319495789,85.68308318176435,residential,Ashtalakshmi Garden,False
11757720109,334651429,110.51742240342686,residential,Ashtalakshmi Garden,False
11757720109,11772936289,42.12859047152422,living_street,,False
11757813312,11757813314,19.842625781475395,residential,,False
11757813313,11757813314,24.518571668890274,residential,,False
11757813314,319493857,14.168004632279274,residential,,False
11757813314,11757813312,19.842625781475395,residential,,False
11757813314,11757813313,24.518571668890274,residential,,False
11757813316,334267008,36.677548757861786,living_street,,False
11757813318,3674408086,36.71267919237724,living_street,,False
11757813352,319500503,37.07466063726404,residential,,False
11757813353,11757813357,12.376810214206403,residential,Vemballiamman Koil Street,False
11757813353,319500510,71.70697848676089,residential,Vemballiamman Koil Street,False
11757813353,11757813355,98.79987377280872,residential,,False
11757813355,319500503,38.63162617098733,residential,Jayaram Street,False
11757813355,301299617,52.88508762405769,residential,Jayaram Street,False
11757813355,11757813353,98.79987377280872,residential,,False
11757813357,11757871772,33.400007795864454,residential,Vemballiamman Koil Street,False
11757813357,11757813353,12.376810214206403,residential,Vemballiamman Koil Street,False
11757871772,11757813357,33.400007795864454,residential,Vemballiamman Koil Street,False
11757871772,334640500,119.51278805598938,residential,"['Vemballiamman Koil Street', 'Thiruvanmiyur Kuppam Beach Road']",False
11757871777,11306885661,20.272414014816547,residential,,False
11757871817,11757871818,60.01295218255339,residential,22nd East Street Ext,False
11757871818,6804537842,57.05132082842751,secondary,South Avenue,False
11757871818,310535939,45.88833487174671,secondary,South Avenue,False
11757871818,11757871817,60.01295218255339,residential,22nd East Street Ext,False
11757871819,11757871820,42.44641956744276,living_street,,False
11757871820,310535938,61.488319155173436,primary,East Coast Road,True
11757871820,11757871819,42.44641956744276,living_street,,False
11757871821,11757871822,40.01912449726597,living_street,,False
11757871822,11757871820,17.335849258574125,primary,East Coast Road,True
11757871822,11757871821,40.01912449726597,living_street,,False
11757871848,319493840,212.11056613216257,residential,,False
11763071657,11763071658,23.561289186979554,living_street,,False
11763071658,330648927,32.84924280403273,residential,Dhandapani Street,False
11763071658,330653119,54.61508341867948,residential,Dhandapani Street,False
11763071658,11763071657,23.561289186979554,living_street,,False
11763071661,11763071663,47.48991828245641,living_street,,False
11763071663,338466203,10.785986321834445,residential,Vinayagar Street,False
11763071663,338466197,3.599384046543266,residential,Vinayagar Street,False
11763071663,11763071661,47.48991828245641,living_street,,False
11763071664,11431834475,19.214380113154633,living_street,,False
11763071668,2168591068,38.02285574379388,living_street,,False
11763079338,332095380,87.23413324063677,residential,,False
11763079338,332095305,48.29900383295914,residential,,False
11763079338,6790452764,114.77433055137641,residential,,False
11763084271,338466227,113.2857287359361,residential,Shanti 1st Cross Street,False
11763084336,330648763,21.167628921654845,residential,Andalam avenue,False
11768230863,2230781326,67.6299162405496,residential,,False
11768230864,11101583942,69.7146146425335,residential,,False
11768865771,338406517,128.3091448500069,residential,,False
11768865791,7806646878,38.534766096440194,residential,,False
11768865791,299878744,104.82726469619553,residential,2nd Main Road,False
11768865791,299883719,49.26311112670221,residential,2nd Main Road,False
11768865797,7806646878,17.568554960968207,residential,,False
11768865837,299878409,158.55318543698854,residential,1st Main Road,False
11768869712,5562486549,9.472379681349281,tertiary,,False
11768869712,5562486548,22.104355502657558,primary,Rajiv Gandhi IT Expressway,True
11768869712,11465900503,38.18736562997432,tertiary,,True
11770224835,11770224836,22.07999651878619,residential,,False
11770224836,11770224838,18.928169076553775,residential,RajaLaxmi Nagar 1st main Road,False
11770224836,3419458798,34.109242241302624,residential,RajaLaxmi Nagar 1st main Road,False
11770224836,11770224835,22.07999651878619,residential,,False
11770224837,11770224838,20.733897057754795,residential,,False
11770224838,300312836,93.13502174734774,residential,RajaLaxmi Nagar 1st main Road,False
11770224838,11770224836,18.928169076553775,residential,RajaLaxmi Nagar 1st main Road,False
11770224838,11770224837,20.733897057754795,residential,,False
11770224839,11770224840,14.130385513568221,residential,,False
11770224840,11770224839,14.130385513568221,residential,,False
11770224840,11770224842,17.486300483709464,residential,,False
11770224840,11770224843,21.999408812482812,residential,,False
11770224841,338440186,54.57442937580459,residential,,False
11770224842,11770224840,17.486300483709464,residential,,False
11770224843,4265654358,29.345610361445587,residential,Lakshmipuram Main Road,False
11770224843,11770224840,21.999408812482812,residential,,False
11770224843,338440186,40.95011938958398,residential,Lakshmipuram Main Road,False
11770224845,11770224846,45.88561945063899,living_street,,False
11770224846,11770278873,26.168100339478755,residential,Lakshmipuram Street,False
11770224846,11770224845,45.88561945063899,living_street,,False
11770224846,4265654358,161.7489088880099,residential,Lakshmipuram Street,False
11770224847,11770224848,27.431289368651115,living_street,,False
11770224848,277911475,31.924727483460266,tertiary,Dhroupathy Amman Koil Street,False
11770224848,11770224847,27.431289368651115,living_street,,False
11770224848,2407565895,88.979634565276,tertiary,Dhroupathy Amman Koil Street,False
11770224849,11770224859,30.737096523657666,secondary,Velachery Main Road,False
11770224849,11770224859,128.22555525557752,residential,,False
11770224849,300195622,1.3759214057914422,secondary,Velachery Main Road,False
11770224859,11770224849,30.737096523657666,secondary,Velachery Main Road,False
11770224859,11770224849,128.22555525557752,residential,,False
11770224859,11938949875,210.2051614264444,secondary,Velachery Main Road,False
11770278873,325206636,28.385978131107155,residential,Lakshmipuram Street,False
11770278873,11770224846,26.168100339478755,residential,Lakshmipuram Street,False
11770278873,4265654360,98.64505673238168,residential,,False
11770278884,11770278892,31.861425117271743,living_street,,False
11770278885,11770278892,45.939493215859166,residential,Lakshmipuram 3rd street,False
11770278892,11770278884,31.861425117271743,living_street,,False
11770278892,11770278885,45.93949321585917,residential,Lakshmipuram 3rd street,False
11770278892,4265654359,76.77165573725983,residential,Lakshmipuram 3rd street,False
11770278927,7266494420,24.137721996686576,residential,,False
11770278929,7266494420,31.20095874963281,residential,Kannagi Street,False
11770278933,7266494419,81.8355043389156,residential,Kannagi Street,False
11770278945,338440245,21.21942755453876,residential,Nedunchezhian Street,False
11770278946,3674393198,19.78445878731195,residential,Mathiazhagan Street,False
11770278946,11770278950,26.76753056841055,residential,Mathiazhagan Street,False
11770278946,11770278947,44.25307320256691,living_street,,False
11770278947,11770278946,44.25307320256691,living_street,,False
11770278947,11770278948,19.311656375583773,living_street,,False
11770278947,11770278949,25.79240883257542,living_street,,False
11770278948,3674393198,46.04151024101036,living_street,,False
11770278948,11770278954,24.637661542452,living_street,,False
11770278948,11770278947,19.311656375583773,living_street,,False
11770278949,11770278950,43.73991298175349,living_street,,False
11770278949,11770278947,25.79240883257542,living_street,,False
11770278949,11770278961,55.310614257876125,living_street,,False
11770278950,11770278946,26.76753056841055,residential,Mathiazhagan Street,False
11770278950,300164051,45.16194452006557,residential,Mathiazhagan Street,False
11770278950,11770278949,43.73991298175349,living_street,,False
11770278951,300164157,83.11399714121634,residential,Mathiazhagan Street,False
11770278951,3674393198,24.232235726791615,residential,Mathiazhagan Street,False
11770278951,11770278954,48.52022332152896,living_street,,False
11770278953,299386096,93.17504135227651,residential,Ezumudaliyar Street,False
11770278953,11770278954,23.084189155689703,living_street,,False
11770278953,300192883,104.04279847191853,residential,"['3rd Main Road', 'Ezumudaliyar Street']",False
11770278954,11770278953,23.084189155689703,living_street,,False
11770278954,11770278948,24.637661542452,living_street,,False
11770278954,11770278951,48.52022332152896,living_street,,False
11770278961,299386096,23.520577991835285,residential,Ezumudaliyar Street,False
11770278961,330420139,15.578132410223741,residential,Ezumudaliyar Street,False
11770278961,11770278949,55.310614257876125,living_street,,False
11770278962,6496531946,49.35583077521377,residential,Kannagi Street,False
11770278963,300163926,22.528203456569617,residential,3rd Main Road,False
11770278963,300164009,20.591124803704396,residential,3rd Main Road,False
11770278963,338440260,30.95992202974583,residential,,False
11770278968,11770278969,32.03500734806563,living_street,48th Street,False
11770278969,11770278968,32.03500734806563,living_street,48th Street,False
11770278969,299386096,65.47331534576334,residential,6th Street,False
11770278969,300192714,28.615226641023135,residential,6th Street,False
11770278970,11770278971,22.669565408574005,residential,,False
11770278971,330420234,33.522423106323245,residential,40th Lane,False
11770278971,11770278970,22.669565408574005,residential,,False
11770278971,330420240,56.72429878831102,residential,40th Lane,False
11770291502,11770291505,22.31211902971149,residential,,False
11770291505,300165208,239.16578539299024,residential,Gangai Nagar 2nd Cross Street,False
11770291505,6444993156,44.241477971240094,residential,,False
11770291505,11770291502,22.31211902971149,residential,,False
11770291534,300165175,78.7473359136126,residential,"['11th Street', 'Netaji Street']",False
11770291534,11618372055,26.76513057346879,residential,11th Street,False
11770291534,11794964049,87.4421093782202,residential,,False
11770291540,300305467,88.76841444116496,residential,,False
11770291561,300463611,101.59340016205635,residential,,False
11770378180,11770378182,23.879556633460762,living_street,,False
11770378182,338440274,39.79808885835655,residential,,False
11770378182,338440263,19.35534718730737,residential,,False
11770378182,11770378180,23.879556633460762,living_street,,False
11770378188,338440263,50.8868867009083,tertiary,Marudupandi Street,False
11770378188,12989031023,47.11875789971377,residential,,False
11770378188,338406694,255.3607992700578,tertiary,Marudupandi Street,False
11770378194,7806767007,23.02886004328983,residential,,False
11770425259,11770425260,17.520346962360644,residential,,False
11770425260,11770425262,18.41291953734699,secondary,Velachery Main Road,True
11770425260,11770425259,17.520346962360644,residential,,False
11770425261,11770425262,37.64578199973164,residential,,False
11770425262,366081875,15.597483550617959,secondary,Velachery Main Road,True
11770425262,11770425261,37.64578199973164,residential,,False
11770425263,366081875,30.91413887942256,residential,,False
11770425264,11770425265,38.937390391206065,residential,,False
11770425265,11770425267,22.83878952879166,secondary,Velachery Main Road,True
11770425265,11770425264,38.937390391206065,residential,,False
11770425266,11770425267,26.296812333413502,residential,,False
11770425267,11770605169,14.473752193407105,secondary,Velachery Main Road,True
11770425267,11770425266,26.296812333413502,residential,,False
11770425268,11770605169,21.036956659742696,residential,,False
11770605169,11770605171,13.150443340749828,secondary,Velachery Main Road,True
11770605169,11770425268,21.036956659742696,residential,,False
11770605170,11770605171,28.15309426803934,residential,,False
11770605171,11770605173,14.261552600474053,secondary,Velachery Main Road,True
11770605171,11770605170,28.15309426803934,residential,,False
11770605172,11770605173,17.34939573471897,residential,,False
11770605173,11770605175,14.608183766880714,secondary,Velachery Main Road,True
11770605173,11770605172,17.34939573471897,residential,,False
11770605174,11770605175,32.249565710365616,living_street,30th Street,False
11770605175,11770605177,27.888337280053523,secondary,Velachery Main Road,True
11770605175,11770605174,32.249565710365616,living_street,30th Street,False
11770605176,11770605177,34.357152254337684,living_street,,False
11770605177,6497938465,51.60165287247911,secondary,Velachery Main Road,True
11770605177,11770605176,34.357152254337684,living_street,,False
11770605191,11770605192,22.266346993825433,living_street,11th Street,False
11770605192,11770605191,22.266346993825433,living_street,11th Street,False
11770605192,11770425260,84.40731244703133,secondary,Velachery Main Road,True
11770605193,11770605195,23.873219376388576,living_street,10th Street,False
11770605195,11770605192,29.900147635258918,secondary,Velachery Main Road,True
11770605195,11770605193,23.873219376388576,living_street,10th Street,False
11770605201,11770605202,60.71802716964512,residential,3rd Street,False
11770605202,2168960237,69.1586137792723,residential,,False
11770605202,2168960247,19.424169788011547,residential,,False
11770605202,11770605201,60.71802716964512,residential,3rd Street,False
11770605203,11058020272,73.23267747860093,residential,Sathanipet 2nd Street,False
11770605249,11770605250,73.07540676022455,residential,,False
11770605250,11058075117,12.35788385195162,tertiary,Cart Track Road,False
11770605250,11058075115,11.408736866651433,tertiary,Cart Track Road,False
11770605250,11770605249,73.07540676022455,residential,,False
11770663892,4839858814,95.9987273726663,residential,,False
11770663892,2274401030,31.934039515796496,residential,,False
11770663892,11770663893,16.412065801261505,residential,,False
11770663893,11591482675,27.81936330795022,residential,,False
11770663893,11591482680,51.576529338748266,residential,,False
11770663893,11770663892,16.412065801261505,residential,,False
11770663893,9179599600,105.61795559233211,residential,,False
11770663898,11770663899,51.18037868962904,residential,,False
11770663899,9179599600,22.021728936941678,residential,Kalikunram Main Road,False
11770663899,1184617186,7.014408760440843,residential,Kalikunram Main Road,False
11770663899,11770663898,51.18037868962904,residential,,False
11770663900,416849871,30.383130520490035,residential,,False
11770663901,416849961,36.7353055293648,residential,Pillaiyar Koil Street,False
11770663913,1184617186,42.241986942576105,residential,,False
11770790405,9179599563,45.81741511640892,residential,,False
11770790430,335515546,104.94970054756058,residential,Wariyar Colony,False
11770790447,335480465,15.38717260508828,residential,8th Main Road,False
11770790448,312031461,16.18768866815209,residential,5th main road,False
11770790450,14091916645,24.554637773342453,residential,,False
11770790450,312031489,11.631959755110568,residential,Dhanalakshmi Avenue,False
11770790450,10228331250,97.90550843595733,residential,"['Dhanalakshmi Avenue', '6th Main Road']",False
11770790452,3674410071,74.79366035559802,residential,7th Main Road,False
11772697237,310535967,38.92622906919156,residential,,False
11772697242,11772697252,42.38332764322982,living_street,,False
11772697243,11772697252,61.507398294714434,living_street,,False
11772697252,11772697253,17.625262648044277,living_street,,False
11772697252,11772697243,61.50739829471444,living_street,,False
11772697252,11772697242,42.38332764322982,living_street,,False
11772697253,310535972,52.80595807616902,living_street,Marundeeswar Nagar Main Road,False
11772697253,11772697252,17.625262648044277,living_street,,False
11772697253,310535971,82.2845064444859,living_street,Marundeeswar Nagar Main Road,False
11772697255,310535971,35.36760148097542,living_street,,False
11772697256,11772697257,33.634809748205946,living_street,,False
11772697257,11772697259,17.55261829106221,living_street,Marundeeswar Nagar Main Road,False
11772697257,319493752,29.55273459866429,living_street,Marundeeswar Nagar Main Road,False
11772697257,11772697256,33.634809748205946,living_street,,False
11772697258,11772697259,34.44119490881812,living_street,,False
11772697259,11772697257,17.55261829106221,living_street,Marundeeswar Nagar Main Road,False
11772697259,11772697258,34.44119490881812,living_street,,False
11772697259,310535971,40.958778377872875,living_street,Marundeeswar Nagar Main Road,False
11772701092,11772701093,36.506438980484404,living_street,,False
11772701093,11772701097,45.74549818760164,residential,Damodarapuram Main Road,False
11772701093,11772701092,36.506438980484404,living_street,,False
11772701093,313775241,51.44019954912443,residential,Damodarapuram Main Road,False
11772701094,11772701095,85.99506231189963,living_street,,False
11772701095,257430115,38.43660830070891,residential,Damodarapuram Main Road,False
11772701095,313775238,23.274329532784908,residential,Damodarapuram Main Road,False
11772701095,11772701094,85.99506231189963,living_street,,False
11772701096,11772701097,50.88004135588788,living_street,,False
11772701097,313775238,18.83629268696824,residential,Damodarapuram Main Road,False
11772701097,11772701093,45.74549818760164,residential,Damodarapuram Main Road,False
11772701097,11772701096,50.88004135588788,living_street,,False
11772701098,11772701100,122.0572654240486,living_street,,False
11772701100,299805393,70.29811552681029,residential,,False
11772701100,7018971562,21.995540783620555,residential,,False
11772701100,11772701098,122.0572654240486,living_street,,False
11772701129,11050668379,29.141249268722717,residential,,False
11772701152,11772701153,26.02846208629115,residential,,False
11772701153,2270657227,22.37383037925212,residential,Parameswari Nagar 1st Street,False
11772701153,11046276522,70.39129107674944,residential,Parameswari Nagar 1st Street,False
11772701153,11772701152,26.02846208629115,residential,,False
11772714201,11772714202,65.83769684748137,residential,,False
11772714202,11050814594,36.53883304187948,residential,,False
11772714202,11402353377,18.81307788455984,residential,,False
11772714202,11772714201,65.83769684748137,residential,,False
11772714207,257433295,81.86414019793631,residential,,False
11772936278,11772936279,28.265419691254664,residential,,False
11772936279,11772936278,28.265419691254664,residential,,False
11772936279,11772936280,24.284208417498856,residential,,False
11772936279,334650985,41.0270442077169,residential,,False
11772936280,11772936279,24.284208417498856,residential,,False
11772936281,334650985,24.092581645318614,residential,,False
11772936281,334650982,34.17586122524145,residential,,False
11772936281,11772936282,65.91608971394761,residential,,False
11772936282,319500423,19.111886951211766,residential,Tiger Varadachari Road,False
11772936282,299800637,31.56732602498311,residential,Tiger Varadachari Road,False
11772936282,11772936281,65.91608971394761,residential,,False
11772936283,11772936284,28.14544080362586,living_street,,False
11772936284,11772936283,28.14544080362586,living_street,,False
11772936284,319495776,86.08844516971152,residential,Rukmani Road,False
11772936284,257440304,131.78554067508497,residential,Rukmani Road,False
11772936289,11757720109,42.12859047152422,living_street,,False
11772949092,11772949093,51.041228910219886,living_street,,False
11772949093,313775023,19.43970560935316,residential,jayavinayagar street,False
11772949093,11772949092,51.041228910219886,living_street,,False
11772949093,313775024,38.29385729708957,residential,jayavinayagar street,False
11772949104,10183100347,856.9429665125164,primary,"['Durgabai Deshmukh Road', 'Thiru Vi Ka Bridge']",True
11772949104,11772949124,153.94963579357403,residential,Malligaipoo Kuppam Road,False
11772949114,249497592,88.90760785554589,residential,PS Road,False
11772949119,11772949125,25.77639523013797,residential,,False
11772949124,334713137,144.08069343629748,living_street,,False
11772949124,11772949125,9.198451005014384,living_street,,False
11772949124,11772949104,153.94963579357403,residential,Malligaipoo Kuppam Road,False
11772949125,11772949124,9.198451005014384,living_street,,False
11772949125,334713047,50.984447971113596,living_street,,False
11772949125,11772949119,25.77639523013797,residential,,False
11773155474,269219826,48.0729295317352,residential,,False
11773155475,11773155476,31.077937842870963,residential,,False
11773155476,269219824,19.0495879840616,residential,Peruaml Kovil 1st Street,False
11773155476,11773155475,31.077937842870963,residential,,False
11773155476,269219826,42.650576071350145,residential,Peruaml Kovil 1st Street,False
11773155477,11773155489,2.901790711314992,residential,Peruaml Kovil 1st Street,False
11773155477,269219806,26.497443456114617,residential,Peruaml Kovil 1st Street,False
11773155477,269219806,124.33414682642635,residential,,False
11773155488,11773155489,54.37073421632237,residential,,False
11773155489,269219824,26.869576190114497,residential,Peruaml Kovil 1st Street,False
11773155489,11773155477,2.901790711314992,residential,Peruaml Kovil 1st Street,False
11773155489,11773155488,54.37073421632237,residential,,False
11773155494,10172868208,105.4774898903978,residential,Peeliamman Kovil 2nd Street,False
11773155507,11773155511,17.009089590651065,living_street,,False
11773155511,269219806,173.4152670682079,residential,,False
11773155511,269219824,58.23823388012822,residential,,False
11773155511,11773155507,17.00908959065107,living_street,,False
11773155525,11773155530,72.23432315073654,residential,,False
11773155530,10172868207,89.03875568324838,residential,Lake View Road,False
11773155530,269219568,78.5178112591593,residential,Lake View Road,False
11773155530,11773155525,72.23432315073654,residential,,False
11773347999,2218345771,7.5523158116754185,residential,,False
11773347999,2218345758,61.72750702576335,residential,,False
11773347999,2218345768,63.225573270918666,residential,,False
11773348037,310102871,99.10864229875405,primary,Rajiv Gandhi IT Expressway,True
11773362692,11773362693,52.08397550705474,residential,,False
11773362693,269219771,77.61947309098306,residential,Mandapam Road,False
11773362693,11773362692,52.08397550705474,residential,,False
11773362693,269219758,374.0285922979697,residential,"['Mandapam Road', 'Lake View Road']",False
11773362694,11773362695,37.415631312821134,residential,,False
11773362695,9181580968,11.043797655746213,residential,West Canal Bank Road,False
11773362695,11773362694,37.415631312821134,residential,,False
11773362695,2218345768,61.426109022229035,residential,West Canal Bank Road,False
11773362699,11773362752,29.586268561490062,residential,,False
11773362700,11773362720,26.511098058846915,living_street,,False
11773362708,11773362720,22.45809830232941,living_street,,False
11773362709,11773362715,44.72454501212594,living_street,,False
11773362715,269219781,46.81769155545782,residential,West Canal Bank Road,False
11773362715,2218345768,82.55989259529264,residential,West Canal Bank Road,False
11773362715,11773362709,44.72454501212594,living_street,,False
11773362720,11773362721,30.857008510501444,living_street,,False
11773362720,11773362700,26.511098058846912,living_street,,False
11773362720,11773362708,22.45809830232941,living_street,,False
11773362721,9181580962,15.93775393740101,residential,,False
11773362721,11773362720,30.857008510501444,living_street,,False
11773362721,9181580963,64.4107381273698,residential,,False
11773362725,249497877,40.20538143811799,residential,,False
11773362725,249497874,47.58790346207417,residential,,False
11773362725,2218345781,24.031687918235267,residential,,False
11773362750,269219758,36.47754637535046,residential,2nd Cross Street,False
11773362752,11773362699,29.586268561490062,residential,,False
11773362752,269219848,49.02321104201639,residential,,False
11773362752,11098992200,3.625279139378642,residential,,False
11773362762,9181580962,79.10225022246033,residential,,False
11774985685,256035558,19.485713385572367,residential,,False
11774985687,11774985697,16.23150488030048,living_street,,False
11774985687,11774985688,71.58858373744827,living_street,,False
11774985688,256035548,2.712821068843103,residential,,False
11774985688,11774985687,71.58858373744827,living_street,,False
11774985688,256035554,14.592607589112697,residential,,False
11774985697,256035554,69.77032356557193,residential,,False
11774985697,11774985687,16.23150488030048,living_street,,False
11774985697,256035558,11.089105602708832,living_street,,False
11775267619,9189073692,42.11109674098879,residential,,False
11777067312,11777067313,23.06796034179129,living_street,,False
11777067313,11777067315,12.771345559971849,residential,Todhunter Nagar 2nd Cross Road,False
11777067313,11777067312,23.06796034179129,living_street,,False
11777067313,11777067317,150.4743869520667,residential,Todhunter Nagar 2nd Cross Road,False
11777067314,11777067315,36.351400297405235,living_street,,False
11777067315,2216189371,58.05385471273475,residential,Todhunter Nagar 2nd Cross Road,False
11777067315,11777067313,12.771345559971849,residential,Todhunter Nagar 2nd Cross Road,False
11777067315,11777067314,36.351400297405235,living_street,,False
11777067317,11777067313,150.4743869520667,residential,Todhunter Nagar 2nd Cross Road,False
11777067317,269767408,66.71030593683997,residential,Todhunter Nagar 2nd Cross Road,False
11777067317,12069585340,30.298478182842743,living_street,,False
11777067330,6586209798,34.03537797011767,residential,,False
11777067335,6586209798,50.79867287923353,residential,,False
11777067335,6585596278,137.73769894206924,residential,,False
11777067335,11777067336,44.94832436667519,residential,,False
11777067336,269219261,197.77904577653942,residential,Surya Nagar Street,False
11777067336,6586209794,373.54097986441695,residential,Surya Nagar Street,False
11777067336,11777067335,44.948324366675195,residential,,False
11777104032,11777104033,45.64294790599454,living_street,,False
11777104033,2215260219,109.60772876279935,residential,South Kesawapuram Street,False
11777104033,11777104032,45.64294790599454,living_street,,False
11777104033,2215260322,138.03407039567213,residential,South Kesawapuram Street,False
11777104046,11777104048,26.78248697539455,residential,,False
11777104048,269219516,23.960658956109473,residential,,False
11777104048,11777104049,47.97347037740002,residential,,False
11777104048,2218346030,37.73245969363845,residential,,False
11777104048,11777104046,26.78248697539455,residential,,False
11777104049,269219655,24.685785749653935,residential,Tiruvalluvar Nagar 1st Street,False
11777104049,11777104048,47.97347037740002,residential,,False
11777104049,269219610,151.4868259509533,residential,Tiruvalluvar Nagar 1st Street,False
11777104050,11777104051,40.56197640757851,residential,,False
11777104051,269219550,88.44109458277292,residential,Pondicherry Road,False
11777104051,11777104050,40.56197640757851,residential,,False
11777104051,11648748804,141.06325075750962,residential,"['Lock Street', 'Pondicherry Road']",False
11778113354,6497888144,101.19236900868101,primary,Anna Salai (Mount Road),True
11778113355,11778113354,17.94985214023515,primary_link,,True
11778113355,303511149,41.601975766120944,primary,Anna Salai (Mount Road),True
11782198544,11782227144,62.72799137699799,residential,,False
11782227144,11782198544,62.727991376998,residential,,False
11782227144,2241062480,41.12679452464237,residential,,False
11782227144,11782227148,48.5929210786816,living_street,,False
11782227148,11782227144,48.59292107868161,living_street,,False
11786578558,2168628952,6.340759259407449,residential,,False
11786578558,2168628935,22.49449222015558,residential,,False
11786578558,11786578559,44.40305417431517,residential,,False
11786578559,11043356679,15.381511658164161,residential,,False
11786578559,9189148323,3.95585653703223,residential,,False
11786578559,11786578558,44.40305417431517,residential,,False
11786602390,9189148323,13.526330774833923,residential,,False
11786602390,11786602391,39.38653743647939,living_street,,False
11786602390,11786604796,37.22556296778664,living_street,,False
11786602390,6496965127,36.70736049954271,residential,,False
11786602391,11043356678,14.276795443646574,living_street,,False
11786602391,7025018518,33.361606943813186,living_street,,False
11786602391,11786602390,39.38653743647939,living_street,,False
11786604796,11786602390,37.22556296778664,living_street,,False
11786614127,11786614128,25.676824691312778,residential,,False
11786614128,333719172,14.864672413857786,residential,Vasudeva Nagar Ext,False
11786614128,333719175,79.92636974002463,residential,Vasudeva Nagar Ext,False
11786614128,11786614127,25.676824691312778,residential,,False
11789974947,338406658,29.818235752328363,residential,South Street,False
11789974947,6305461631,28.30914917413686,residential,South Street,False
11789974947,11789974948,23.482871899033615,residential,,False
11789974948,11789974947,23.482871899033615,residential,,False
11792333842,11792333845,43.75566992724795,living_street,,False
11792333845,11792333842,43.75566992724795,living_street,,False
11792333845,9502019361,54.98956290873372,secondary,RK Mutt Road,True
11792333860,11792333861,27.30289461606827,residential,,False
11792333861,11792333860,27.30289461606827,residential,,False
11792333861,11792333862,36.05964717565363,residential,,False
11792333861,11792333866,22.922830542580463,residential,,False
11792333861,11792333864,24.017600085608972,residential,,False
11792333862,11792333861,36.05964717565363,residential,,False
11792333863,11792333864,33.591599170978995,residential,,False
11792333864,11792333863,33.591599170978995,residential,,False
11792333864,11792333865,41.29253233246625,residential,,False
11792333864,11792333861,24.017600085608972,residential,,False
11792333864,11693047242,24.513681991395856,residential,,False
11792333865,11792333864,41.29253233246625,residential,,False
11792333866,11792333861,22.922830542580463,residential,,False
11792333867,11693047242,85.0747774401914,residential,,False
11792333867,243064547,204.13529598325178,secondary,RK Mutt Road,True
11792407173,11792407177,57.80735116268602,living_street,,False
11792407177,262680563,83.36160445065073,residential,Greenways Road Extension,False
11792407177,262680559,3.972765877877171,residential,Greenways Road Extension,False
11792407177,11792407173,57.80735116268602,living_street,,False
11792407178,11792407179,21.8020101788736,residential,,False
11792407179,11792407178,21.8020101788736,residential,,False
11792407179,11792407286,57.94004619920703,residential,,False
11792407179,9181580857,40.42728571550719,residential,,False
11792407180,11792407181,55.15386247816334,residential,,False
11792407181,262680559,70.37386049802826,residential,,False
11792407181,11792407285,31.766065804766644,residential,,False
11792407181,11792407180,55.15386247816334,residential,,False
11792407182,11792407188,73.64984296233499,residential,,False
11792407182,262680575,20.983825096002082,residential,,False
11792407182,262680734,24.579769757950704,residential,,False
11792407184,262680796,174.8337777035048,residential,Bishop Garden Street,False
11792407188,11792407182,73.64984296233499,residential,,False
11792407188,262680580,35.033789906926074,residential,,False
11792407188,11039575610,91.90343145289101,residential,,False
11792407200,11043878608,18.6572889363114,living_street,,False
11792407200,11792407206,58.703979231888994,living_street,,False
11792407200,11792407205,26.471360504215653,living_street,,False
11792407204,262680841,18.758534951410404,living_street,,False
11792407204,2270302213,2.647750260244008,living_street,,False
11792407204,11792407205,46.43326504623504,living_street,,False
11792407205,11792407206,34.83663286978767,living_street,,False
11792407205,11792407200,26.471360504215653,living_street,,False
11792407205,11792407204,46.43326504623504,living_street,,False
11792407206,11792407205,34.83663286978767,living_street,,False
11792407206,11792407200,58.703979231888994,living_street,,False
11792407206,262680841,34.26158786581627,living_street,,False
11792407207,2270302213,8.75784264611414,living_street,,False
11792407207,2270302214,23.682426226283326,living_street,,False
11792407207,11792407210,78.64391438357393,living_street,,False
11792407210,11043878608,5.875469178282102,living_street,Govindaswamy Nagar,False
11792407210,2270302214,97.70889549935055,living_street,Govindaswamy Nagar,False
11792407210,11792407207,78.64391438357394,living_street,,False
11792407224,2270302212,166.2397538515001,living_street,Govindaswamy Nagar,False
11792407224,410672246,330.27441789210775,living_street,Govindaswamy Nagar,False
11792407224,9181580876,75.60122811011817,living_street,Kattabomman Street,False
11792407233,262680776,104.57521291641739,residential,,False
11792407271,11792407283,45.4228388873732,residential,,False
11792407271,11792407272,27.45656749407691,residential,,False
11792407271,262680543,102.36815935736213,residential,,False
11792407272,11792407271,27.45656749407691,residential,,False
11792407272,12025614303,39.20231645741596,residential,,False
11792407272,246825424,91.9355675463059,residential,,False
11792407283,11792407288,14.246843205286195,residential,Greenways Road Extension,False
11792407283,11792407271,45.4228388873732,residential,,False
11792407283,9181580857,23.39853710080127,residential,Greenways Road Extension,False
11792407285,11792407181,31.766065804766644,residential,,False
11792407285,11792407286,38.7687519921639,residential,,False
11792407285,2270302194,107.84146199757093,residential,,False
11792407286,9181580860,20.025434610378813,residential,,False
11792407286,11792407285,38.7687519921639,residential,,False
11792407286,11792407179,57.94004619920703,residential,,False
11792407288,11792407283,14.246843205286195,residential,Greenways Road Extension,False
11792407288,262680551,102.66727824367591,residential,Greenways Road Extension,False
11792407288,11792407294,20.864620925868085,residential,,False
11792407294,11792407288,20.864620925868085,residential,,False
11792407294,264031934,149.40522677766853,living_street,,False
11792407294,2270289085,107.6212821712665,living_street,,False
11792407312,246827325,36.29720345151555,tertiary,Srinivasa Road,True
11792407312,264031802,120.0941266861502,living_street,,False
11794889689,310504050,5.0119783915884915,tertiary,Loop Road,True
11794889689,11925452741,279.6831789385794,tertiary,Loop Road,True
11794889696,11794889697,10.941336454946939,tertiary,Loop Road,True
11794889696,6790452769,344.27823135702977,primary,Santhome High Road,True
11794889697,5406601849,42.10536391671738,tertiary,Loop Road,True
11794889744,6790452752,60.17158117318984,residential,,False
11794889744,6790452753,51.284838338952866,residential,,False
11794889744,11794889749,87.1522804842974,residential,,False
11794889749,9181580899,5.548837429341771,residential,Rohini Gardens,False
11794889749,6790452752,167.6368508113236,residential,Rohini Gardens,False
11794889749,11794889744,87.1522804842974,residential,,False
11794924262,11794935375,72.62784648097221,residential,,False
11794935375,11794957073,79.7554196373359,residential,,False
11794935375,300304832,99.57407398789836,residential,,False
11794935375,11794924262,72.62784648097221,residential,,False
11794935382,11794957073,9.526624587453302,residential,,False
11794953391,11794953392,40.876087453281826,residential,,False
11794953392,11612763919,34.86565069505289,residential,Andal Nagar Extension 2nd Street,False
11794953392,11794953391,40.876087453281826,residential,,False
11794953392,299881944,220.051081051491,residential,"['MGR Nagar 5th Main Road', 'Andal Nagar Extension 2nd Street']",False
11794957072,11794957073,39.84364315809312,residential,,False
11794957073,11794935382,9.526624587453302,residential,,False
11794957073,11794957072,39.84364315809312,residential,,False
11794957073,11794935375,79.7554196373359,residential,,False
11794964049,11770291534,87.4421093782202,residential,,False
11794989078,300463604,49.33566409762588,residential,4th Main Road,False
11794989078,11794989079,53.55358981963054,residential,,False
11794989078,2407565221,150.80040944325228,residential,4th Main Road,False
11794989079,11794989078,53.55358981963054,residential,,False
11795012983,4304449135,35.49946879753422,residential,,False
11795162118,363961635,24.50584225811848,residential,,False
11801132749,300159499,38.70744576598568,residential,,False
11801132749,11801132750,45.21743918396312,residential,,False
11801132749,300159185,82.0085794115776,residential,,False
11801132750,7806766992,2.63162837556533,residential,,False
11801132750,338223214,36.773360912491675,residential,,False
11801132750,11801132749,45.21743918396312,residential,,False
11801178049,280089108,3.9951999495868886,residential,,False
11801178049,2239155975,30.65402629246226,residential,Shastri Street,False
11801178049,2237675815,27.617260517321146,residential,Shastri Street,False
11801232124,2237675805,42.50049463436305,residential,,False
11801245726,11801272291,27.91869265187541,residential,12th Street,False
11801245726,330420108,41.56692729977862,residential,12th Street,False
11801245726,11801245727,48.59202934286241,residential,,False
11801245727,11801245726,48.59202934286241,residential,,False
11801272291,11801245726,27.91869265187541,residential,12th Street,False
11801272291,11801272292,44.24916233963473,residential,,False
11801272291,330420198,127.44824931424577,residential,"['11th Street', '12th Street']",False
11801272292,11801272291,44.24916233963473,residential,,False
11801341350,319493831,89.84968277795802,residential,4th Street,False
11801341350,319493779,26.708186062301383,residential,Kamaraj Street,False
11801341350,257432760,19.780768070641404,residential,Kamaraj Street,False
11801377581,2168960235,71.29283492592894,residential,,False
11801377581,2168960231,24.980991478285816,tertiary,Pillayar koil street,False
11801377581,299880589,33.39618074929928,tertiary,Pillayar koil street,False
11801625127,1640636924,78.51862747828616,tertiary,Bharani Street,False
11801625127,1765260863,25.195676017453696,tertiary,Bharani Street,False
11806316594,300464063,65.6660547542727,residential,,False
11806341579,11806341580,18.01220557096609,residential,,False
11806341579,300464018,39.21457599640226,residential,,False
11806341579,299883712,42.168834181095804,residential,,False
11806341580,11806341579,18.01220557096609,residential,,False
11806414077,11806414078,35.87015228678356,residential,,False
11806414078,6445481214,3.9675976434691664,tertiary,Thiruvallur Street,False
11806414078,11806414077,35.87015228678356,residential,,False
11806414078,338461713,28.375057599603885,tertiary,Thiruvallur Street,False
11806418890,330653546,12.387839500648923,residential,,False
11806419122,319490094,11.578518082071074,residential,,False
11806433640,338466154,42.82434573760391,residential,,False
11806433641,338461744,15.457579104899366,residential,,False
11806949018,310102929,20.16832669483909,residential,Pallipattu Main Road,False
11806949018,11367933030,134.5587746772828,residential,Pallipattu Main Road,False
11806949018,11806949021,99.13970296881413,living_street,,False
11806949021,11806949018,99.13970296881413,living_street,,False
11818417011,339281277,47.50347338878255,tertiary,Cart Track Road,False
11818417011,339291907,25.04715261245563,tertiary,Cart Track Road,False
11818417011,11818417012,44.72112232594004,residential,,False
11818417012,11818417011,44.72112232594004,residential,,False
11818432757,339281277,42.98311745754732,tertiary,Cart Track Road,False
11818432757,11818432758,47.959038891225134,residential,,False
11818432758,11818432757,47.959038891225134,residential,,False
11821049875,7047991372,51.7773611202283,residential,,False
11824333189,11824333190,35.467774352472595,residential,,False
11824333190,364637116,15.944408688318365,residential,Navaratna Gardens Main,False
11824333190,365490095,96.29055167228829,residential,Navaratna Gardens Main,False
11824333190,11824333189,35.467774352472595,residential,,False
11824333191,365490095,9.551669086544582,residential,Navaratna Gardens Main,False
11824333191,11824333192,42.31775581088276,residential,,False
11824333191,364637115,51.22758886715428,residential,Navaratna Gardens Main,False
11824333192,11824333191,42.31775581088276,residential,,False
11824338640,368367397,38.07116807140191,residential,,False
11832488583,2167149032,17.270032256417338,primary,"['Velachery Bypass Road', '100 Feet Road']",True
11832488583,11832488587,53.33103801087769,residential,,False
11832488587,11832488583,53.331038010877684,residential,,False
11832653247,11832653248,32.430772380852154,residential,,False
11832653247,11832653249,5.298112051349276,tertiary,Gandhi Road,False
11832653247,3419458093,191.96611955193765,tertiary,Gandhi Road,False
11832653248,11832653247,32.430772380852154,residential,,False
11832653249,11052710111,7.089790473887464,residential,,False
11832653249,300312789,87.32957557841597,tertiary,Gandhi Road,False
11832653249,11832653247,5.298112051349276,tertiary,Gandhi Road,False
11832685263,11832685265,15.78402545254535,residential,Vellalar Street,False
11832685263,11832685264,39.34742978287168,living_street,,False
11832685263,338461455,68.5585782704238,residential,Vellalar Street,False
11832685264,11832685263,39.34742978287168,living_street,,False
11832685265,11832685263,15.78402545254535,residential,Vellalar Street,False
11832685265,300312040,42.0972617960085,residential,Vellalar Street,False
11832685265,11832685266,31.871760045390687,living_street,,False
11832685266,11832685265,31.871760045390687,living_street,,False
11840419786,11840419788,126.35678311935095,residential,,False
11840419788,9181580886,42.974227667735605,primary,Santhome High Road,True
11840419788,11840419786,126.35678311935095,residential,,False
11840514985,1750638810,23.292070035813538,residential,,False
11840514985,11840514986,1.9134101889404045,residential,,False
11840514985,11840514987,4.0990609781990415,residential,,False
11840514986,11840514985,1.9134101889404045,residential,,False
11840514987,11840514985,4.0990609781990415,residential,,False
11846911054,330413888,20.183865434447057,residential,,False
11847094892,330648881,164.4320053752918,residential,Raja Street,False
11925287669,2157590814,10.128816360176556,tertiary,Chakrapani Street,True
11925287669,2168356844,11.903062875021623,secondary,Five Furlong Road,True
11925287670,247714665,10.511864108232757,tertiary,Chakrapani Street,True
11925287670,11632563866,37.967778919916135,secondary,Chakrapani Street,True
11925452741,11794889696,67.71878554083331,tertiary,Loop Road,True
11927484700,10281695780,10.51775708177147,tertiary,,True
11927484700,10281695771,64.70390614664349,secondary,2nd Avenue,True
11936247015,310535870,12.004452001828732,primary,West Avenue Road,True
11936247015,12625583481,20.21800419579477,primary,Rajiv Gandhi IT Expressway,True
11938949875,11770224859,210.2051614264444,secondary,Velachery Main Road,False
11938949875,249112798,191.1345469877143,secondary,Velachery Main Road,True
11941450279,11378966123,743.5539121529026,primary,Rajiv Gandhi IT Expressway,True
11941450632,2407564028,27.831766833703565,residential,Murugan Nagar Extension 1st Street,False
11941450633,330401245,222.71057864553893,residential,"['Chokkalingam Nagar Road', 'Murugan Nagar Extension 1st Street']",False
11944753128,11944753129,10.6087672669561,secondary,,False
11944753128,247714655,249.3318154636577,secondary,Racecourse Road,True
11944753129,11944753128,10.6087672669561,secondary,,False
11944753129,30037862,364.85886820821594,secondary,Racecourse Road,True
12003228032,5225935888,30.510712455200988,primary_link,,True
12003228032,8140811078,23.99177110528757,secondary,Kalki Krishnamurty Road,True
12012274237,2198054401,1067.1457178931646,primary,Sardar Patel Road,True
12025173020,2166973524,8.95553946174079,residential,2nd West street,False
12025173020,13629150675,105.39074076480064,residential,2nd West street,False
12025173020,13629150675,153.86740572130446,residential,,False
12025614303,11792407272,39.20231645741596,residential,,False
12033352013,325209255,26.461148406548215,residential,,False
12033352014,325209255,26.51586701770988,residential,,False
12040953841,7806646878,46.81419749790233,residential,,False
12040970369,300464027,218.68450702351615,residential,Vaigai Street,False
12041052737,9692745546,159.06284285476715,residential,,False
12041284825,11632563851,6.866830534560469,residential,,False
12048820658,269219575,137.98177059202766,living_street,,False
12048840907,269219573,56.09349941111398,residential,Lake View Road,False
12048840907,269219489,8.624183728109472,tertiary,Ellaiamman Koil Street,True
12049050872,2215260349,30.646489466338522,residential,,False
12049269093,243064541,18.020337312763537,primary,Durgabai Deshmukh Road,True
12049269093,12049269105,175.87541395199136,residential,,False
12049269105,246825423,20.93785479743335,tertiary,Greenways Road,False
12049269105,243051718,27.555371916726696,tertiary,Greenways Road,False
12049269105,12049269093,175.87541395199133,residential,,False
12060675401,319493767,215.91128060320136,residential,2nd Cross Street,False
12062541389,319500466,105.26028740299793,residential,Parvathi Street,False
12067412556,12067412557,10.296665287411011,tertiary,Thandavarayan Street,True
12067412556,30237417,37.02922866996428,primary,DGS Dhinakaran Road,True
12067412557,310504041,8.237735422340078,primary,DGS Dhinakaran Road,True
12067413872,2168960109,38.67648527133911,residential,,False
12067413872,300191336,29.452156220420306,residential,,False
12067413872,12067413873,59.6355556575284,residential,,False
12067413873,12067413872,59.6355556575284,residential,,False
12067451061,12067451062,5.937724391005168,tertiary_link,,False
12067451061,12067412556,197.6825639296516,tertiary,Thandavarayan Street,True
12067451062,12067451061,5.937724391005168,tertiary_link,,False
12067451062,2188756778,119.35482145183934,tertiary,Thandavarayan Street,True
12067453469,334190076,22.206662319673054,residential,Netaji Nagar Main Road,False
12068011115,257440286,85.31928910936043,residential,,False
12069331922,319495782,18.63902430669165,residential,,False
12069344946,10248730634,20.35942528775185,residential,,False
12069344946,10248730637,65.98263343340679,residential,,False
12069421470,269219513,60.73798161304688,residential,Avvai Colony,False
12069421470,269219515,21.05097980189474,residential,Avvai Colony,False
12069421470,12069421474,56.40486871485496,residential,,False
12069421474,12069421470,56.40486871485497,residential,,False
12069585340,11777067317,30.29847818284274,living_street,,False
12069585341,269767408,20.555988281422195,living_street,,False
12088978423,10272969983,28.3428566012121,residential,,False
12088978423,12088978424,48.109555158889975,residential,,False
12088978423,2167054629,204.40728274046,residential,Balu Street,False
12088978424,319494426,41.36919142131211,residential,Valmiki Street,False
12088978424,319494422,5.172401638645868,residential,Valmiki Street,False
12088978424,12088978423,48.109555158889975,residential,,False
12100200896,12100234006,12.454483985850299,residential,,False
12100200896,249497633,49.216044824130385,residential,2nd Main Road,False
12100200896,249497629,84.15414297354252,residential,2nd Main Road,False
12100234006,12100200896,12.454483985850299,residential,,False
12100234006,12100234006,125.29211292408257,residential,,False
12100234006,12100234006,125.29211292408257,residential,,False
12107403267,12107403268,15.55984613895697,residential,Arangannai Salai,False
12107403267,12484349560,352.201095755686,residential,Kasturibai Nagar 1st Main Road,False
12107403267,312031437,87.51495396854898,residential,Arangannai Salai,False
12107403268,12107403267,15.55984613895697,residential,Arangannai Salai,False
12107403268,6816790401,80.5589151951513,primary,Sardar Patel Road,True
12124624594,1183430564,27.292236296917082,primary,Sardar Patel Road,True
12124624594,1183430564,116.59766785864912,residential,,False
12156971222,249497656,48.27978227518154,primary,Sardar Patel Road,True
12156971222,249497661,293.0728807295028,primary,Adyar Flyover,False
12156971224,313774936,64.28777857213463,primary,Sardar Patel Road,True
12156971224,249497661,500.5345707671456,primary,Adyar Flyover,False
12156990400,1457503511,12.08472949458521,primary_link,,False
12156990400,325210159,181.9523887934241,primary,Taramani Link Road,True
12157030704,338282605,25.027645948200473,primary,Major Mukund Varadharajan Salai,True
12157405822,12157405823,8.875510747989138,residential,,False
12157405822,10282022435,77.77442957904834,primary,"['West Avenue Road', 'Thiruvalluvar Road']",True
12157405823,12157405824,35.66046965286714,residential,,False
12157405823,12157405822,8.875510747989138,residential,,False
12157405823,12157405825,59.39018401143795,residential,,False
12157405824,12157405823,35.66046965286714,residential,,False
12157405825,12157405823,59.39018401143795,residential,,False
12159256548,9692745546,1.0659715365759785,primary,Anna Salai (Mount Road),True
12183394019,338282591,21.151416967713466,primary,Major Mukund Varadharajan Salai,True
12183394019,12183394020,45.813878620314725,residential,,False
12183394020,12183394019,45.813878620314725,residential,,False
12204815383,300163994,37.259901332498046,residential,2nd Street,False
12204815383,7806670150,35.63247411589636,residential,2nd Street,False
12204815383,330420211,26.18752250362133,residential,,False
12204815385,330420211,19.36840336159525,residential,,False
12204815385,330420211,74.91387227768581,residential,,False
12204815385,7806670150,43.39392020617707,residential,,False
12213924370,246825948,132.6041114639788,secondary,Broadies Castle Road,True
12218183336,312031446,186.80449979738384,residential,6th Main Road,False
12218183337,10228331250,8.934727660286024,residential,,False
12239526654,330653765,64.31961330913339,residential,Kambar Street,False
12241732009,12241732010,50.82181276195474,residential,,False
12241732009,11465900509,274.8893209296312,tertiary,4th Cross Street,False
12241732009,2274401030,350.04486562248604,tertiary,4th Cross Street,False
12241732010,12241732009,50.82181276195474,residential,,False
12244063246,299883320,20.26866762148169,secondary,Velachery Main Road,False
12244063246,12244063247,44.02791213016774,residential,,False
12244063246,300313515,130.49015644343123,secondary,Velachery Main Road,False
12244063247,12244063246,44.02791213016774,residential,,False
12284611277,11037122652,86.77105975056186,residential,,False
12287859034,2168628943,13.93293485348604,residential,,False
12294623164,12294623165,21.885332392678592,residential,Vijayanagar 1st Main Road,False
12294623164,10120161726,40.20777095071095,primary,100 Feet Road,True
12294623165,12294623164,21.88533239267859,residential,Vijayanagar 1st Main Road,False
12294623165,313857702,15.114373039820501,residential,Vijayanagar 1st Main Road,False
12294623165,6583208815,94.1451295088057,primary,100 Feet Road,True
12334925207,303453640,80.54314617319969,residential,TK Kapali Street,False
12334925207,338470503,5.835181550288658,primary,,True
12334925218,303453710,23.401185591678036,primary,,True
12334925218,4113412285,10.663489650586342,primary,,True
12368148117,333734680,44.02465460488283,residential,Balakrishnan Road,False
12368148117,301299641,41.423835961998236,residential,Balakrishnan Road,False
12368148117,12368148118,48.08505595196672,residential,,False
12368148118,12368148117,48.08505595196672,residential,,False
12405111321,12405111329,19.606137685307555,primary,Durgabai Deshmukh Road,True
12405111321,12405111329,142.5279857555402,residential,,False
12405111329,12156971224,854.9919376622552,primary,"['Durgabai Deshmukh Road', 'Thiru Vi Ka Bridge']",True
12405111329,12405111321,142.5279857555402,residential,,False
12415838560,300304457,35.92899345555418,residential,,False
12418878941,12418878946,61.628005694683644,residential,,False
12418878941,2587530829,14.401086385054949,secondary,Dr. Muthulakshmi Road,True
12418878946,12418878941,61.628005694683644,residential,,False
12419970573,12419970575,98.3323706629922,residential,,False
12419970575,334270752,15.190821423345426,residential,1st Seaward Road,False
12419970575,2168628478,66.47714426214804,residential,1st Seaward Road,False
12419970575,12419970573,98.3323706629922,residential,,False
12483820630,338341110,7.365332308430417,primary,,True
12483820631,338341110,5.47087757972608,tertiary,Annai Indhra Gandhi Road,False
12483820631,12483820630,6.702248178994828,primary,Inner Ring Road (Southern Sector),True
12484349560,312031412,10.611287179625323,tertiary,Kasturibai Nagar 3rd Cross Street,False
12484349560,257430052,86.21595229336764,tertiary,Kasturibai Nagar 3rd Cross Street,False
12484349560,12107403267,352.2010957556861,residential,Kasturibai Nagar 1st Main Road,False
12497489526,12497489527,25.27999941691522,residential,,False
12497489527,10281826356,46.26626848676199,primary,Major Mukund Varadharajan Salai,True
12497489527,12497489526,25.27999941691522,residential,,False
12529115950,364032451,67.49745088235875,residential,Defence Colony 2nd Avenue,False
12529115950,12529115951,43.01251976636692,residential,,False
12529115950,364622716,103.11905694642418,residential,Defence Colony 2nd Avenue,False
12529115951,12529115950,43.01251976636692,residential,,False
12541133530,319493743,6.872490736192512,residential,,False
12541133530,10610397495,34.961047658393724,secondary,Dr. Muthulakshmi Road,True
12554417126,12554417127,58.730686478249496,residential,,False
12554417126,13995079476,27.591592881930683,residential,,False
12554417126,364631699,40.96247944639484,living_street,,False
12554417127,364631703,30.04012403552111,primary,Inner Ring Road,True
12554417127,12554417126,58.730686478249496,residential,,False
12612393750,364631689,188.58008058249635,residential,Lazer Street,False
12612393750,12612393757,24.639294402353187,residential,Lazer Street,False
12612393750,12612393757,140.0557190467083,residential,,False
12612393757,12612393750,24.639294402353187,residential,Lazer Street,False
12612393757,12612393750,140.0557190467083,residential,,False
12612393757,364631692,77.55929802105868,residential,Lazer Street,False
12625583466,6450947189,207.87119170111066,primary_link,,True
12625583466,12625583481,205.78828734256354,primary_link,,True
12625583471,12625583466,151.00743540405838,primary_link,,True
12625583473,12625583471,15.353784165067609,primary_link,,True
12625583473,10281683488,303.27678884086083,primary,Old Mahapalipuram Road,True
12625583481,5562486549,723.9011704810554,primary,Rajiv Gandhi IT Expressway,True
12672943579,10573743301,3.347669637304539,secondary,Mahatma Gandhi Road,False
12672943579,12901410645,81.2685170127569,secondary,Mahatma Gandhi Road,True
12672943582,12672943583,15.509248581703643,tertiary,Annai Velankanni Road,True
12672943582,257430047,4.840448893805865,secondary,Besant Nagar 2nd Avenue,True
12672943583,299800637,5.267505581067431,residential,Tiger Varadachari Road,False
12672943583,12672943584,68.6798936905805,tertiary,Annai Velankanni Road,True
12672943584,334650982,3.6377897405992483,residential,,False
12672943584,12672943585,138.50278689767032,tertiary,Annai Velankanni Road,True
12672943585,12672943586,4.813197779194057,tertiary_link,,False
12672943585,10285678608,130.7842906860737,tertiary,"['Annai Velankanni Road', ""Elliot's Beach Promenade""]",True
12672943586,12672943585,4.813197779194057,tertiary_link,,False
12672943586,334650982,139.2580261705931,tertiary,Annai Velankanni Road,True
12684083856,364628496,31.253233359613642,residential,,False
12684083856,364628492,57.607880339368606,residential,,False
12684083856,12684083857,36.748630626379125,living_street,,False
12684083857,278990638,14.018119826368533,residential,,False
12684083857,11056205436,25.2180985613496,residential,,False
12684083857,12684083856,36.748630626379125,living_street,,False
12686795213,249497716,15.983771817051826,secondary,Dr Muthulakshmi Salai,True
12686795213,249497699,15.32125822747184,secondary_link,,False
12686795214,249497699,7.675106692669456,secondary_link,,True
12686956010,12625583471,13.762985872722197,primary_link,,True
12686956010,10281683489,309.23727138589106,secondary,,True
12686956011,310102882,19.945401357903826,primary,West Avenue Road,True
12686956011,12686956010,8.333937734141616,secondary,,True
12702176405,325207488,63.189507501389656,primary,Velachery Bypass Road,True
12702176405,12702176406,43.37334983590137,residential,,False
12702176406,12702176405,43.37334983590137,residential,,False
12704454322,12704454323,18.942744822441572,primary_link,,False
12704454322,303511274,118.5470200022744,primary,"['Mambalam Canal Bridge', 'Anna Salai (Mount Road)']",True
12704454323,3048092023,59.268862314318184,primary,Anna Salai (Mount Road),True
12704454323,12704454322,18.942744822441572,primary_link,,False
12707002731,367788810,8.361893429819686,residential,Balaji Nagar 1st Main,False
12707002731,367788714,51.74937505566365,residential,Balaji Nagar 1st Main,False
12707002731,367788914,57.172937446513984,residential,Balaji Nagar 2nd Main,False
12721867639,257432730,75.63779322062221,residential,Balaraman Street,False
12721867639,12721867640,44.314834878745,residential,,False
12721867639,257432738,145.5751296302127,residential,Balaraman Street,False
12721867640,12721867639,44.314834878745,residential,,False
12725165090,12725165091,7.574967559391687,primary_link,,False
12725165091,12725165090,7.574967559391687,primary_link,,False
12725165091,9575558232,129.5776169633997,primary,Inner Ring Road (Southern Sector),True
12741357173,11738746804,7.296815997081657,residential,,False
12741357173,2241062381,158.7030866223224,residential,,False
12741357173,13966900343,376.5841063386217,secondary,Water Works Road,True
12741357177,12741357183,7.855523960652453,secondary_link,,False
12741357177,247714170,16.442746867714938,secondary,Water Works Road,True
12741357183,12741357177,7.855523960652453,secondary_link,,False
12741357183,10280133250,100.98717970973419,secondary,Water Works Road,True
12756684689,338341116,5.32418660348016,tertiary,Velachery MRTS,False
12756684689,12483820631,165.59892955503025,primary,Inner Ring Road (Southern Sector),True
12756718991,12756718992,138.33346154699748,unclassified,,False
12756718991,256029529,41.32027736509045,secondary,Water Works Road,True
12756718992,256029530,43.24227198040469,residential,,False
12756718992,256029493,40.65685991999858,residential,,False
12756718992,12756718991,138.33346154699748,unclassified,,False
12756764775,12756764776,10.67100696051905,primary_link,,False
12756764775,11510668900,110.7037812856994,primary,Sardar Patel Road,True
12756764776,12756764775,10.67100696051905,primary_link,,False
12756764776,11510668900,113.49044783809063,residential,,True
12768599308,2166973529,59.40304910765652,primary,West Avenue Road,True
12768599308,12768599311,32.9508089720922,residential,,False
12768599311,12768599308,32.9508089720922,residential,,False
12772575280,2167013046,54.279178765838,residential,,False
12772575280,11655443007,26.334440358161572,residential,,False
12772575280,12772575283,67.8786479396278,residential,,False
12772575283,12772575280,67.8786479396278,residential,,False
12772575283,2167013044,137.18979539632625,residential,,False
12772575283,2167013042,34.2192037479399,residential,,False
12833451245,12833451246,49.81539750841824,residential,,False
12833451245,11367933029,101.65357566114719,residential,,False
12833451245,2172995834,74.8298298810046,residential,,False
12833451246,12833451245,49.81539750841824,residential,,False
12895275712,1454664555,12.714462600839624,primary,,True
12901410643,257432616,36.43118705875555,secondary,Besant Nagar 2nd Avenue,False
12901410643,12672943582,35.218536121329876,secondary,Besant Nagar 2nd Avenue,True
12901410645,12672943582,6.805575265707274,secondary,Mahatma Gandhi Road,True
12901410645,12901410643,35.096507200993486,secondary,,True
12901410646,12901410645,4.827214317444274,secondary,,True
12901410646,12672943579,80.73910941106175,secondary,Mahatma Gandhi Road,True
12901601245,2167013054,211.76288013424056,residential,Canal Road,False
12901601245,12003228032,117.3743225909833,secondary,Kalki Krishnamurty Road,True
12989031023,11770378188,47.11875789971377,residential,,False
12989236287,333732513,24.917244587060175,tertiary,Tiruvalluvar Nagar 2nd Avenue,False
12989236287,279610136,57.76455291061578,tertiary,Tiruvalluvar Nagar 2nd Avenue,False
12989236287,12989236289,35.42549175630355,residential,,False
12989236288,12989236289,20.40830288864156,residential,,False
12989236289,12989236288,20.40830288864156,residential,,False
12989236289,12989236287,35.42549175630355,residential,,False
12989236289,12989236290,21.948236136477707,residential,,False
12989236290,12989236289,21.948236136477707,residential,,False
12995827016,12995827023,26.90539308103255,tertiary,,False
12995827016,12995827023,146.8162370302721,residential,,False
12995827016,10280133246,41.455956614510455,tertiary,,False
12995827023,256029482,89.08377968444475,tertiary,,False
12995827023,12995827016,26.90539308103255,tertiary,,False
12995827023,12995827016,146.8162370302721,residential,,False
13019074034,1457503505,70.69458227337978,residential,Vivekananda Street,False
13065690352,319489405,23.894091334600752,residential,16th Cross Street,False
13065690352,13065690353,28.61502588324481,residential,,False
13065690352,2166860191,130.4296184742275,residential,16th Cross Street,False
13065690353,13065690352,28.61502588324481,residential,,False
13144750314,334270766,29.328824466745942,residential,,False
13144750314,4415687771,52.335758873635754,residential,,False
13144750314,13144750315,42.76894400942726,residential,,False
13144750315,13144750314,42.76894400942726,residential,,False
13284331470,13284331471,9.466993380876117,secondary,,True
13284331470,2237592486,179.00441046609183,secondary,1st Main Road,True
13327985346,9728670869,11.404928562260377,primary_link,,False
13327985346,13911105869,31.492642040294662,residential,Gandhi Nagar 1st Main Road,True
13350962794,334547793,28.10299264926601,primary,East Coast Road,True
13350962794,13350962795,30.224449842878503,residential,,False
13350962795,13350962794,30.224449842878503,residential,,False
13399298670,10574445779,9.271220265335817,residential,,False
13399298670,10574445770,96.88617664390739,residential,,True
13399298675,10574445786,9.675687001340005,residential,Jothiammal Nagar,False
13399298675,269767409,23.99178117974105,residential,Jothiammal Nagar,False
13399298675,13399298670,127.39804680128576,residential,,True
13399298678,13399298682,25.54710819382286,residential,,True
13399298678,10574445789,9.311380235324403,residential,,False
13399298679,13399298680,9.948892304407334,residential,,False
13399298679,11052194867,63.17713184663363,residential,Charles Todhunter Road,True
13399298680,13399298678,80.08731157718385,residential,,True
13399298680,13399298679,9.948892304407334,residential,,False
13399298681,10574445789,24.46845528992127,residential,,True
13399298681,13399298682,10.8615869807582,residential,,False
13399298682,10574445771,89.52536852378836,residential,,True
13399298682,13399298681,10.8615869807582,residential,,False
13433709641,13433709642,11.246999495876748,primary_link,,True
13433709641,13433709644,22.465436386181157,primary,Old Mahapalipuram Road,True
13433709642,11173435364,158.13266408439537,primary,Rajiv Gandhi IT Expressway,True
13433709643,13433709644,11.226734056773623,primary_link,,True
13433709643,13433709642,23.15997930610699,primary,Rajiv Gandhi IT Expressway,True
13433709644,319489535,224.59806885359723,primary,Old Mahapalipuram Road,True
13461863764,2212827527,11.105178347481928,residential,,False
13461863764,246824741,411.3269660091652,secondary,Gandhi Mandapam Road,True
13571597841,14094110632,205.58308965405266,primary,Sardar Patel Road,True
13571597841,11941450279,587.1407907651152,primary,Madhya Kailash flyover,True
13600662631,9504215829,11.708458519587186,residential,2nd Main Road,False
13600662631,11634287199,8.247077221009343,residential,,False
13600662631,264031653,32.96170270894831,residential,2nd Main Road,False
13613527394,11058070789,62.284751762427696,residential,2nd West street,False
13613590587,13613590598,13.179308942217354,residential,Main Road,False
13613590587,13613590598,171.4975276719895,residential,,True
13613590587,13966900349,10.789765689529682,residential,Main Road,False
13613590598,13613590587,13.179308942217354,residential,Main Road,False
13629150675,12025173020,105.39074076480064,residential,2nd West street,False
13629150675,12025173020,153.86740572130446,residential,,False
13629150675,310535962,37.87245518422089,residential,2nd West street,False
13757859356,313785362,24.86445747318946,tertiary,2nd Avenue Ext 2,False
13757859356,13757859360,49.03487196235492,tertiary,Indira Nagar 2nd Avenue,True
13757859358,9179599558,10.105571356516611,residential,,False
13757859358,9179599560,33.5978265407841,residential,,False
13757859358,13757859360,32.119332513040845,residential,,False
13757859360,9179599563,56.365388787141775,tertiary,Indira Nagar 2nd Avenue,True
13757859360,13757859358,32.119332513040845,residential,,False
13774656784,2212827520,16.550227537713123,secondary,Gandhi Mandapam Road,True
13774656784,12012274237,243.14345162832137,primary,Sardar Patel Road,True
13793703061,338406694,100.7106989614619,primary,Velachery Bypass Road,True
13793703061,300463970,457.6475386117908,residential,"['7th Street', 'Lake View Road']",False
13807766819,3216996445,18.07153462125756,secondary,RK Mutt Road,True
13875637493,257430077,23.751309475319694,secondary,Dr. Muthulakshmi Road,True
13875637493,13875637496,39.579528297282636,tertiary,,True
13875637496,319489458,57.258429773709814,tertiary,Indira Nagar 3rd Avenue,False
13875637496,257430077,30.134718444644548,tertiary,Indira Nagar 3rd Avenue,True
13909222840,247714655,8.97939164336872,residential,,False
13909222840,330413944,13.786570021579173,residential,,False
13909222840,2241055918,75.80426089942779,secondary,Racecourse Road,True
13909222841,330413944,18.426881807037883,residential,,False
13909222841,2241055918,84.21910737820473,residential,,False
13909222841,330413898,112.68443023692295,residential,,False
13911105867,249497698,31.039882932259488,primary,Sardar Patel Road,True
13911105867,13911105868,17.456419367071263,primary_link,,False
13911105868,13911105869,13.564935050943804,primary_link,,False
13911105868,13911105867,17.456419367071263,primary_link,,False
13911105868,249497703,96.02813026878738,primary,Sardar Patel Road,True
13911105869,13911105868,13.564935050943804,primary_link,,False
13911105869,249497618,281.96114124910497,residential,Gandhi Nagar 1st Main Road,True
13956904346,310102871,12.701324257909773,primary_link,,False
13956904346,14094418970,10.961611005694568,primary_link,,False
13966900343,308313653,109.25558743379997,primary,Inner Ring Road,True
13966900344,278990058,20.374908242248598,secondary,SIDCO Industrial Estate South Phase Road,False
13966900344,364631692,33.879148755766174,secondary,SIDCO Industrial Estate South Phase Road,True
13966900348,364631692,9.797762290202103,residential,Lazer Street,False
13966900348,13966900344,33.61842280228896,secondary,SIDCO Industrial Estate South Phase Road,True
13966900349,13613590587,10.789765689529682,residential,Main Road,False
13966900349,278990057,8.792904394892066,residential,Main Road,False
13966900349,13966900348,150.27016785445213,secondary,SIDCO Industrial Estate South Phase Road,True
13966900351,366841490,8.1691909919149,residential,,False
13966900351,13966900354,46.03960373551269,secondary,SIDCO Industrial Estate South Phase Road,True
13966900353,5455784934,9.361646692231856,primary,Inner Ring Road,True
13966900353,13966900351,142.72765591308038,secondary,SIDCO Industrial Estate South Phase Road,True
13966900354,364571311,7.68563928978097,residential,Poomagal Main Road,False
13966900354,13966900349,151.280340576301,secondary,SIDCO Industrial Estate South Phase Road,True
13980639745,313786557,22.43629317754287,secondary,Mahatma Gandhi Road,False
13980639745,313786563,35.79443920066875,secondary,Mahatma Gandhi Road,False
13980639745,13980639746,40.03958594941008,residential,,False
13980639746,13980639745,40.03958594941008,residential,,False
13987639834,10116438776,56.418773090934835,residential,4th Main Road Ext,False
13987639834,10116438776,105.04803991029755,residential,,False
13987639834,11648725767,8.635697066139029,residential,4th Main Road Ext,False
13995027323,300165244,61.58819029207392,residential,,False
13995079476,12554417126,27.591592881930683,residential,,False
14008099693,14008099694,55.38711793426762,residential,,False
14008099694,9882536277,40.02819312819654,residential,TVK Koil 3rd Street Ext,False
14008099694,11064737257,9.700753574336987,residential,TVK Koil 3rd Street Ext,False
14008099694,14008099693,55.38711793426762,residential,,False
14014630763,14014630764,36.12682628943081,residential,,False
14014630764,4450561191,22.03974717857109,residential,Kathiravan Nagar,False
14014630764,14014630763,36.12682628943081,residential,,False
14014630764,338406546,127.48845704346668,residential,Kathiravan Nagar,False
14049890124,330410526,7.6905294207409325,residential,,False
14049890124,300159513,51.394307411493266,tertiary,Dr. Ambedkar Nagar 4th Main Road,False
14049890124,11250382315,38.50440004004292,tertiary,Dr. Ambedkar 1st Main Road,False
14053105225,14053105226,56.48504603481131,residential,,False
14053105225,363974388,45.382955285109695,primary,Inner Ring Road,True
14053105226,14053105225,56.48504603481131,residential,,False
14091916645,11770790450,24.554637773342453,residential,,False
14094110631,14094110632,13.138435244016852,primary,,False
14094110631,268789822,53.68422728332271,primary,Sardar Patel Road,True
14094110632,14094110631,13.138435244016852,primary,,False
14094110632,243051152,83.29924933094425,primary,Sardar Patel Road,True
14094418970,13956904346,10.961611005694568,primary_link,,False
14094418970,268789809,97.8690504302845,primary,Rajiv Gandhi IT Expressway,True
14094418971,14094418970,74.60808524361583,primary,Rajiv Gandhi IT Expressway,True
14094418971,13956904346,73.39593459267022,primary_link,,True
14104708476,4252220047,534.6443379181891,tertiary,Perungudi Station Road,True
14104708476,7800752329,57.78469629536722,residential,Karuna Street,False
14105192514,1183430825,669.8537499328804,primary,Taramani Link Road,True
14136671924,5355073730,16.102355636043303,tertiary,Perungudi Station Road,False
14136671924,14104708476,202.9925394141093,tertiary,Perungudi Station Road,True
14137325193,7018373640,181.92982525105714,tertiary,Perungudi Station Road,True
14137325193,338461274,56.52846693412787,tertiary,Perungudi Station Road,False
14141791480,14141791482,11.215512543222516,residential,,False
14141791480,11054537025,112.47332849326786,residential,,False
14141791480,14141791488,7.705397944389125,residential,,False
14141791481,14141791490,28.539056112557013,tertiary,Perungudi Station Road,True
14141791481,14141791488,7.223808243561714,residential,,False
14141791482,14141791480,11.215512543222516,residential,,False
14141791482,4239255895,6.037939023486234,residential,Balakrishna Nagar 1st Main Road,False
14141791482,2168576080,26.559251840372482,residential,Balakrishna Nagar 1st Main Road,False
14141791488,4239255895,12.034284257509393,tertiary,Perungudi Station Road,True
14141791488,14141791481,7.223808243561714,residential,,False
14141791488,14141791480,7.705397944389125,residential,,False
14141791489,14141791488,28.89003793633489,tertiary,Perungudi Station Road,True
14141791489,14141791490,7.681634847843407,tertiary_link,,False
14141791490,14141791489,7.681634847843407,tertiary_link,,False
14141791490,10098223822,358.5500842456884,tertiary,Perungudi Station Road,True
14144290611,14144290612,11.803085736422707,secondary_link,,False
14144290611,365988855,340.558601318035,secondary,Velachery Main Road,True
14144290612,14144290611,11.803085736422707,secondary_link,,False
14144290612,11770605195,103.71016094552694,secondary,Velachery Main Road,True
14148225602,278613475,145.63614819553015,primary,Anna Salai (Mount Road),True
14148225602,14148225611,294.9229164617526,primary,,True
14148225611,6245793330,13.610942030642223,primary,Anna Salai (Mount Road),True
14152948067,11054207889,18.892483370284463,tertiary,Dr. Ambedkar Nagar 4th Main Road,False
14152948067,300159445,45.046555335331114,tertiary,Dr. Ambedkar Nagar 4th Main Road,False
14152948067,14152948070,16.909553570097934,residential,,False
14152948068,300159299,40.077660852876605,residential,,False
14152948068,300159443,44.64634673396567,residential,,False
14152948068,14152948070,73.34211928869294,residential,,False
14152948069,14152948070,24.946060729054714,living_street,,False
14152948070,14152948068,73.34211928869294,residential,,False
14152948070,14152948067,16.909553570097934,residential,,False
14152948070,14152948071,27.262740056264303,living_street,,False
14152948070,14152948069,24.946060729054714,living_street,,False
14152948071,14152948070,27.262740056264303,living_street,,False
