id,latitude,longitude
30037862,13.0109201,80.2170576
30037863,13.012363,80.2210838
30037866,13.0154974,80.2253737
30037875,13.0280247,80.2353917
30038751,13.0222375,80.2063264
30038752,13.0197889,80.2062735
30038753,13.0190019,80.2060881
30051794,13.018654,80.2599022
30051796,13.0222409,80.259261
30237417,13.0187071,80.2671583
30268464,13.0091943,80.2286092
30268466,13.0067745,80.2476214
30268467,12.9877944,80.2513358
243051152,13.0067719,80.2473989
243051703,13.0067735,80.2516348
243051706,13.0066002,80.2544176
243051708,13.0066762,80.2572722
243051711,13.0082519,80.2589687
243051718,13.0187137,80.2612947
243064541,13.0190482,80.2615779
243064543,13.0202745,80.2626659
243064547,13.0241481,80.2644376
243323043,13.0250713,80.2678293
243325994,12.9854194,80.2236278
243326004,12.9760873,80.2213325
246824741,13.0181555,80.2410929
246824743,13.0241308,80.2430446
246825423,13.0186803,80.2608484
246825424,13.0186354,80.2581862
246825428,13.0200171,80.2547563
246825431,13.0205644,80.2531005
246825948,13.0202472,80.2630135
246825949,13.0189281,80.2627808
246827325,13.022328,80.2602598
246827326,13.0218341,80.2619612
246866333,12.9807054,80.2592827
246866335,12.9788805,80.259037
246866969,12.9812939,80.2434352
246867074,12.9863017,80.2432971
247074863,13.0260918,80.2313679
247713922,13.0237236,80.2276579
247714021,13.0158926,80.215384
247714023,13.01424,80.2143479
247714027,13.0085663,80.2103263
247714030,13.009488,80.2110096
247714167,13.0129826,80.2075337
247714170,13.0128439,80.2086446
247714174,13.0130435,80.2108518
247714176,13.0125655,80.2117795
247714177,13.0118396,80.2128717
247714535,13.0104614,80.2163283
247714547,13.0097082,80.2150302
247714655,13.0074477,80.2128797
247714661,13.0052438,80.2125876
247714662,13.0052297,80.2126552
247714665,13.0037866,80.2120421
247714667,13.0025385,80.2121142
247714672,12.9972581,80.2164696
248700536,13.0303179,80.2291536
249112798,12.9914386,80.2196271
249493597,13.0092589,80.2590552
249493598,13.0097576,80.2488098
249493600,13.0067416,80.2574993
249493601,13.0085671,80.2545017
249493602,13.0094942,80.2545417
249493611,13.0067192,80.2544138
249493614,13.0069825,80.2484212
249493615,13.0067672,80.2483802
249493616,13.0104792,80.2488856
249493617,13.0096136,80.2515709
249497584,13.0079023,80.2485467
249497585,13.0076457,80.2544436
249497587,13.0076289,80.2571153
249497592,13.0093316,80.2580029
249497593,13.0084174,80.2578652
249497598,13.0087548,80.2502472
249497599,13.0078359,80.2502004
249497600,13.009668,80.2502829
249497602,13.0091332,80.248722
249497603,13.0090432,80.2502629
249497604,13.0085486,80.2486514
249497605,13.0084631,80.2502396
249497606,13.006868,80.2514706
249497607,13.0077818,80.2515048
249497608,13.0086779,80.2515361
249497609,13.0111942,80.2528206
249497610,13.0068127,80.2574438
249497618,13.0092639,80.2589556
249497619,13.0084536,80.2569106
249497620,13.0103885,80.2522142
249497628,13.0095649,80.2526432
249497629,13.0095304,80.2536394
249497633,13.0106757,80.2533107
249497655,13.0064867,80.2526029
249497656,13.0065135,80.2546721
249497661,13.0067676,80.2577905
249497688,13.0087027,80.2591946
249497690,13.0079965,80.2592592
249497692,13.007651,80.2594277
249497694,13.0073191,80.2591237
249497698,13.0066539,80.2577917
249497699,13.0063909,80.2575913
249497703,13.0075262,80.258616
249497710,13.0073297,80.2597313
249497716,13.0065529,80.2574878
249497865,13.0125505,80.252595
249497866,13.0119081,80.2534076
249497872,13.0117976,80.2519922
249497874,13.0139569,80.2489637
249497877,13.0134549,80.2491952
250363446,13.0279203,80.2269157
250363496,13.0301835,80.2259088
250363497,13.0299075,80.2274105
250363498,13.0286918,80.2255814
250363499,13.0284037,80.2271665
250363500,13.0283147,80.2279158
250363513,13.0286124,80.225965
250363515,13.0301021,80.2263279
250363516,13.0289763,80.2260559
250363518,13.0294015,80.2261726
250363519,13.0298222,80.2262754
250363522,13.0297526,80.2266101
250363523,13.0293366,80.2265379
250363524,13.0297055,80.2269544
250363525,13.029283,80.2268707
250363542,13.0263539,80.2297539
250363545,13.0289781,80.2301552
250363552,13.0278774,80.2278808
250363577,13.027009,80.2278012
250363580,13.0273241,80.2278279
250363586,13.0283521,80.2301954
250363589,13.0296883,80.2285766
250363592,13.029133,80.2285638
250363595,13.0296388,80.2291233
250363597,13.0296458,80.2288621
250363603,13.0292406,80.2291055
250363605,13.0303219,80.2288912
250363608,13.0291866,80.2288414
251172939,12.9820681,80.2322191
251172944,12.9817389,80.2306639
251296646,12.9812803,80.2401484
252391738,13.0202554,80.2394905
252391739,13.0195987,80.241534
256029411,13.0102397,80.2098674
256029471,13.0101501,80.2088394
256029482,13.011694,80.2098498
256029493,13.0116145,80.208761
256029528,13.0100517,80.2072562
256029529,13.0128505,80.2078952
256029530,13.0115576,80.2079888
256029531,13.0101186,80.2080607
256029539,13.0116358,80.2104888
256029542,13.0099347,80.2104015
256029543,13.0110754,80.2113048
256029544,13.0146379,80.2113371
256029549,13.0113837,80.2108834
256029755,13.019452,80.2194888
256029763,13.0195325,80.2180866
256029764,13.0196016,80.2176591
256029776,13.0196938,80.2173249
256031614,13.0201181,80.2158837
256035491,13.0195067,80.2244285
256035543,13.0258654,80.2251976
256035544,13.0258714,80.2247167
256035547,13.0255045,80.2267784
256035548,13.0254672,80.2272869
256035553,13.0258026,80.2280321
256035554,13.0255826,80.2273575
256035558,13.0255894,80.2280202
256035561,13.0247164,80.2289552
256035574,13.0187375,80.2301814
256035577,13.0212695,80.228568
256035578,13.0192447,80.2302987
256035580,13.0150158,80.2260049
256035584,13.0120189,80.2215754
256039826,13.0121486,80.2210646
256039827,13.0101861,80.2149099
256039832,13.0107529,80.2153943
256039853,13.0076834,80.2057657
256039892,13.008284,80.2038377
256119277,13.0077142,80.2070545
256124380,13.0077567,80.204415
256124399,13.0075262,80.204086
257430009,13.0050009,80.2484297
257430010,13.0043858,80.2484385
257430011,13.0039005,80.2484525
257430014,12.9996014,80.2494288
257430016,12.9958285,80.2503963
257430019,13.0012436,80.2564557
257430022,12.9969275,80.2558089
257430024,12.9931604,80.2560033
257430025,12.990337,80.2559747
257430036,13.0080965,80.2641297
257430044,13.0020684,80.267948
257430045,13.0003144,80.2667645
257430047,12.9956708,80.2676853
257430048,12.9960066,80.26474
257430049,12.9963276,80.2619228
257430050,12.9966031,80.2593081
257430051,12.9968487,80.256614
257430052,13.0058074,80.2516772
257430053,13.0050258,80.2516663
257430060,13.0042544,80.2516718
257430061,13.0026108,80.2519261
257430062,13.0019371,80.25201
257430063,13.0013222,80.2520206
257430065,12.9986722,80.2514273
257430067,12.9930857,80.252924
257430069,12.9920326,80.2530325
257430077,12.9907655,80.2559738
257430080,12.9968237,80.2548168
257430081,12.9966039,80.2543704
257430090,13.0035774,80.2688769
257430096,13.0027511,80.2720311
257430102,13.0021527,80.2719234
257430107,12.995433,80.2703889
257430108,13.0013081,80.2535263
257430109,13.0010709,80.2572029
257430111,13.0010602,80.2597986
257430115,13.0007847,80.2629123
257430116,13.000668,80.2642905
257430152,13.0038713,80.264224
257430158,12.9988263,80.2622809
257430159,12.9976568,80.2621093
257430160,12.9939562,80.2614789
257430162,12.9920299,80.2628565
257430164,12.9886509,80.2623655
257430165,12.9860383,80.2620046
257430167,12.9935633,80.2631107
257430168,12.9937195,80.261837
257430170,12.9847449,80.2618245
257431350,13.004797,80.2570973
257431351,13.0044401,80.2570846
257432613,12.9988579,80.2688626
257432615,12.9986181,80.2672507
257432616,12.9963409,80.2677641
257432634,12.9960214,80.2705133
257432702,13.0010294,80.2691208
257432704,13.0016482,80.2676875
257432708,13.0031729,80.2704295
257432709,13.000581,80.2690659
257432710,13.0003728,80.2708557
257432711,12.9992009,80.2707227
257432714,12.9987183,80.2700619
257432727,13.0023878,80.2599189
257432729,13.004716,80.2546258
257432730,13.0026092,80.2546197
257432738,13.0024706,80.2566565
257432740,13.0026135,80.2534243
257432741,13.0064802,80.2528666
257432742,13.0042884,80.2531896
257432743,13.0019169,80.2535185
257432745,13.0019705,80.2487869
257432748,12.9994917,80.2520337
257432750,12.9995056,80.256136
257432751,12.9991141,80.2595743
257432752,12.9978786,80.2594461
257432753,12.9980849,80.2577361
257432754,12.9900829,80.2582301
257432757,12.9892024,80.2613441
257432758,12.9861325,80.2609756
257432760,12.9908957,80.2615527
257432761,12.9921145,80.2616367
257432770,12.9814236,80.2573004
257432773,12.9856093,80.2578841
257432774,12.9858806,80.255455
257432778,12.983879,80.2549505
257433290,13.0023556,80.2621953
257433293,13.0017231,80.2575758
257433295,13.001831,80.2598954
257433297,13.0017929,80.2616059
257439198,12.9827366,80.2546692
257439202,12.9823189,80.2544442
257439255,12.9828249,80.2541381
257439272,12.9845314,80.2577404
257439279,12.9835678,80.2548769
257439290,12.9842706,80.2533554
257439302,12.9838272,80.2535111
257439306,12.9837959,80.2538446
257439313,12.9831089,80.2541895
257440271,12.9937387,80.2675303
257440275,12.9923723,80.2673078
257440279,12.9905777,80.2669598
257440286,12.9892826,80.2687814
257440290,12.9927609,80.2629831
257440296,12.9932028,80.2674435
257440304,12.9942665,80.2676149
257440311,12.9942126,80.2632065
257532684,13.0067102,80.2428614
258143348,13.0072092,80.2049444
262680543,13.0186328,80.2584509
262680551,13.0186359,80.2589563
262680559,13.0200975,80.2587917
262680563,13.0208801,80.2588599
262680567,13.0209684,80.2595208
262680574,13.0213039,80.2594675
262680575,13.0212648,80.257927
262680579,13.0211666,80.2579001
262680580,13.0213448,80.2573123
262680653,13.0212463,80.256225
262680675,13.019441,80.2559961
262680734,13.0216485,80.2580746
262680735,13.0217095,80.2593842
262680772,13.0222419,80.2583344
262680776,13.0223998,80.2572816
262680777,13.0233374,80.2576052
262680778,13.0227977,80.2573964
262680779,13.0230633,80.2565563
262680783,13.0219479,80.2536743
262680785,13.0216109,80.2529328
262680786,13.0206631,80.2549403
262680790,13.0211699,80.2550876
262680791,13.0214254,80.2541737
262680792,13.0214065,80.2537005
262680795,13.0217416,80.2552522
262680796,13.0213263,80.2562313
262680797,13.0213463,80.2556594
262680841,13.0236243,80.257629
264030929,13.0224585,80.2768892
264031376,13.0256672,80.2669083
264031581,13.0244657,80.2627709
264031582,13.0226561,80.2622456
264031584,13.0242804,80.262388
264031585,13.0243727,80.2624186
264031587,13.0236093,80.2625364
264031588,13.0241035,80.2608011
264031589,13.0245398,80.2592144
264031593,13.025074,80.2593178
264031594,13.0240362,80.2590516
264031595,13.0235657,80.2588409
264031598,13.0234585,80.2587268
264031599,13.0231034,80.2605087
264031600,13.0231374,80.262395
264031605,13.023621,80.260649
264031650,13.0242848,80.2627203
264031653,13.0249905,80.2610627
264031660,13.0237547,80.2606852
264031671,13.023382,80.2605879
264031706,13.0236868,80.2597151
264031709,13.0238353,80.2596044
264031718,13.0232067,80.2600569
264031726,13.0223078,80.2598134
264031751,13.0209982,80.2600074
264031790,13.020644,80.2595823
264031798,13.0209745,80.2604338
264031802,13.021236,80.2599948
264031848,13.0211422,80.2610365
264031850,13.02087,80.2616611
264031853,13.0210358,80.2610112
264031855,13.0209456,80.2616388
264031857,13.0207688,80.2628465
264031859,13.02018,80.2596719
264031876,13.0196876,80.2607139
264031891,13.0198607,80.2623645
264031896,13.0200615,80.2618897
264031905,13.019822,80.2617955
264031907,13.0199596,80.2612407
264031910,13.0194533,80.261142
264031934,13.0186432,80.2594325
264040103,13.0188027,80.2619541
264040104,13.0177276,80.2618761
264040106,13.0189708,80.2633691
264040107,13.0178306,80.2635711
264040109,13.0173108,80.2638092
264040114,13.0187083,80.2655125
264040182,13.0164163,80.2652626
264040224,13.0232213,80.2659938
264040225,13.0238861,80.2664458
264040247,13.0174296,80.2667476
264040311,13.0189362,80.2675193
264040315,13.0178187,80.270183
264040319,13.0207496,80.2697443
264040349,13.021838,80.268546
264040350,13.0210318,80.2676225
264040352,13.0227767,80.2676912
264040353,13.0213183,80.2666889
264040354,13.0216459,80.2670605
264040355,13.0224697,80.2679707
264040356,13.0221546,80.2682577
264040357,13.0213404,80.2673456
264040358,13.0208506,80.2667812
264040360,13.0228645,80.2694138
264040376,13.0208689,80.2674441
264040379,13.0211779,80.2677912
264040506,13.022357,80.2644602
264040508,13.0221723,80.2648611
264040509,13.0228884,80.2623291
264040510,13.0224554,80.2635126
264040512,13.0232488,80.2646647
264040557,13.0229453,80.264488
264040561,13.0240644,80.2660821
264040568,13.0236291,80.2652704
264040569,13.025525,80.2671146
264040570,13.0247601,80.2665948
264040572,13.0244459,80.2670527
264040573,13.0240365,80.2667403
264040580,13.0242375,80.2638347
264040582,13.0227552,80.2627991
264040676,13.0178921,80.2717716
264040677,13.018536,80.2704239
264040678,13.0191578,80.2706795
264040679,13.0184052,80.2720808
264040682,13.0202027,80.2706341
264040683,13.0195888,80.2701136
264040684,13.0204305,80.2702521
264040685,13.0197568,80.2695536
268789809,13.0062398,80.246856
268789815,13.0066045,80.2436375
268789820,13.0067658,80.2403023
268789822,13.0066442,80.24615
268789823,13.0066507,80.2427147
268790432,13.0073267,80.2380038
269219209,13.0241323,80.2426925
269219211,13.0239337,80.2411929
269219215,13.0231288,80.2400773
269219217,13.0192192,80.23907
269219221,13.0257396,80.2425067
269219223,13.0252745,80.2409789
269219230,13.0255498,80.2428685
269219237,13.0238585,80.2429463
269219240,13.0235895,80.2409682
269219242,13.0230075,80.2403781
269219244,13.0233625,80.2427758
269219245,13.0231276,80.2410666
269219246,13.0225424,80.2411667
269219247,13.0199751,80.2403067
269219248,13.0225447,80.2425111
269219251,13.0226518,80.241839
269219254,13.0206753,80.2411869
269219256,13.0237203,80.2397794
269219257,13.0229241,80.2400512
269219259,13.0230833,80.2395347
269219260,13.0221517,80.2389333
269219261,13.0196788,80.2385412
269219263,13.0200279,80.2380561
269219287,13.0196514,80.2457205
269219288,13.0210661,80.2420211
269219292,13.0209036,80.2452558
269219294,13.020356,80.2429187
269219295,13.0198689,80.2427389
269219299,13.0202228,80.2428493
269219300,13.0204397,80.2418024
269219372,13.0204513,80.2457081
269219374,13.0200487,80.2456652
269219375,13.0199799,80.2452478
269219377,13.0199831,80.2442551
269219379,13.0200224,80.2450083
269219380,13.020481,80.2452596
269219381,13.0213497,80.2452263
269219399,13.0195743,80.2458412
269219417,13.0184372,80.244839
269219420,13.0184324,80.2441004
269219442,13.0183734,80.243435
269219451,13.0181955,80.2427501
269219478,13.0177277,80.2418907
269219483,13.0171028,80.2425751
269219486,13.0168484,80.2431382
269219487,13.0163242,80.2440597
269219489,13.016047,80.2445825
269219499,13.0157395,80.246425
269219500,13.0152894,80.2480322
269219505,13.0179902,80.2433871
269219506,13.0177634,80.2445661
269219511,13.0174879,80.2445168
269219513,13.0174747,80.2432911
269219515,13.0173418,80.2440335
269219516,13.01879,80.2471295
269219550,13.0175542,80.2475497
269219553,13.016922,80.2471917
269219554,13.014354,80.2459987
269219555,13.0163663,80.2475729
269219556,13.0166505,80.2470391
269219558,13.0143014,80.2479261
269219560,13.014359,80.2474642
269219561,13.0143921,80.2468489
269219562,13.0141898,80.2452039
269219568,13.0140582,80.2447023
269219573,13.0155072,80.2445147
269219575,13.0148923,80.2445282
269219600,13.0155534,80.2469055
269219601,13.0171421,80.246724
269219602,13.017584,80.2458207
269219603,13.0161467,80.2461832
269219605,13.0173606,80.2462949
269219606,13.0164713,80.2458203
269219607,13.0167188,80.2454027
269219610,13.0176771,80.245869
269219611,13.018111,80.2449002
269219612,13.0173766,80.2457174
269219613,13.0177723,80.2448259
269219623,13.0170329,80.2455473
269219635,13.0181007,80.2381503
269219636,13.0185747,80.2386469
269219655,13.0189923,80.2467727
269219667,13.0181039,80.2466559
269219671,13.0165153,80.2437778
269219678,13.016058,80.2435864
269219758,13.0115724,80.2451003
269219771,13.010117,80.2478134
269219781,13.0135946,80.2479753
269219787,13.0111919,80.2478997
269219794,13.011512,80.2461224
269219803,13.0143197,80.2459261
269219806,13.0134008,80.2460108
269219824,13.0128969,80.2460584
269219826,13.0123455,80.2461073
269219848,13.0120806,80.2470979
269766793,13.0125999,80.2269708
269766796,13.0126018,80.2276171
269766801,13.013691,80.2311805
269766805,13.0144028,80.2313303
269766824,13.0150642,80.2281345
269766827,13.0129333,80.2310333
269766830,13.0135772,80.227822
269766834,13.0143671,80.227988
269766929,13.0158059,80.227861
269766946,13.0122938,80.2292042
269766956,13.0132614,80.2293969
269766973,13.0140653,80.229557
269766987,13.0147449,80.2296924
269767011,13.013537,80.2325741
269767019,13.0145339,80.2327209
269767027,13.0141959,80.2326646
269767036,13.0130945,80.2325419
269767070,13.0128245,80.2325251
269767075,13.012399,80.2324761
269767090,13.0130746,80.2310571
269767098,13.0133111,80.2311093
269767110,13.0138917,80.2326209
269767116,13.0139785,80.2312338
269767133,13.0150805,80.2315431
269767138,13.0151778,80.2310352
269767181,13.0126344,80.2309731
269767197,13.0167231,80.2280019
269767207,13.0171446,80.22721
269767212,13.0170699,80.2268203
269767231,13.0160587,80.2256714
269767236,13.0156831,80.2257738
269767276,13.0157988,80.2261587
269767353,13.0148912,80.2267941
269767368,13.0144246,80.2262127
269767382,13.0157188,80.228272
269767388,13.0196572,80.2292201
269767389,13.0192934,80.2290627
269767390,13.0194656,80.229138
269767393,13.019066,80.2302233
269767394,13.0188622,80.2301376
269767396,13.018372,80.2299381
269767402,13.0197782,80.2288908
269767403,13.0194147,80.2287455
269767405,13.0198913,80.228572
269767407,13.0195393,80.2284215
269767408,13.0193272,80.2340714
269767409,13.0207675,80.2300461
269767410,13.0199887,80.2297596
269767422,13.0206104,80.2305241
269768005,13.0266853,80.2330185
269768027,13.0256253,80.232792
269768064,13.0268569,80.228708
269768067,13.0261592,80.229489
269768278,13.0287122,80.2346943
277501411,13.0205859,80.2137653
277911182,12.9813431,80.239672
277911188,12.9822483,80.23963
277911189,12.9821099,80.2398133
277911462,12.9835405,80.2313487
277911463,12.9838348,80.2308021
277911465,12.9849696,80.2309875
277911466,12.9855409,80.2308471
277911467,12.9857875,80.2286821
277911468,12.9860201,80.227654
277911472,12.9870692,80.2230567
277911475,12.9881142,80.2203267
277911476,12.9883431,80.2192208
277911477,12.9883073,80.2185055
277911479,12.9884057,80.2176869
277911482,12.9899355,80.2162177
277912040,12.9878045,80.2054838
277912041,12.9847007,80.2049754
277912863,12.9924453,80.2060226
277912866,12.9879339,80.2047748
278613467,13.0198085,80.2245859
278613475,13.0235682,80.2274963
278989902,13.0262942,80.2021239
278990057,13.0145676,80.2012193
278990058,13.0150204,80.199399
278990100,13.0202136,80.2022368
278990103,13.0218408,80.2082915
278990104,13.0250056,80.2090207
278990105,13.0254279,80.2069983
278990629,13.0251451,80.2045432
278990630,13.0252218,80.2036295
278990632,13.0226531,80.2032754
278990634,13.0219907,80.2032674
278990635,13.0206588,80.2034595
278990636,13.0202533,80.2035369
278990638,13.0181219,80.2030144
278990640,13.0172519,80.2019241
278990887,13.0179715,80.2037664
278990888,13.0176611,80.2056407
279610134,12.9827294,80.2618754
279610136,12.9799209,80.2616185
279610139,12.9774363,80.2620094
279610140,12.9740177,80.2633809
280088650,13.0215627,80.2093489
280088651,13.017237,80.2085483
280088653,13.0160317,80.2154695
280089107,13.0269338,80.2255305
280089108,13.0266852,80.2268109
280089630,12.9814112,80.2419069
291018468,12.9869345,80.2136016
291192573,12.9995082,80.2536578
291192621,12.9981867,80.2536237
291192686,12.9972774,80.2517819
291192859,12.9975668,80.2546793
291192861,12.9994935,80.2553193
291193234,12.9981653,80.2552843
291193235,12.9972765,80.2540676
291294776,13.0007593,80.2631665
291295144,13.0004363,80.2642525
291295296,13.0027845,80.2648852
291295329,13.0024697,80.2672149
291295419,13.0018678,80.2668242
291295436,13.0031958,80.2656501
291295494,13.0026217,80.26537
291295940,13.0026861,80.2722686
299382574,12.9863579,80.204218
299382591,12.9861882,80.2052195
299382594,12.9859084,80.2074189
299382713,12.9862536,80.207451
299382716,12.9861993,80.2083328
299382730,12.9860485,80.2134553
299382813,12.9873359,80.2053913
299382923,12.984934,80.2077348
299382925,12.9854653,80.2050952
299383020,12.9855181,80.2074303
299383030,12.9858202,80.2051565
299383040,12.9854249,80.2078212
299383048,12.9855041,80.2098972
299383049,12.9855017,80.2103135
299383101,12.9839602,80.2048945
299383104,12.9838871,80.205774
299383124,12.9837605,80.2070478
299383231,12.9834838,80.2070382
299383238,12.9830658,80.2070151
299383250,12.9829123,80.2103166
299383331,12.9818813,80.2068777
299383745,12.9859081,80.2037934
299383975,12.9854255,80.2037123
299383985,12.9851861,80.2050456
299384037,12.9849092,80.2038549
299384649,12.9835031,80.2048598
299385733,12.9844771,80.2037804
299385739,12.9843539,80.2049417
299385745,12.984276,80.2058157
299385806,12.9873965,80.2104598
299385811,12.9861877,80.2103774
299385830,12.9832378,80.2064929
299385837,12.9819114,80.2063373
299385851,12.9839193,80.2053707
299385934,12.9958586,80.2102819
299386096,12.9914284,80.213877
299386190,12.9892626,80.2146595
299386209,12.9887915,80.2153683
299800433,12.9960382,80.2703676
299800482,13.0002929,80.2652571
299800531,12.9977868,80.2674886
299800637,12.9956493,80.2678276
299800669,13.0029526,80.2712594
299800692,13.0029013,80.2714589
299800783,12.9999947,80.2708119
299800791,13.0001939,80.2690187
299800806,12.9996068,80.2707688
299800822,12.9987975,80.2693882
299800830,12.9993526,80.267066
299801211,12.9971323,80.2693917
299801214,12.9972162,80.2686843
299801222,12.996719,80.2686224
299805210,12.9997897,80.2646347
299805216,12.999181,80.2645649
299805219,12.9991326,80.2651131
299805265,12.9961527,80.2633529
299805278,12.9965144,80.2648013
299805281,12.996759,80.263086
299805288,12.9968606,80.2619864
299805319,12.9977297,80.2621187
299805328,12.9976124,80.2631118
299805339,12.9986428,80.263329
299805348,12.999286,80.2623996
299805350,12.9990774,80.2634183
299805352,12.9995579,80.2632886
299805354,12.9997159,80.2625509
299805374,12.9992072,80.2642972
299805377,13.0012475,80.266185
299805382,13.0020602,80.2646982
299805393,13.0025068,80.2633221
299805457,13.002266,80.2675501
299805480,13.0011101,80.2667956
299805481,13.001305,80.2664595
299805493,13.0028311,80.2633581
299805502,13.0026971,80.2639522
299808129,13.0002373,80.2668722
299877788,12.9775817,80.2104609
299877804,12.9773865,80.2122525
299877805,12.9782455,80.2121558
299877816,12.9771928,80.2104943
299877829,12.9778418,80.2125242
299877858,12.9791936,80.2127891
299877896,12.976905,80.2105243
299877897,12.9777188,80.2104521
299877917,12.9768351,80.2103521
299878024,12.9788956,80.2072713
299878196,12.97835,80.210307
299878227,12.978862,80.2089784
299878252,12.9787681,80.2103069
299878272,12.9792644,80.2089583
299878326,12.9781717,80.2116564
299878327,12.9789436,80.2116257
299878329,12.9786004,80.2138023
299878370,12.9791713,80.2104884
299878391,12.982113,80.210983
299878409,12.9792201,80.2111804
299878550,12.9801897,80.2085845
299878653,12.9826623,80.2165878
299878655,12.9824483,80.2132334
299878685,12.9808884,80.2138631
299878686,12.9809449,80.2146907
299878697,12.9809614,80.2154167
299878738,12.9764425,80.2153619
299878744,12.9788194,80.2150165
299878818,12.9743413,80.2196271
299878821,12.9748205,80.2185518
299878850,12.9741889,80.2185631
299878883,12.9738228,80.2185729
299878915,12.9744638,80.2185705
299878960,12.9718764,80.2170494
299878983,12.972552,80.2171758
299879028,12.9718013,80.2180806
299879030,12.97272,80.2171823
299879097,12.9726714,80.2181858
299879114,12.9731871,80.2181852
299879128,12.9731728,80.2190276
299879154,12.973194,80.2172007
299879174,12.970997,80.217994
299879177,12.9717386,80.219175
299879215,12.9716815,80.2205423
299879241,12.9700973,80.220318
299879259,12.971114,80.2198786
299879272,12.9704653,80.2244578
299879280,12.9717808,80.2199798
299879312,12.9714412,80.2205079
299879508,12.9870544,80.213009
299879549,12.9844852,80.212922
299880309,13.0017156,80.211069
299880374,12.9973492,80.2104953
299880376,12.9981363,80.2090726
299880408,12.9963202,80.2155158
299880454,12.9951235,80.2102166
299880477,12.9929006,80.208776
299880479,12.9960608,80.2087899
299880497,12.9937412,80.2088474
299880505,12.9963669,80.2074862
299880546,12.9968018,80.2075807
299880547,12.9935527,80.2068043
299880562,12.9965635,80.2090681
299880589,12.999357,80.2107792
299880590,12.9994245,80.2099131
299880823,12.9839509,80.2086941
299880831,12.9843653,80.2086685
299880833,12.9847126,80.2064893
299880835,12.9842325,80.2064368
299880839,12.9840265,80.2079165
299880845,12.9814073,80.2077325
299880851,12.9794747,80.2135356
299880853,12.9794987,80.2143804
299880855,12.9796167,80.2174796
299880900,12.9791439,80.2143845
299880913,12.9798739,80.2134958
299881054,12.9818408,80.2159843
299881056,12.9816848,80.2138483
299881747,12.9827525,80.20644
299881748,12.9828782,80.2047995
299881750,12.984469,80.2076556
299881772,12.9824436,80.2103144
299881867,12.9837709,80.2103069
299881932,12.9822399,80.2159642
299881935,12.9817255,80.2138456
299881938,12.9809486,80.2145667
299881944,12.9802379,80.2144188
299881945,12.9799251,80.2153232
299882980,12.9844982,80.2131015
299883186,12.9736468,80.2164206
299883187,12.9737726,80.2136613
299883188,12.9736528,80.213639
299883205,12.9742839,80.2137557
299883210,12.9726837,80.2150515
299883297,12.9844609,80.21784
299883303,12.982295,80.2166103
299883305,12.9831247,80.2171571
299883308,12.9817226,80.2166428
299883310,12.9825931,80.2159299
299883311,12.9816467,80.2130956
299883320,12.9810784,80.2210148
299883324,12.9817464,80.2199103
299883329,12.9814744,80.2180551
299883330,12.9814509,80.2179509
299883577,12.9820912,80.2138286
299883586,12.9823292,80.2121849
299883587,12.9843757,80.2165411
299883594,12.9832734,80.2135758
299883595,12.9836701,80.2135611
299883685,12.9795652,80.2161314
299883712,12.9795877,80.2168711
299883714,12.9800098,80.2180855
299883719,12.9793026,80.2161475
299883744,12.9785614,80.2154725
299883747,12.976495,80.2162531
299883757,12.9774084,80.2155765
299883758,12.9773199,80.2143049
299883765,12.9742645,80.2151155
299883766,12.9764706,80.2152203
299883775,12.9748185,80.2151671
299883817,12.9756844,80.2163132
299883820,12.9760836,80.2163033
299883833,12.9782504,80.2168862
299883862,12.9747602,80.2164319
299883876,12.9701452,80.2160021
299883878,12.9742305,80.2164666
299883901,12.9753747,80.2151757
299883943,12.9757663,80.2171068
299883945,12.9752845,80.2171592
299883951,12.9764353,80.2186582
299883968,12.9724665,80.2136303
299883969,12.972383,80.2148331
299883970,12.9721079,80.2163499
299883981,12.9720386,80.2135734
299883984,12.9715826,80.216274
299883986,12.9709047,80.2149071
299883987,12.9702883,80.2180807
299883993,12.9714307,80.2170241
299883994,12.9718177,80.2150784
299883996,12.9719676,80.2170731
299883997,12.9735563,80.2181664
299884000,12.9735621,80.216417
299886460,12.985382,80.2083647
299886559,12.9866965,80.2090648
299886615,12.9866996,80.2085807
299886616,12.9866637,80.2074908
299886837,12.9870417,80.2100072
300159065,12.9889256,80.2059355
300159070,12.9922463,80.2068868
300159185,12.9888864,80.2062417
300159188,12.9910965,80.2064299
300159298,12.9913918,80.2071813
300159299,12.9905854,80.2070199
300159433,12.9901144,80.2085196
300159434,12.9908885,80.2087581
300159440,12.9887336,80.2075392
300159443,12.9903564,80.2077657
300159445,12.9911305,80.2079999
300159498,12.9891936,80.2088438
300159499,12.9899368,80.2065232
300159512,12.9899906,80.2089173
300159513,12.990765,80.2091452
300159528,12.9902556,80.2056163
300159529,12.992355,80.2064577
300159530,12.9915437,80.20711
300159552,12.9912983,80.2097322
300159692,12.9929202,80.2098346
300159695,12.9926629,80.2099963
300159762,12.9928966,80.2100373
300159763,12.993274,80.2081326
300159776,12.9961821,80.2082887
300159788,12.9939858,80.2082934
300159789,12.9942489,80.2069977
300159802,12.994536,80.2083084
300159803,12.9947933,80.2071232
300159816,12.9951308,80.2082962
300159817,12.9953532,80.2072445
300159827,12.9935099,80.2081818
300159828,12.9937836,80.2068605
300159865,12.9937688,80.2093666
300159867,12.9936749,80.2101089
300159879,12.9939546,80.2101144
300159880,12.9940506,80.209387
300159906,12.9942126,80.2101385
300159908,12.9943105,80.2093627
300159970,12.9952379,80.20906
300159971,12.9952611,80.2087778
300159993,12.9931236,80.2122814
300159994,12.9950199,80.2127498
300159995,12.9955767,80.2102548
300160040,12.9943121,80.2125894
300160041,12.9947121,80.2101767
300160265,12.9943549,80.2101563
300160268,12.9939875,80.2119324
300160351,12.9923752,80.2103552
300162586,12.9913653,80.2126459
300162588,12.9909597,80.2142425
300163876,12.9895556,80.2134067
300163925,12.9898633,80.212227
300163926,12.9929217,80.2130511
300163974,12.9920149,80.2102581
300163975,12.99353,80.2106634
300163992,12.9932223,80.2118333
300163994,12.993432,80.2110219
300164008,12.9918454,80.2123428
300164009,12.9930198,80.2126661
300164025,12.9909922,80.2125424
300164051,12.9910514,80.2143012
300164085,12.9944135,80.2147579
300164086,12.9952419,80.2151942
300164133,12.9933334,80.2148989
300164134,12.99371,80.2142195
300164147,12.9932164,80.2144657
300164148,12.9928688,80.2150677
300164157,12.9927069,80.215
300164209,12.9908923,80.2146792
300164212,12.992522,80.2153606
300164285,12.990738,80.2150504
300164286,12.9923886,80.2156035
300164298,12.990616,80.2153693
300164300,12.9922033,80.2159297
300164803,12.9935675,80.2140993
300164805,12.9940477,80.2125247
300164813,12.994413,80.2126126
300164815,12.9963652,80.2103403
300164818,12.9963165,80.2122156
300164819,12.9954632,80.2120325
300164824,12.9930269,80.2082193
300164825,12.992201,80.2080018
300164827,12.9931037,80.2078664
300164833,12.9920898,80.2072338
300164837,12.9902409,80.2095183
300164874,12.9818026,80.2086469
300164881,12.9818813,80.2077601
300164882,12.9830097,80.2078659
300164884,12.9814203,80.2067114
300164885,12.9813933,80.208416
300164886,12.9796947,80.2089585
300164887,12.979753,80.2074433
300164902,12.9800789,80.2101598
300164903,12.9802622,80.2075431
300165032,12.9779863,80.2090154
300165044,12.9779493,80.2102878
300165074,12.9846927,80.2059179
300165075,12.9848504,80.2049986
300165083,12.9834228,80.2076936
300165085,12.9826033,80.20697
300165086,12.9821266,80.2077758
300165087,12.9821505,80.2069192
300165088,12.9825532,80.2078282
300165125,12.9865039,80.2129803
300165126,12.9866121,80.2117347
300165127,12.9861148,80.2117099
300165129,12.9851812,80.2129224
300165130,12.9857053,80.2103282
300165131,12.9856616,80.2129323
300165163,12.9849115,80.2140966
300165164,12.9848925,80.2129209
300165169,12.9852962,80.2140108
300165170,12.9852878,80.2129313
300165175,12.985754,80.2129368
300165208,12.9847108,80.2145
300165209,12.9856943,80.2165459
300165214,12.9864337,80.2148605
300165215,12.9863751,80.2158843
300165220,12.9852819,80.2163977
300165221,12.9850354,80.2170898
300165222,12.9844131,80.2171231
300165225,12.9855331,80.2164802
300165244,12.9807036,80.2086128
300165255,12.982992,80.2048073
300165584,12.9820078,80.2052131
300184939,12.9813097,80.2118718
300184940,12.982194,80.2117868
300184974,12.980646,80.216766
300184976,12.9806523,80.215973
300184997,12.9803167,80.2159884
300184998,12.9809778,80.2159569
300185214,12.9736589,80.2130977
300185261,12.9733623,80.2136341
300185264,12.9731675,80.2164253
300185298,12.9728784,80.2136648
300185300,12.9728131,80.2150472
300185429,12.970532,80.2168147
300185526,12.9711012,80.2137377
300185825,12.97507,80.2115839
300185826,12.9750225,80.2110771
300185906,12.9741865,80.2126355
300185907,12.9741521,80.2116509
300185958,12.9741776,80.2121054
300185991,12.9737212,80.2126642
300186083,12.9749921,80.2119594
300186084,12.9750123,80.2126029
300186101,12.9745731,80.2116384
300186102,12.9746042,80.2126071
300186162,12.9773366,80.2118465
300188445,12.9843071,80.211669
300188503,12.9846804,80.2116644
300188504,12.9846867,80.2103783
300188534,12.98523,80.2116851
300190250,12.9901136,80.2065549
300190607,12.9912384,80.2060093
300191336,12.9932003,80.2074367
300191514,12.9922894,80.2075981
300192045,12.9910872,80.2121689
300192309,12.9899628,80.2118526
300192387,12.9908995,80.2128799
300192508,12.9893444,80.2142763
300192713,12.9928469,80.2133581
300192714,12.99166,80.2130418
300192883,12.9928019,80.2135574
300193025,12.9938948,80.2143408
300193133,12.9941516,80.214544
300193313,12.9962184,80.2125946
300193459,12.9966086,80.2093812
300193460,12.9977376,80.2095249
300193494,12.9965118,80.2098322
300193495,12.9975764,80.2099779
300193588,13.0018842,80.2102009
300193589,13.0035509,80.2103051
300193620,13.0019392,80.2092644
300193662,12.999463,80.2097179
300193664,13.0015095,80.2097013
300193665,13.0019109,80.2097586
300193749,13.0025291,80.2102603
300193751,13.0036183,80.210913
300193852,13.0032223,80.2095677
300193853,13.0031983,80.2102886
300194151,12.9890682,80.2092987
300194175,12.9886751,80.2082945
300195622,12.9886651,80.2223986
300195623,12.9878444,80.2230558
300195626,12.9854614,80.2233142
300195629,12.9825674,80.2218538
300195704,13.0015861,80.2185305
300195705,12.9989929,80.2169121
300196199,12.9825829,80.2252797
300301437,12.9875332,80.2038903
300301596,12.9866697,80.2041405
300303099,12.9840943,80.2037144
300303930,12.9856578,80.206003
300303931,12.98529,80.2059396
300304088,12.9844213,80.2079238
300304089,12.9840319,80.2078765
300304144,12.9829468,80.2091017
300304304,12.982918,80.2094654
300304363,12.9829019,80.213227
300304364,12.9827716,80.2103144
300304457,12.9837631,80.2098436
300304469,12.9833146,80.2094282
300304470,12.9833185,80.209824
300304565,12.9830757,80.2108896
300304760,12.983173,80.2123318
300304761,12.9828626,80.212344
300304832,12.9846807,80.2112893
300305184,12.9852584,80.2103678
300305238,12.9846842,80.2108876
300305467,12.9839422,80.2125179
300305468,12.983839,80.2116992
300305671,12.9825494,80.2082557
300305672,12.9818495,80.20823
300305742,12.9815502,80.2086588
300305744,12.9811459,80.208618
300306124,12.9860819,80.2150406
300306125,12.986435,80.2150772
300306134,12.9861533,80.21429
300306146,12.9861673,80.2140671
300306147,12.9861108,80.2145818
300306222,12.9861523,80.2141611
300310320,12.9891078,80.2201129
300311629,12.9832338,80.2236363
300311630,12.9807753,80.2237221
300311633,12.9832676,80.2260831
300311668,12.9795375,80.2247155
300311870,12.9801331,80.2237599
300311871,12.9794855,80.2235009
300311903,12.9814483,80.2253304
300311905,12.9805958,80.2263477
300311922,12.9807423,80.2273698
300311923,12.9808293,80.2263395
300312040,12.9848093,80.2276476
300312041,12.9830321,80.2275865
300312067,12.9828422,80.2296084
300312074,12.9825986,80.2280823
300312361,12.9816213,80.2293438
300312362,12.9817959,80.2274616
300312480,12.9811883,80.2269654
300312481,12.983807,80.2271657
300312548,12.9812397,80.2263311
300312549,12.9811665,80.2274094
300312594,12.9837782,80.227646
300312631,12.9822199,80.2274885
300312632,12.9820333,80.229426
300312651,12.9841916,80.2261285
300312653,12.9836858,80.2247435
300312654,12.9837862,80.2260739
300312748,12.9828566,80.2252746
300312750,12.9827431,80.2270877
300312752,12.9822604,80.2270405
300312789,12.9865442,80.2245841
300312835,12.9858568,80.2204377
300312836,12.9864574,80.218147
300312864,12.9848498,80.221753
300312948,12.9850434,80.2194567
300312949,12.9856167,80.2194255
300313002,12.986027,80.2198959
300313018,12.9885531,80.2200337
300313019,12.9890468,80.2187315
300313031,12.989678,80.2174893
300313188,12.9868222,80.2211815
300313356,12.9832611,80.2186392
300313503,12.9825196,80.2194002
300313504,12.9825879,80.2186299
300313515,12.9822402,80.2217186
300313516,12.9822755,80.2193862
300313916,12.9747411,80.2234069
300313917,12.9748448,80.2250848
300376603,12.9768397,80.2100803
300376604,12.9771535,80.2100771
300455463,12.9792234,80.2303171
300455464,12.9775665,80.2304767
300455566,12.9790054,80.2331205
300455567,12.9790045,80.2323412
300457896,12.9956567,80.2423543
300463578,12.9813169,80.2116234
300463580,12.9813117,80.2110351
300463595,12.9811603,80.213859
300463598,12.9828735,80.2146381
300463599,12.9833112,80.2146252
300463603,12.9840659,80.2147309
300463604,12.9836906,80.214737
300463611,12.9836872,80.2144203
300463612,12.9855512,80.2156002
300463790,12.9836808,80.2219798
300463817,12.9825341,80.2229787
300463822,12.9818215,80.2230327
300463823,12.9818565,80.2236826
300463827,12.9825239,80.2222234
300463828,12.9819413,80.2222305
300463832,12.9813456,80.2237031
300463846,12.9837669,80.225778
300463847,12.9832603,80.2257954
300463861,12.9832438,80.2242769
300463862,12.9847953,80.2242405
300463949,12.9860477,80.2235811
300463970,12.9866607,80.2143368
300464005,12.9799106,80.2111118
300464009,12.9801133,80.2144181
300464018,12.9799808,80.2172583
300464019,12.9805016,80.2172914
300464020,12.9803032,80.2172795
300464022,12.9804638,80.2146961
300464024,12.9801914,80.2152311
300464027,12.9777794,80.2168982
300464063,12.9781009,80.2151511
300464064,12.9779777,80.2142511
300464072,12.9777082,80.2142734
300464073,12.9777648,80.215227
300464088,12.9769447,80.2181769
300464089,12.9768606,80.2170141
300464332,12.9757918,80.2142256
300464334,12.9756818,80.2151733
300464378,12.9747523,80.2134296
300464381,12.9746784,80.2151598
300464383,12.9747442,80.2137757
300464393,12.9742309,80.2116467
300464446,12.9826892,80.2202632
300464447,12.9832257,80.2203007
300464448,12.9796446,80.2192542
300464449,12.9802212,80.2191164
300464465,12.9798253,80.2186458
300464466,12.9799592,80.2191856
300464556,12.9769811,80.224884
300464559,12.9741975,80.2250748
300464560,12.9739831,80.2234836
300464562,12.9745014,80.2250735
300464568,12.9743328,80.2272402
300464569,12.9753175,80.2271485
300464570,12.9752532,80.2259433
300464572,12.9728871,80.2260329
300464592,12.974331,80.2281127
300464593,12.9751048,80.2280324
300464594,12.9763861,80.2278161
300464595,12.9769046,80.227689
300464596,12.9768112,80.2263206
300464597,12.9784054,80.2262241
300464612,12.9745193,80.2290345
300464635,12.974742,80.2287401
300464637,12.9746813,80.2280893
300464668,12.9761746,80.2295901
300464670,12.9758988,80.2279348
300464673,12.9765853,80.2295386
300464686,12.9784282,80.2277059
300464731,12.9780251,80.2288632
300464732,12.9780531,80.2276855
300464736,12.97766,80.2288688
300464737,12.9776122,80.2276716
300464739,12.9772264,80.2288698
300464740,12.9772017,80.2276763
300464744,12.9768667,80.2286863
300464745,12.9767825,80.2277173
300464753,12.9762448,80.2278407
300464755,12.9764195,80.2270653
300464756,12.9765721,80.2277605
300464841,12.9754982,80.227992
300464860,12.9769835,80.2256989
300464861,12.9769877,80.225087
300464877,12.97678,80.2239906
300464878,12.9765222,80.2242988
300464879,12.9765924,80.2249048
300464896,12.9758302,80.2242662
300464897,12.9758494,80.2250034
300464902,12.9751483,80.2246149
300464903,12.9758328,80.2245356
300464907,12.9756121,80.2242315
300464911,12.9751811,80.2238373
300464915,12.9775699,80.2249786
300464917,12.9756724,80.2156541
300464924,12.9752769,80.216449
300469152,12.9868615,80.2053283
301299607,12.981496,80.2666443
301299617,12.9836859,80.2671256
301299618,12.9839781,80.2661023
301299619,12.9841612,80.2656624
301299640,12.9845185,80.2642443
301299641,12.9826133,80.2638641
301299648,12.9785327,80.2635434
301299657,12.9813611,80.2617694
301299658,12.9828731,80.2617658
301299659,12.9830532,80.2593721
301299672,12.9771094,80.2659081
301299673,12.9777235,80.2591108
301299682,12.97598,80.2625107
301299695,12.9742668,80.2606687
301299702,12.9751518,80.2604956
301299703,12.9755857,80.2587749
301299740,12.9740394,80.2630576
301299919,13.0123873,80.2270457
301299929,13.0122561,80.2262427
301299956,13.0125773,80.2239106
301299964,13.0130316,80.22302
301299965,13.0121174,80.2232839
301299966,13.0128505,80.2235051
301300005,13.0142668,80.2217571
301300008,13.0127667,80.2217111
301300024,13.0182984,80.2171221
301300026,13.0196357,80.2175492
301300027,13.0181781,80.2174398
301300044,13.0183366,80.2166393
301300045,13.0197639,80.2170801
301300685,13.020342,80.2249657
303453608,12.9829504,80.2367471
303453609,12.9826221,80.2382032
303453635,12.9827794,80.241222
303453636,12.983368,80.2399389
303453640,12.9821368,80.2431909
303453653,12.9834152,80.2427193
303453656,12.9848756,80.2407338
303453672,12.9848803,80.2411548
303453673,12.9848101,80.2402229
303453681,12.9833652,80.2381743
303453682,12.9833858,80.2375253
303453689,12.9828095,80.2393129
303453692,12.9839476,80.2395878
303453693,12.9842771,80.2401764
303453706,12.9800839,80.2408352
303453707,12.979918,80.242783
303453709,12.978947,80.2426638
303453710,12.9813057,80.2429157
303453735,12.9792323,80.2407441
303453736,12.9813062,80.2409781
303453739,12.9800819,80.2392583
303453740,12.9803055,80.2380863
303453754,12.9794003,80.2398845
303453770,12.9792591,80.2401589
303453771,12.9812866,80.2404333
303453788,12.9794312,80.2404509
303453790,12.9812897,80.2407077
303453797,12.979515,80.2395919
303453799,12.9812607,80.239484
303453811,12.9800023,80.2421597
303453812,12.9812999,80.2423558
303453815,12.9804836,80.2419262
303453818,12.9790624,80.2432104
303511137,13.0264002,80.2328905
303511149,13.0278957,80.2355115
303511150,13.0264963,80.2330731
303511274,13.0245613,80.2290969
304283815,13.0274979,80.225658
304283883,13.0272801,80.2268583
308198209,13.0160829,80.2253448
308313473,13.0127638,80.2039554
308313485,13.0137243,80.2043941
308313653,13.0127185,80.2040544
308313664,13.0157784,80.2051729
308313676,13.0176509,80.205848
308313811,13.021629,80.2064889
308313819,13.0221893,80.206506
308313837,13.0253901,80.2070857
309812111,13.0037947,80.2115039
309812112,13.0037404,80.2112851
309812134,13.0036349,80.2102252
309812154,13.0035057,80.2094718
310100036,13.0038536,80.2429108
310102871,13.0054217,80.2473795
310102882,12.9878116,80.2514435
310102919,13.0011509,80.2435382
310102929,13.0026643,80.2437506
310102966,13.0043769,80.2430146
310501561,13.0183207,80.2609771
310501715,13.0187731,80.2617081
310503287,13.0189973,80.2629394
310503318,13.018911,80.2629344
310504041,13.019,80.2674592
310504050,13.022514,80.276778
310504062,13.0215542,80.2705426
310504063,13.0207122,80.2695713
310504165,13.0175017,80.2710302
310504166,13.0163602,80.271225
310535739,13.0027421,80.2567813
310535740,13.0012315,80.256538
310535741,12.9994968,80.256228
310535742,12.9969294,80.2559195
310535820,12.9903428,80.2560674
310535823,12.9898313,80.2602133
310535824,12.989181,80.26006
310535825,12.9871225,80.259824
310535870,12.9879188,80.2514186
310535900,12.9880639,80.2522793
310535907,12.9873991,80.259424
310535914,12.9862987,80.2597872
310535938,12.9830439,80.2594644
310535939,12.984174,80.2576927
310535940,12.9839318,80.2594369
310535941,12.9834363,80.2560127
310535942,12.9858022,80.2563379
310535955,12.9876779,80.255071
310535958,12.9867404,80.2548123
310535962,12.9871759,80.254928
310535964,12.9874747,80.2572341
310535965,12.9857291,80.2570313
310535966,12.9901158,80.2580634
310535967,12.9949579,80.2586894
310535968,12.9949957,80.2583901
310535969,12.9966817,80.2585831
310535971,12.9950199,80.2571822
310535972,12.9950954,80.2559439
310580314,13.0078034,80.2629871
310580344,13.0072441,80.2606322
310580355,13.0041555,80.2606583
310580366,13.0023737,80.2604238
310580380,13.0023555,80.2616323
312024634,13.0060239,80.2573594
312024661,13.0060449,80.2552196
312024663,13.0054211,80.2572371
312024758,13.0054389,80.2551388
312024765,13.0037278,80.2546365
312024790,13.0036337,80.2559255
312024792,13.0036601,80.2517451
312024804,13.0036814,80.2532835
312024810,13.0042819,80.2546221
312024915,13.0050737,80.2530765
312024925,13.0056448,80.2529821
312024930,13.0056572,80.2546673
312024938,13.0053647,80.2530157
312024952,13.006541,80.2522127
312024954,13.0053436,80.2527375
312024958,13.00315,80.2546272
312024966,13.0031539,80.251826
312024971,13.0031289,80.2533593
312025026,13.0002115,80.256279
312025027,13.0002953,80.2535361
312025031,13.000301,80.2520192
312025034,13.0008314,80.251583
312025037,13.0007987,80.2553614
312025051,13.0008319,80.2535333
312025053,13.0008314,80.2520353
312025126,13.0021938,80.2534797
312025128,13.0021591,80.254619
312025130,13.0020349,80.2556566
312025131,13.0001857,80.2553081
312025154,12.9957215,80.2522076
312025158,12.9959253,80.2527236
312025161,12.9974248,80.2523341
312025190,12.9989336,80.2536406
312025196,12.9987434,80.2521655
312025199,12.9990839,80.2516736
312025200,12.9980888,80.2521507
312025286,12.9989387,80.2529232
312025287,12.9977622,80.2522382
312025290,12.9989314,80.2532839
312025305,12.9971552,80.2539
312025307,12.9967077,80.2525353
312025310,12.9972532,80.2531675
312025318,12.9970421,80.2524449
312025389,12.9975903,80.2552523
312031412,13.0066774,80.2516521
312031437,13.0057497,80.2484298
312031440,13.0044548,80.2502904
312031446,13.0034608,80.2484974
312031461,13.0038007,80.2512915
312031463,13.0042459,80.2512381
312031481,13.0028552,80.2514272
312031485,13.0028159,80.2509849
312031489,13.0031582,80.251397
312031492,13.0024227,80.2510542
312031493,13.0024488,80.2514698
312031567,13.0025095,80.249083
313138576,12.9746058,80.2630913
313138619,12.9743523,80.2642872
313138621,12.9749796,80.2639766
313138687,12.9750321,80.2609329
313138689,12.9754153,80.2627202
313138837,12.9756412,80.266588
313138839,12.9773448,80.26594
313138965,12.9783241,80.2660515
313138966,12.9785773,80.2631165
313138971,12.976858,80.2668013
313138978,12.9769052,80.2658862
313139002,12.9781212,80.2667636
313139079,12.9747875,80.2664086
313139410,12.9742511,80.2608629
313139412,12.9747077,80.2608975
313139421,12.9752879,80.2623895
313139427,12.9746468,80.2615081
313139428,12.9749682,80.2625186
313444563,12.9962478,80.2103276
313444565,12.9954505,80.2102433
313444567,12.9955333,80.2087885
313444568,12.9962703,80.2098956
313444569,12.9958173,80.2098605
313444644,13.0099519,80.2154059
313774845,13.0013306,80.2507325
313774848,13.0014202,80.2496347
313774856,13.0011145,80.2494192
313774859,13.0004115,80.2520225
313774862,13.0000529,80.2513504
313774864,13.000064,80.2520046
313774866,13.000063,80.2508435
313774868,12.9988564,80.2509267
313774873,13.0005975,80.2491682
313774877,12.9996409,80.2508736
313774880,12.9996601,80.2514965
313774882,12.9986496,80.2500428
313774884,12.9982648,80.2497723
313774887,12.9983319,80.2501146
313774888,12.9996108,80.2498069
313774890,12.9987279,80.2503702
313774891,12.9996252,80.2501333
313774893,12.9983722,80.2502947
313774895,12.9969686,80.2506792
313774896,12.996825,80.2501697
313774897,12.9967641,80.2519214
313774898,12.9963386,80.2502803
313774900,12.996252,80.2520605
313774920,13.008109,80.2641934
313774928,13.0093318,80.2630101
313774931,13.0093509,80.2614169
313774935,13.0101809,80.2604678
313774936,13.0101893,80.2592507
313774937,13.0086377,80.2594768
313774940,13.0084694,80.2604923
313774943,13.0093967,80.2604673
313774977,13.008121,80.2594776
313774979,13.0081026,80.2644335
313774983,13.0094958,80.264547
313775023,13.0089976,80.2635993
313775024,13.0095075,80.2636984
313775096,13.0050826,80.2572522
313775100,13.0052212,80.2578045
313775110,13.0042262,80.2588266
313775114,13.0038384,80.2587785
313775119,13.0041757,80.2599921
313775124,13.0036652,80.2599942
313775197,13.0026623,80.2574074
313775201,13.0031936,80.2594356
313775203,13.0025916,80.2594289
313775205,13.0028792,80.2594291
313775206,13.0028767,80.2598953
313775209,13.002603,80.2589125
313775214,13.0026772,80.2572576
313775219,13.0016794,80.2571465
313775229,13.0026337,80.2576992
313775231,13.0031935,80.259478
313775234,13.0035027,80.2598279
313775238,13.0013225,80.2630524
313775239,13.001459,80.2624572
313775241,13.0023352,80.2633018
313775242,13.0023412,80.2625471
313775244,13.00804,80.2638866
313775245,13.0073882,80.2637778
313775246,13.0076341,80.2638178
313775247,13.0074152,80.2629282
313775250,13.0073837,80.2613293
313775253,13.006,80.2626149
313775254,13.0064853,80.2613448
313775255,13.0064957,80.2627336
313775258,13.0069397,80.2613345
313775261,13.0069552,80.2628317
313775265,13.0055844,80.2625267
313775277,13.005146,80.2624261
313775282,13.0047336,80.2623224
313775288,13.0044551,80.2606758
313775291,13.0044563,80.2610211
313775293,13.0051234,80.2604
313775295,13.0051316,80.2609576
313775296,13.0051234,80.2606602
313775298,13.0043383,80.2622132
313775310,13.0030587,80.2621829
313775323,13.0036373,80.2621728
313775327,13.0036206,80.2629164
313775332,13.0029427,80.2633734
313783486,12.9993248,80.2578988
313783487,13.0010463,80.2581344
313783492,12.997321,80.2593758
313783493,12.9983354,80.2594912
313783495,12.9985234,80.257795
313783498,12.9987891,80.2595391
313783504,12.9990024,80.2578593
313783505,12.9986795,80.257816
313783508,12.9992021,80.2570726
313783509,12.9993093,80.2561902
313783510,12.9992208,80.2569147
313783511,12.9991257,80.2578775
313783512,13.0002509,80.257053
313783513,12.9991691,80.2574356
313783519,13.000373,80.2580476
313783531,13.0006371,80.2580885
313783532,13.0004099,80.2597173
313783533,12.9997442,80.2596369
313783534,12.9999599,80.2579888
313783540,13.0000709,80.2596777
313783541,12.9994015,80.2596003
313783542,12.9996424,80.2579454
313783543,12.9998383,80.2588168
313783544,12.9992156,80.2587262
313783545,12.999516,80.2587698
313783546,13.000993,80.2610038
313783547,12.9989849,80.2607743
313783548,12.9977652,80.2606718
313783549,12.9984262,80.2600669
313783551,12.9983677,80.2607133
313783561,13.0002864,80.2609207
313783564,12.9995711,80.260838
313783569,12.9977188,80.2611921
313783570,12.9964254,80.2610535
313783571,12.9978166,80.260061
313783572,12.9971193,80.2600022
313783573,12.9972227,80.2600098
313783575,12.9971084,80.2611258
313785309,12.9979463,80.2503968
313785316,12.9975898,80.2511685
313785320,12.9977194,80.2516618
313785322,12.9974318,80.2505523
313785362,12.9951754,80.2523482
313785372,12.9947132,80.2506206
313786539,12.9957863,80.261862
313786542,12.9954138,80.2618091
313786544,12.9952185,80.2627403
313786545,12.9963922,80.2613285
313786550,12.9956763,80.2592593
313786552,12.99574,80.2584729
313786553,12.9958419,80.255927
313786555,12.995809,80.2576251
313786557,12.9967732,80.2577151
313786560,12.9953467,80.2559377
313786561,12.9966006,80.259352
313786563,12.9967175,80.2582495
313786566,12.9957683,80.2581426
313857687,12.9725623,80.2163977
313857689,12.9726539,80.2164019
313857690,12.9730212,80.2164186
313857691,12.9730033,80.2171933
313857696,12.9718357,80.2176075
313857697,12.9710802,80.2175333
313857698,12.9713557,80.2180343
313857699,12.9713,80.2187139
313857700,12.9738405,80.2190119
313857702,12.9755981,80.2201188
313857704,12.9751394,80.2199569
313857707,12.9753251,80.2192021
313857708,12.9722985,80.2171098
313857709,12.9722677,80.2181057
313857710,12.9732116,80.2150547
313857711,12.9741773,80.2171697
319489298,12.9901572,80.2553068
319489305,12.9895944,80.2546116
319489310,12.9894289,80.2544019
319489367,12.988955,80.2533215
319489368,12.9890151,80.2521673
319489369,12.990229,80.2539495
319489372,12.9908911,80.2529508
319489388,12.9911725,80.2515548
319489402,12.9907256,80.2527687
319489403,12.9912758,80.253377
319489405,12.9941299,80.2518417
319489407,12.9943125,80.2525731
319489408,12.990986,80.2526998
319489411,12.9907152,80.252056
319489421,12.9894279,80.2536182
319489449,12.9902008,80.2543758
319489458,12.9907986,80.2551681
319489459,12.9931578,80.2552436
319489461,12.9937692,80.2533163
319489462,12.9917703,80.2551843
319489465,12.9920025,80.2541801
319489468,12.99312,80.2539534
319489471,12.9930997,80.2534729
319489473,12.9948111,80.2543637
319489474,12.99312,80.2543853
319489475,12.9938002,80.2543853
319489477,12.995446,80.2542747
319489480,12.9948003,80.253624
319489481,12.9943185,80.2543583
319489482,12.994311,80.253129
319489486,12.9964049,80.2558498
319489516,12.9881896,80.2558412
319489523,12.9883642,80.2544886
319489524,12.9878662,80.2544302
319489535,12.9827397,80.2526657
319490079,12.988803,80.2540705
319490080,12.9884618,80.2533706
319490084,12.9879624,80.2533383
319490085,12.9842449,80.2550475
319490086,12.984628,80.2543048
319490089,12.9859414,80.2549162
319490094,12.9857316,80.2533705
319490096,12.985712,80.2537153
319490097,12.9851763,80.2537959
319490098,12.9851628,80.2541088
319490099,12.9856787,80.2542292
319490100,12.9856958,80.2539662
319490101,12.9859909,80.2539836
319490833,12.9916222,80.2514507
319490835,12.9918844,80.25244
319490838,12.992755,80.2529397
319490848,12.9924015,80.2512582
319493743,12.9942415,80.2559971
319493750,12.9946182,80.2571618
319493751,12.9945673,80.2579078
319493752,12.9950365,80.2579735
319493755,12.9934013,80.2612542
319493757,12.992153,80.261103
319493758,12.9923948,80.258389
319493760,12.9934004,80.2585226
319493761,12.9931776,80.2597565
319493763,12.9932263,80.2606303
319493765,12.9929338,80.2601186
319493767,12.9928881,80.2584408
319493768,12.9918014,80.2583102
319493769,12.9914973,80.2605139
319493770,12.9914085,80.2615878
319493771,12.9917472,80.2616094
319493772,12.991888,80.2607575
319493779,12.9913127,80.2615835
319493780,12.9912029,80.2627361
319493783,12.9916896,80.2628006
319493784,12.9922283,80.2616438
319493811,12.9904541,80.2615116
319493819,12.9905658,80.260786
319493827,12.9896294,80.2605303
319493828,12.9902427,80.2603244
319493829,12.9906995,80.2615382
319493831,12.9911849,80.2607435
319493832,12.9917237,80.2587927
319493840,12.9913207,80.2587436
319493841,12.991076,80.2604556
319493845,12.9907866,80.2627092
319493846,12.9908077,80.2607605
319493853,12.9916377,80.2578522
319493854,12.9915992,80.2582833
319493856,12.991329,80.2578292
319493857,12.9914656,80.2570625
319493858,12.9914165,80.2578365
319493860,12.9909231,80.2577357
319494419,12.9899647,80.2598904
319494422,12.988972,80.2600346
319494424,12.9883553,80.2599756
319494425,12.9885127,80.2584239
319494426,12.9885554,80.2599931
319494428,12.9889031,80.2598377
319494430,12.9888277,80.2565488
319494431,12.9893162,80.2566009
319494432,12.9876354,80.2564266
319494433,12.9882827,80.2565038
319494435,12.9874908,80.2580721
319494436,12.9881247,80.2581323
319494439,12.9902171,80.2574259
319494440,12.9887427,80.2572238
319495758,12.995373,80.2646848
319495759,12.995112,80.2646633
319495760,12.9947744,80.2677129
319495761,12.9955529,80.2647094
319495762,12.9953456,80.2665311
319495763,12.9949223,80.2664846
319495764,12.9950457,80.2654176
319495770,12.9945429,80.265363
319495772,12.9939875,80.2653026
319495773,12.9933623,80.2652327
319495776,12.993453,80.2687391
319495777,12.9931321,80.2685939
319495778,12.9922186,80.268478
319495780,12.9921884,80.2686458
319495781,12.9917957,80.2685879
319495782,12.9918868,80.2677039
319495783,12.9913526,80.2676183
319495784,12.9914164,80.2671564
319495785,12.9912833,80.2680822
319495786,12.9918394,80.2681634
319495787,12.9910102,80.2670656
319495788,12.9906783,80.268978
319495789,12.9931792,80.2694169
319495792,12.9928896,80.2703755
319496128,12.9952589,80.2710483
319497839,12.993674,80.2681697
319497840,12.9947691,80.2632724
319497844,12.9948536,80.262816
319497847,12.9943509,80.2615807
319500423,12.9951974,80.267767
319500445,12.9924766,80.2661041
319500447,12.9917152,80.2672128
319500449,12.9911871,80.265941
319500450,12.9907543,80.2657227
319500451,12.990416,80.2678904
319500452,12.9902633,80.2688816
319500453,12.9895815,80.2670568
319500454,12.9896986,80.2663509
319500456,12.9902686,80.2664432
319500457,12.9906356,80.2665024
319500458,12.9910847,80.2665911
319500459,12.9895731,80.2663306
319500463,12.9899344,80.2663891
319500464,12.9900414,80.2656988
319500466,12.9896847,80.2656535
319500467,12.9896336,80.266782
319500468,12.9901459,80.2668784
319500470,12.9893828,80.268251
319500475,12.9908397,80.2679721
319500476,12.9933395,80.265537
319500477,12.9925384,80.2654721
319500480,12.9934078,80.2648345
319500486,12.9925998,80.2647765
319500501,12.993044,80.2655146
319500502,12.9931134,80.264821
319500503,12.9843912,80.2675609
319500505,12.9852903,80.2680739
319500507,12.9866592,80.2688767
319500510,12.9844301,80.2683495
319500511,12.9843379,80.2650051
319500512,12.9852754,80.2652425
319500514,12.984792,80.2657972
319500515,12.9851367,80.2644294
319500516,12.9851088,80.2658778
319500519,12.9845053,80.2643118
319500520,12.9849499,80.265153
319500521,12.9848441,80.2643776
319500530,12.9846733,80.2650902
319500546,12.984526,80.2657442
319500550,12.9846473,80.2608089
319500557,12.9842755,80.2607411
319500580,12.9844389,80.2595396
319500581,12.9846162,80.2618233
319500582,12.9846298,80.2613616
319500583,12.9836543,80.2613091
325206177,12.9895322,80.2189178
325206256,12.9885725,80.2185724
325206353,12.9904582,80.2178309
325206584,12.9909067,80.2181347
325206636,12.9876066,80.2201224
325206683,12.9859715,80.2229796
325207106,12.9840511,80.2226639
325207131,12.9842286,80.2218285
325207171,12.9850431,80.2198983
325207217,12.9844386,80.2199068
325207251,12.9844422,80.2203291
325207254,12.9850342,80.2203694
325207257,12.9858545,80.2180065
325207278,12.9843659,80.2190934
325207279,12.9850341,80.2190836
325207488,12.9874273,80.2183524
325207996,12.9827629,80.2218989
325208249,12.9815596,80.218709
325208583,12.9847923,80.224722
325208596,12.9841343,80.2251399
325208906,12.9831615,80.2221099
325208966,12.983189,80.2218389
325209149,12.9825398,80.2231798
325209226,12.9832645,80.2271264
325209255,12.9833181,80.2263595
325209290,12.9827907,80.2267022
325209310,12.9823656,80.2252919
325209344,12.981374,80.2241265
325209345,12.982549,80.2240867
325209359,12.9818062,80.2241091
325209363,12.9825666,80.2247761
325209553,12.9807664,80.2230827
325209556,12.981597,80.2230439
325209560,12.980757,80.2227352
325209567,12.9857412,80.2243359
325209570,12.9851881,80.2249374
325209625,12.985111,80.226315
325209831,12.9774565,80.2235307
325209833,12.9804998,80.2253806
325209851,12.9809527,80.2253573
325209921,12.9816523,80.2289483
325209932,12.9817402,80.227998
325209943,12.9811039,80.2279514
325209951,12.9829696,80.2281235
325210015,12.9821752,80.2280324
325210157,12.9801177,80.2263689
325210158,12.9798171,80.2265295
325210159,12.9793168,80.2266477
325210162,12.9792498,80.2254699
325210163,12.9801076,80.225412
325210170,12.9804795,80.2246817
325210179,12.9785458,80.2235051
325210202,12.9789896,80.2251372
325210234,12.9789836,80.2234963
325210242,12.9790009,80.2244896
325210260,12.9795119,80.2237868
325210282,12.9800751,80.2225848
325210343,12.9800888,80.2231107
325210401,12.977566,80.2226964
325210402,12.9775013,80.221206
330401242,12.9784245,80.2089787
330401245,12.9783732,80.2128289
330401247,12.977805,80.2122065
330401249,12.9711221,80.2161626
330401251,12.9706674,80.2161213
330410493,12.9959755,80.2121411
330410497,12.9958942,80.2125411
330410500,12.9947021,80.2126662
330410512,12.9917476,80.2127262
330410518,12.9927011,80.2098005
330410525,12.9914009,80.2093872
330410526,12.9905645,80.2095861
330410527,12.9931283,80.2087947
330410528,12.9973019,80.2104827
330410529,12.995644,80.2112736
330410530,12.9961316,80.2113726
330410550,12.9930574,80.2080995
330410558,12.993054,80.2137035
330412894,12.9964111,80.2086196
330413846,13.0044148,80.2099172
330413879,13.0060297,80.2128898
330413886,13.0065756,80.2124605
330413887,13.0062108,80.2123311
330413888,13.0064051,80.2115815
330413896,13.006379,80.2123784
330413897,13.0066533,80.2116941
330413898,13.0068593,80.2118396
330413943,13.0066996,80.2121881
330413944,13.0075095,80.2126798
330420098,12.9904151,80.2101377
330420101,12.9901836,80.2110124
330420108,12.9913117,80.2113094
330420111,12.992071,80.2115225
330420114,12.9922864,80.2106883
330420119,12.9921125,80.2098751
330420126,12.9917028,80.2114244
330420130,12.9906884,80.2136896
330420139,12.9910876,80.2137882
330420146,12.9896664,80.2143486
330420162,12.9906073,80.2139988
330420163,12.9907682,80.2133852
330420169,12.9900362,80.2126489
330420173,12.9912334,80.2116119
330420175,12.990259,80.2119358
330420180,12.9904087,80.2113874
330420197,12.9905196,80.2108458
330420198,12.9906915,80.2102057
330420199,12.9919889,80.2118028
330420211,12.9930475,80.2111621
330420229,12.9921552,80.2111809
330420234,12.9924966,80.2132606
330420240,12.9920834,80.2137569
330420245,12.9898546,80.2094438
330420263,12.989393,80.2111031
330420272,12.9897669,80.2111251
330420309,12.9895647,80.2076785
330420320,12.9893309,80.2084013
330648707,12.9895851,80.2228745
330648711,12.989031,80.2226086
330648715,12.9885309,80.223191
330648719,12.9858832,80.2281449
330648724,12.986924,80.2282384
330648749,12.9863158,80.2281813
330648759,12.9865424,80.2273695
330648763,12.9866564,80.2265731
330648782,12.9868492,80.229848
330648800,12.9870774,80.2298666
330648807,12.9857334,80.2296926
330648822,12.9869098,80.2288141
330648838,12.9864394,80.2297735
330648843,12.9856589,80.2303928
330648854,12.9856042,80.2306584
330648857,12.9869354,80.2309909
330648866,12.9851541,80.2319762
330648870,12.9852906,80.2316013
330648881,12.9854682,80.2311296
330648898,12.985182,80.2310122
330648900,12.9849807,80.2315554
330648908,12.9847715,80.2315128
330648924,12.9838172,80.2296403
330648927,12.9838421,80.2287272
330648930,12.9829829,80.229663
330653119,12.9846253,80.228801
330653122,12.9845597,80.2295649
330653128,12.9849662,80.229577
330653131,12.985075,80.2288415
330653136,12.9847515,80.2295686
330653469,12.9942939,80.2421256
330653536,12.9862239,80.2411166
330653540,12.9841475,80.2384084
330653546,12.9831035,80.2362552
330653556,12.9828307,80.2367182
330653560,12.9831443,80.2368205
330653587,12.9832598,80.2375333
330653592,12.9838562,80.2375237
330653631,12.9841387,80.2364349
330653635,12.9839554,80.2363323
330653645,12.9836275,80.237534
330653650,12.9835604,80.2383434
330653654,12.9834331,80.2371727
330653663,12.9836572,80.2364815
330653669,12.9837544,80.2362529
330653673,12.9833649,80.2360747
330653679,12.9837978,80.2383711
330653698,12.9835164,80.2394723
330653704,12.9830525,80.2398547
330653708,12.9831441,80.2394002
330653729,12.9833663,80.2386479
330653735,12.9825411,80.2384457
330653742,12.9833872,80.2378753
330653765,12.9827083,80.2377373
330653776,12.9831915,80.2373301
330653800,12.9827971,80.2372774
330653818,12.9827515,80.2375095
330780887,12.9830949,80.2325579
330780891,12.9827909,80.2346251
330780893,12.9834894,80.231374
332030621,13.0224546,80.2673408
332095305,13.0222769,80.2699231
332095380,13.0227739,80.2710408
333604497,12.9753903,80.2594246
333604599,12.9745853,80.2603639
333719061,12.9822295,80.254465
333719063,12.9813003,80.2541426
333719074,12.978365,80.2541698
333719075,12.9760844,80.2538647
333719107,12.9755549,80.2588593
333719108,12.9758994,80.2589533
333719109,12.9764205,80.2590749
333719112,12.9777423,80.2591791
333719120,12.9807027,80.2593735
333719159,12.978851,80.2581782
333719160,12.9790224,80.2573987
333719165,12.9785615,80.2551889
333719166,12.9781752,80.255084
333719167,12.9810931,80.2550328
333719169,12.980514,80.2548324
333719171,12.9810822,80.2561157
333719172,12.9811913,80.2588118
333719175,12.9813127,80.2579459
333719179,12.9817375,80.2580311
333719181,12.9821052,80.2574167
333719198,12.9872327,80.2596265
333727710,12.9866007,80.2571455
333727747,12.9865467,80.2575902
333727753,12.9862399,80.2570971
333727761,12.9861851,80.2574902
333727768,12.9869879,80.2571954
333727775,12.9869419,80.2576807
333732366,12.9845884,80.2571085
333732373,12.9838628,80.2560713
333732382,12.9842695,80.2561272
333732386,12.9841699,80.257056
333732415,12.9815702,80.2573205
333732433,12.9834915,80.259412
333732437,12.9836496,80.2582342
333732441,12.9831744,80.2575691
333732444,12.9830347,80.2586018
333732465,12.9831021,80.2581047
333732481,12.9829603,80.2605153
333732487,12.9823984,80.2602798
333732492,12.9818871,80.2602057
333732498,12.9818494,80.2605656
333732503,12.9807699,80.2605549
333732513,12.9806602,80.2617002
333732516,12.9821398,80.2602326
333732518,12.9822,80.2598852
333732521,12.9824533,80.2598851
333732524,12.9819398,80.2597246
333732530,12.9807023,80.259744
333732540,12.9838655,80.2665777
333732546,12.9830669,80.2663143
333732552,12.9832895,80.2655356
333734658,12.9846466,80.2633934
333734666,12.9853283,80.2626033
333734670,12.9853131,80.2627969
333734673,12.9847173,80.2627503
333734678,12.9820054,80.2618192
333734680,12.9818478,80.263795
333734688,12.9811697,80.2637402
333734689,12.9797711,80.2636301
333737975,12.9788279,80.2631376
333737981,12.9787973,80.2635628
333737992,12.9784232,80.2648389
333737999,12.9780105,80.2631971
333738001,12.977515,80.2659671
333738005,12.9778225,80.2619276
333738008,12.978563,80.2632333
333738011,12.9777323,80.2631739
333738030,12.9775807,80.2650892
333738048,12.9783967,80.2651628
333738053,12.977538,80.2654786
333738059,12.9783654,80.2655459
333738065,12.9787634,80.2640327
333738071,12.9764472,80.2638613
333738075,12.9772562,80.2639301
333738082,12.9776643,80.2639584
333738088,12.9779647,80.2639853
333738124,12.9784903,80.2640177
333738128,12.9765757,80.2622956
333738136,12.9771785,80.264896
333738142,12.9763717,80.2647928
333738149,12.9764238,80.2642822
333738155,12.9767117,80.2643109
333738163,12.97632,80.2653484
333738167,12.9766715,80.26483
333738175,12.9767329,80.2638883
333738186,12.9765429,80.2627625
333738191,12.9767755,80.2633485
333738197,12.976495,80.2633308
333743771,12.9791455,80.2616644
333743777,12.9779612,80.2609834
333743785,12.9784653,80.261819
333743796,12.978558,80.2610925
333743805,12.9778833,80.2614861
333743840,12.9782893,80.2610463
333743855,12.9788504,80.2611437
333743882,12.9799791,80.2608871
333744213,12.9745743,80.2578792
333744226,12.9750362,80.2578886
333744244,12.975593,80.255463
333744271,12.9753932,80.2564122
333744486,12.9741922,80.2614128
333744534,12.9745591,80.2620462
333744537,12.9741261,80.2619978
333744540,12.9758055,80.2625711
333744572,12.9755156,80.2605969
333744579,12.9774959,80.2614606
333744583,12.9759525,80.2613714
333744586,12.9754582,80.2615144
333744593,12.9777066,80.2595489
333744603,12.976424,80.2594535
333744613,12.9765718,80.2594645
333744626,12.9765432,80.2597158
333744637,12.9776186,80.2603844
333744667,12.9762043,80.2613764
333744671,12.9769851,80.2594952
333744676,12.9768232,80.2614061
333744680,12.9769099,80.2603406
333744687,12.9772272,80.2595132
333744690,12.9770798,80.2614216
333744693,12.9771622,80.2603562
333744696,12.9767835,80.2594802
333744700,12.9767153,80.2603288
333744703,12.9766872,80.2606778
333744707,12.9766409,80.2610084
333744711,12.9766187,80.261398
333744732,12.9763873,80.2613835
333744752,12.9764382,80.2609932
333744756,12.9764779,80.2607002
333744759,12.976502,80.2603155
333744799,12.9757245,80.2610158
333744802,12.9757074,80.2614399
333744805,12.9759299,80.2620327
333744813,12.9756599,80.2621298
333744820,12.9759701,80.2610513
333744823,12.9761656,80.2619446
333744827,12.9765667,80.2613964
333744830,12.9765495,80.2618199
333744831,12.9767065,80.2622407
334176833,12.9816484,80.2664318
334176840,12.9779423,80.2642979
334176853,12.9781519,80.2648258
334176857,12.9782186,80.2640053
334176861,12.978289,80.2632165
334176867,12.9777549,80.2628425
334176877,12.9782257,80.2618531
334176882,12.9773456,80.2628217
334189916,12.9757829,80.2566197
334189924,12.9768527,80.2568537
334189930,12.9760824,80.2556717
334189953,12.975859,80.2578081
334189959,12.9770204,80.2560941
334189966,12.9774575,80.2544705
334189979,12.9782819,80.2545887
334189992,12.9767354,80.2546828
334190009,12.9769421,80.2539984
334190017,12.9760427,80.2557803
334190021,12.9769353,80.2564429
334190029,12.9759365,80.2561452
334190035,12.9766891,80.2568216
334190057,12.9784059,80.2580932
334190076,12.9772712,80.2579991
334190081,12.977169,80.2590972
334190084,12.9782955,80.2545301
334190087,12.9790165,80.2546595
334190089,12.9790679,80.2543684
334190096,12.9788915,80.2552623
334190101,12.978635,80.2546034
334190110,12.978507,80.2555956
334190115,12.9792702,80.2557761
334190121,12.9788631,80.2556788
334190128,12.9787747,80.2562095
334201254,12.9788633,80.2585619
334201270,12.9791561,80.258571
334201276,12.9793176,80.2578019
334201281,12.9796194,80.257834
334201298,12.978533,80.2573098
334266949,12.9962867,80.2559353
334266951,12.9962485,80.2570499
334267008,12.9929456,80.2611462
334267013,12.9926829,80.261673
334267019,12.9925364,80.2624681
334267028,12.9923101,80.2624033
334267036,12.9922031,80.2628806
334267056,12.9903683,80.2606978
334267067,12.9899985,80.2593873
334267074,12.989274,80.2593159
334267076,12.9892114,80.2597861
334267079,12.9899803,80.2597292
334267095,12.9905457,80.2590406
334267100,12.9907288,80.2581677
334267123,12.9954754,80.2636683
334267125,12.9950143,80.2636222
334267127,12.9953868,80.2661625
334267130,12.9958408,80.2662141
334267140,12.9911402,80.2662708
334267143,12.9906872,80.2661846
334267147,12.989652,80.2666663
334267151,12.9893077,80.2666072
334267155,12.989235,80.2669936
334267160,12.9894061,80.268113
334267163,12.9890103,80.268046
334267165,12.9894528,80.2677851
334267167,12.9890688,80.2677269
334267254,12.9872938,80.2598601
334267270,12.9871608,80.2610774
334270726,12.9834868,80.2664523
334270741,12.9836782,80.2655857
334270752,12.9825847,80.2646234
334270766,12.9829532,80.2656426
334519374,12.9787303,80.265198
334542209,12.9778355,80.2545284
334547726,12.9785329,80.2571955
334547741,12.9780995,80.2571297
334547751,12.9782096,80.2563026
334547764,12.9785223,80.2586381
334547778,12.9788625,80.2586251
334547793,12.9781508,80.2590729
334547803,12.9782065,80.258408
334548840,12.9801583,80.259739
334548858,12.9800878,80.2606912
334640499,12.9827544,80.2670314
334640500,12.9835777,80.267233
334645948,12.9861663,80.2596539
334645951,12.9861847,80.2579753
334648143,12.9935028,80.2606957
334648144,12.9935829,80.2613308
334648145,12.9935002,80.2617645
334650982,12.9955866,80.2684533
334650984,12.9948815,80.2677261
334650985,12.9950702,80.2683626
334651031,12.9920693,80.2692098
334651429,12.9933271,80.2690343
334701818,13.0124798,80.2491201
334701844,13.0123388,80.2488472
334701849,13.0113683,80.2489673
334713047,13.010502,80.2571924
334713137,13.0109202,80.2589416
335480446,13.0025161,80.2486566
335480465,13.0024955,80.2502723
335480516,13.0047566,80.2559307
335480533,13.004237,80.2559241
335503107,13.0028165,80.2567184
335503117,13.0029463,80.255767
335503132,13.0021651,80.2540626
335503145,13.0013224,80.2540384
335515546,13.0013262,80.2511198
335515590,13.0000718,80.2493084
335515596,13.0001068,80.2504818
335515597,12.9992911,80.2502081
335515601,12.9993077,80.250875
335515602,12.998556,80.2510024
335515603,12.999675,80.2517068
335515605,12.9967499,80.2542555
335522209,12.9987892,80.2552943
335522217,12.9988046,80.2536398
335535094,13.0054443,80.2603644
335535095,13.0054414,80.2609346
335535096,13.0054456,80.2606621
335535097,13.005821,80.2604081
335535098,13.0058249,80.2609265
335535102,13.0058249,80.2606511
335535110,13.0047596,80.2603811
335535113,13.0047552,80.2609408
335535114,13.0047552,80.2606632
335535115,13.004446,80.2603852
335535116,13.0042113,80.25917
335535117,13.0046355,80.2591786
335535118,13.0045789,80.2594863
335535119,13.004198,80.2594767
335535120,13.0042151,80.2590824
335535121,13.003814,80.2590786
335535122,13.0042042,80.2593326
335535123,13.0037948,80.2593271
335535129,13.0055321,80.2578688
335535130,13.0055116,80.2582537
335535133,13.0061141,80.2609469
335535134,13.0061106,80.2606439
335535135,13.0064455,80.2603901
335535136,13.0064526,80.2609469
335535137,13.0064485,80.2606427
335535138,13.006789,80.2609404
335535139,13.006789,80.2604084
335535140,13.006789,80.2606358
335535141,13.0041911,80.2596351
335535142,13.0038107,80.2596231
335535143,13.0031834,80.2599366
335535145,13.0039618,80.2616928
335535149,13.0012036,80.2644306
335535150,13.0015553,80.2640986
335997558,13.018897,80.2413267
338222919,12.9825453,80.2236553
338222927,12.9799048,80.2144024
338222942,12.9784772,80.2150757
338222949,12.9773901,80.2152943
338223162,12.9862228,80.2099403
338223169,12.9862476,80.2090418
338223175,12.9854953,80.2091043
338223207,12.9901842,80.2061326
338223214,12.9898151,80.2069014
338223221,12.9918504,80.2062495
338223227,12.9916884,80.2066589
338223232,12.9824175,80.2295247
338223241,12.9822352,80.2306772
338223248,12.9748515,80.2260006
338223254,12.9749469,80.2271631
338223258,12.971013,80.2204437
338223259,12.9758716,80.2186878
338223272,12.984981,80.2179249
338223280,12.9860566,80.2129426
338282591,12.9705616,80.2188686
338282602,12.972368,80.2195902
338282605,12.9718843,80.2193805
338282639,12.9735438,80.2172131
338282645,12.9735591,80.2171898
338341070,12.9759411,80.2103576
338341110,12.9697168,80.2186844
338341116,12.9683361,80.2181293
338406414,12.9701126,80.2204467
338406415,12.9697776,80.2204517
338406416,12.9698845,80.2241127
338406419,12.9725698,80.2223734
338406481,12.9723157,80.2211844
338406517,12.9733833,80.2199781
338406531,12.9757501,80.2219517
338406537,12.9761907,80.2233787
338406543,12.9756732,80.2226719
338406544,12.9748906,80.2231874
338406545,12.9751538,80.2231776
338406546,12.9748255,80.222617
338406549,12.9749637,80.2219008
338406554,12.9751649,80.2226906
338406562,12.9750627,80.2224526
338406569,12.975568,80.2216913
338406589,12.975721,80.2223191
338406601,12.9765378,80.2227608
338406630,12.9800506,80.2184067
338406637,12.9810724,80.2180746
338406648,12.982412,80.2178536
338406658,12.9852018,80.2178505
338406669,12.9856366,80.217889
338406678,12.9861744,80.2179865
338406694,12.9874624,80.2182229
338406725,12.9883099,80.2184145
338406731,12.9886272,80.2184992
338406737,12.9895792,80.2187914
338406743,12.9900885,80.2189838
338406748,12.9905819,80.219162
338406760,12.9916914,80.2194481
338406831,12.9866988,80.2146081
338406836,12.9854935,80.2145819
338406860,12.9759943,80.2214036
338417876,12.9786684,80.2244943
338417879,12.9795298,80.2244906
338417885,12.9797346,80.2254419
338417891,12.9796415,80.2261846
338417897,12.9792278,80.2248679
338417903,12.9799712,80.2254229
338417906,12.9772234,80.223144
338440033,12.9876831,80.2199697
338440035,12.9868709,80.2196329
338440036,12.9828497,80.212124
338440038,12.9866539,80.2103908
338440041,12.987002,80.2104135
338440044,12.9866446,80.2099615
338440047,12.9843492,80.209044
338440049,12.9862222,80.2078561
338440186,12.9863942,80.2222179
338440189,12.9872452,80.2223641
338440191,12.9935921,80.2153595
338440193,12.9932318,80.2152256
338440200,12.993069,80.2165386
338440202,12.9941155,80.2172987
338440205,12.9946012,80.2167466
338440214,12.9938922,80.2174862
338440220,12.994323,80.217129
338440222,12.9932014,80.2163309
338440223,12.992914,80.216771
338440225,12.9933438,80.2161228
338440232,12.9934751,80.2159148
338440245,12.9930359,80.2156088
338440252,12.9945112,80.2169082
338440253,12.9923306,80.2157133
338440255,12.9931159,80.2154975
338440257,12.9936637,80.2158304
338440260,12.9932423,80.2129132
338440263,12.9885887,80.21567
338440271,12.9896216,80.2162505
338440272,12.989104,80.2163098
338440274,12.9890954,80.2157754
338440292,12.9902542,80.2156755
338440293,12.9878381,80.2183136
338440297,12.9880357,80.2175131
338461031,12.9772219,80.226268
338461054,12.9776691,80.2276749
338461071,12.9776026,80.2262508
338461081,12.9769774,80.225402
338461084,12.9777619,80.2253446
338461089,12.9769897,80.2263102
338461093,12.9766018,80.2257467
338461163,12.9753555,80.2221791
338461174,12.9768089,80.2288747
338461183,12.978381,80.2288429
338461201,12.977031,80.2305181
338461207,12.9805685,80.229311
338461216,12.9796443,80.2292977
338461249,12.9775367,80.2293123
338461263,12.9780983,80.2304142
338461267,12.9781607,80.2316609
338461274,12.9771428,80.2326102
338461288,12.9786543,80.2331047
338461292,12.9785951,80.2321276
338461296,12.9795563,80.232137
338461299,12.9795581,80.2317676
338461302,12.9792253,80.2321329
338461315,12.9789259,80.2321222
338461336,12.9786022,80.231449
338461359,12.9781375,80.231174
338461377,12.9796502,80.2297818
338461380,12.9804994,80.2298601
338461383,12.9804466,80.2303864
338461386,12.9808628,80.2299573
338461388,12.9809667,80.2312281
338461391,12.9809136,80.2303194
338461394,12.9800969,80.2298271
338461399,12.9796633,80.2310796
338461403,12.9762417,80.2217575
338461405,12.976552,80.2222642
338461408,12.9807953,80.2292641
338461410,12.9770381,80.2212104
338461412,12.9770335,80.2218668
338461428,12.977541,80.2222232
338461433,12.9769545,80.2222622
338461438,12.9813316,80.2253337
338461443,12.9813864,80.2259448
338461444,12.9816352,80.2263053
338461446,12.981642,80.2267286
338461455,12.9847405,80.2288124
338461469,12.9829387,80.2303649
338461488,12.9812879,80.2342304
338461507,12.9812629,80.2396681
338461524,12.9811862,80.2342088
338461551,12.9806957,80.233255
338461555,12.9793061,80.2331913
338461563,12.9807974,80.2323405
338461571,12.9802276,80.2332766
338461576,12.9803578,80.2323771
338461580,12.9814181,80.233695
338461583,12.9809727,80.2336295
338461588,12.9800367,80.2340295
338461645,12.9800226,80.2342662
338461661,12.9798607,80.2340083
338461667,12.9811416,80.2344382
338461672,12.9808862,80.2341585
338461675,12.9799975,80.2345124
338461681,12.9811245,80.2346703
338461683,12.9811206,80.2348969
338461684,12.9807151,80.2348612
338461685,12.9808636,80.2348962
338461686,12.9804693,80.2358004
338461698,12.9804098,80.2350653
338461699,12.9807272,80.2351714
338461700,12.980384,80.2358192
338461701,12.9802099,80.2365218
338461702,12.9818259,80.234328
338461703,12.9817444,80.2336967
338461705,12.9818267,80.2350499
338461710,12.9813239,80.2379488
338461711,12.981972,80.2380568
338461713,12.9825292,80.2361046
338461714,12.98213,80.2360417
338461719,12.9832641,80.2363267
338461732,12.9838577,80.236575
338461736,12.9840554,80.2366624
338461740,12.9826967,80.2365346
338461742,12.9820863,80.2368031
338461744,12.9821657,80.2354865
338461748,12.9820124,80.2378586
338466125,12.9816238,80.2379991
338466127,12.9826581,80.2380275
338466130,12.9833864,80.2383105
338466135,12.9821035,80.2371811
338466137,12.9820964,80.2373768
338466140,12.9821001,80.2370287
338466143,12.9826071,80.2363065
338466146,12.9820937,80.2365233
338466149,12.9825824,80.2355623
338466152,12.981889,80.2346882
338466154,12.9823563,80.2348305
338466159,12.9824457,80.2344976
338466165,12.9819054,80.2329106
338466168,12.9822479,80.2327975
338466171,12.9825503,80.2327118
338466186,12.9838371,80.2304556
338466189,12.9832142,80.2304337
338466197,12.9841833,80.2296955
338466201,12.9841016,80.230508
338466203,12.984312,80.229709
338466206,12.984233,80.2304435
338466227,12.9833826,80.2281266
338466229,12.9853519,80.226327
338466232,12.9813243,80.2389227
338466234,12.9816746,80.2389554
338466244,12.9814448,80.2396787
338466249,12.9819447,80.2403759
338466263,12.9813919,80.240246
338466268,12.9809449,80.239493
338466272,12.9813042,80.242107
338466283,12.9811546,80.2358986
338466287,12.980296,80.2361297
338466300,12.9812317,80.2379385
338466305,12.9806992,80.2378682
338466317,12.9807739,80.2366318
338466322,12.9806272,80.2366094
338466331,12.9805096,80.2378463
338466343,12.9804078,80.2381117
338466356,12.9801756,80.2385217
338466363,12.9796077,80.2384316
338466370,12.9801361,80.2388326
338466376,12.9794541,80.238752
338466381,12.9805034,80.2392758
338466394,12.9808076,80.2392944
338466402,12.9810476,80.2394802
338466414,12.9812828,80.2398565
338466420,12.9801603,80.2397908
338466427,12.9805345,80.2415159
338466434,12.9804361,80.2422171
338466442,12.9813142,80.2415757
338466449,12.9800486,80.2414584
338466458,12.9813114,80.2412606
338466467,12.980055,80.2411943
338466474,12.9796717,80.2407971
338466480,12.9796198,80.2413995
338466487,12.9793269,80.2413697
338466490,12.979104,80.2426773
338466495,12.9793742,80.2427102
338466500,12.9793268,80.2430123
338466505,12.9791641,80.2422723
338466510,12.9799618,80.2424421
338466519,12.9798611,80.2414588
338466526,12.9797965,80.2419449
338466530,12.9800257,80.2419837
338466535,12.979249,80.2418212
338466544,12.9795372,80.2418782
338466548,12.9801029,80.240544
338466553,12.9801363,80.2402695
338466558,12.9801724,80.2399765
338466562,12.9813836,80.240023
338466567,12.9820121,80.2401854
338466571,12.9829885,80.240753
338466576,12.983199,80.2408636
338466580,12.9836155,80.2409812
338466584,12.9841223,80.2411056
338466588,12.983109,80.2405431
338466591,12.9836322,80.2407465
338466595,12.9832313,80.2402352
338466601,12.9839622,80.2416045
338466605,12.9817923,80.2408496
338466611,12.9828399,80.2410702
338466615,12.9818637,80.2406474
338466621,12.9819158,80.240465
338466625,12.9829056,80.2409159
338466628,12.9817475,80.2410179
338466631,12.9827201,80.2413832
338466635,12.98167,80.2412493
338466638,12.9826565,80.241578
338466642,12.9816016,80.2414714
338466645,12.9825575,80.2418209
338466648,12.9815474,80.2416458
338466653,12.9824771,80.2419959
338470409,12.9830643,80.2412637
338470412,12.9829156,80.2416664
338470417,12.9834731,80.241424
338470421,12.9833013,80.2418122
338470423,12.9831474,80.2417487
338470425,12.9832924,80.2413562
338470427,12.9834193,80.2409268
338470430,12.9838532,80.2418222
338470436,12.9833967,80.2416081
338470440,12.983741,80.2420401
338470445,12.9833753,80.2422681
338470448,12.9835031,80.2425384
338470451,12.9824433,80.2420717
338470454,12.9823094,80.2423464
338470461,12.9833415,80.2431558
338470466,12.9834306,80.2427621
338470473,12.9843052,80.242825
338470480,12.9843604,80.2430845
338470486,12.9843707,80.2433382
338470503,12.9813991,80.2432641
338470506,12.981396,80.2434367
338470511,12.9813069,80.2418322
338470515,12.9805062,80.2417318
338470518,12.980371,80.242519
338470524,12.9813998,80.2425721
338470527,12.9821618,80.2427179
338470529,12.9814799,80.2417873
338470531,12.9824116,80.2421416
338471944,12.9828444,80.2370233
338471947,12.9825638,80.2370432
338471950,12.9812278,80.2349625
338471952,12.9805395,80.2303773
338471958,12.9802899,80.2303758
338471961,12.9802612,80.2306946
339281255,12.9989103,80.2083566
339281277,12.9982437,80.208227
339291575,13.0049266,80.2101615
339291576,13.0046621,80.2112335
339291577,13.0037117,80.2108313
339291579,13.0045668,80.2109011
339291580,13.0027955,80.2102679
339291581,13.0028352,80.2094387
339291582,13.0023828,80.2102498
339291583,13.0024195,80.2094826
339291586,13.0021566,80.2112478
339291587,13.0022894,80.210751
339291588,13.0015455,80.2088597
339291597,13.0036245,80.2095396
339291598,13.0019452,80.208915
339291599,13.0012431,80.2088311
339291600,13.0008633,80.2087249
339291603,13.0008197,80.2096674
339291604,13.0012187,80.2096766
339291876,13.0005382,80.2087434
339291879,12.9995757,80.209099
339291884,13.000483,80.2091654
339291895,12.9995205,80.2093924
339291898,13.0003966,80.209386
339291901,12.9981669,80.2096013
339291906,12.9995729,80.2091193
339291907,12.9981586,80.2088909
339291908,12.9983933,80.2093563
339291912,12.9979664,80.2092774
339291913,12.9974754,80.2089674
339291914,12.99878,80.2090023
339291915,12.9987323,80.2093432
339291916,12.9984291,80.2089271
339291917,12.99846,80.2085736
343711369,13.0193299,80.2195154
347454091,13.0253694,80.2417193
347454092,13.0254918,80.2425247
359084663,12.9799864,80.252609
359370702,13.0227131,80.2671124
359370703,13.0221628,80.2670144
359370712,13.0224298,80.2667774
360894427,13.0033863,80.2696395
363959498,13.0255686,80.2045893
363961635,13.0273202,80.2030579
363969036,13.0269757,80.2030199
363973297,13.0253868,80.2063
363974336,13.0248934,80.2062881
363974388,13.0236739,80.2065764
363974824,13.0244251,80.2063282
363974828,13.0258251,80.2063439
363975892,13.0263432,80.2073189
364027184,13.0270877,80.2014107
364027185,13.0269119,80.2022546
364027344,13.027875,80.2015415
364027472,13.0191921,80.1993386
364027548,13.0252394,80.2003648
364032451,13.023101,80.2000125
364032452,13.0224253,80.2032346
364032459,13.0272176,80.2007736
364032492,13.0280705,80.2009226
364069484,13.0161723,80.19882
364069485,13.0159358,80.1995689
364168481,13.0177544,80.1990925
364173924,13.0160999,80.1990998
364175463,13.0248236,80.2035182
364218016,13.0242062,80.2027594
364218928,13.0239695,80.2028556
364218931,13.0237831,80.2033624
364220649,13.0259139,80.200504
364549082,13.0257112,80.2070041
364550448,13.0253624,80.2071826
364571150,13.0180218,80.2035152
364571311,13.0142018,80.2025627
364572470,13.0251876,80.204117
364584847,13.01782,80.1986916
364585047,13.0162477,80.1984391
364585346,13.015841,80.1983711
364585504,13.0156401,80.1990434
364585941,13.0160394,80.1992621
364622716,13.0246168,80.2002566
364622720,13.0236346,80.2016498
364622729,13.0249888,80.2018266
364622735,13.0230761,80.2033268
364622736,13.0229901,80.2039308
364622737,13.0224614,80.2043032
364628438,13.0229689,80.2064482
364628440,13.0236445,80.2059267
364628444,13.022408,80.2054308
364628445,13.0198706,80.2034833
364628446,13.0195136,80.2052299
364628447,13.0201004,80.2044886
364628448,13.0211147,80.2047851
364628452,13.0200333,80.2056405
364628453,13.0177772,80.2048385
364628454,13.0200788,80.2053135
364628455,13.0195609,80.2034398
364628456,13.0192103,80.2051872
364628457,13.0201095,80.2019624
364628459,13.0191264,80.2022749
364628463,13.0180519,80.2033647
364628465,13.0179065,80.2040914
364628469,13.0192867,80.2048065
364628470,13.0178334,80.2044572
364628474,13.0181414,80.2052808
364628475,13.0191318,80.2055323
364628476,13.0183343,80.2053286
364628477,13.0182058,80.2058195
364628478,13.0212958,80.2053286
364628479,13.0204687,80.2053297
364628480,13.0214522,80.2057099
364628486,13.0190245,80.2032793
364628492,13.0183319,80.202224
364628496,13.018236,80.2030383
364628501,13.0183752,80.2015533
364628514,13.0195768,80.2034374
364628519,13.0196406,80.2026252
364628523,13.0197668,80.2034641
364628530,13.0198387,80.2028049
364628531,13.0199847,80.2035015
364628533,13.0200592,80.2027653
364628534,13.020194,80.2035297
364628535,13.0202515,80.2029075
364628536,13.0202336,80.2023478
364628537,13.019099,80.2026337
364628539,13.0195499,80.2021654
364628540,13.019546,80.2016995
364631668,13.0198494,80.2013433
364631669,13.0205647,80.2011736
364631671,13.0200413,80.2017692
364631673,13.0214778,80.2016705
364631676,13.0196319,80.2006535
364631677,13.0202821,80.2006049
364631678,13.020399,80.1995653
364631679,13.020408,80.2002199
364631680,13.0210342,80.1996817
364631681,13.0209437,80.2002181
364631682,13.0194805,80.2002142
364631684,13.0170162,80.2014069
364631686,13.0160748,80.201331
364631687,13.0170237,80.2011135
364631689,13.0170379,80.2007607
364631690,13.0161603,80.2007287
364631692,13.014932,80.1998814
364631694,13.0170432,80.2015018
364631695,13.0164477,80.203136
364631696,13.016345,80.2039484
364631697,13.0160596,80.2030425
364631699,13.015932,80.20424
364631700,13.0164502,80.2043571
364631701,13.0162508,80.2043221
364631703,13.0161323,80.2050864
364631704,13.0171621,80.2054532
364631705,13.0173383,80.20437
364637074,13.017506,80.1999971
364637075,13.0175013,80.2007449
364637081,13.016705,80.203198
364637082,13.0168094,80.2026011
364637083,13.0169787,80.2032639
364637085,13.0178856,80.204196
364637086,13.0172,80.2040844
364637087,13.0171984,80.2033168
364637089,13.0168134,80.2032241
364637090,13.0166848,80.2040316
364637091,13.0179578,80.203835
364637095,13.0188113,80.2022659
364637097,13.0183691,80.2007145
364637098,13.0196654,80.2007823
364637099,13.0191822,80.202258
364637100,13.019191,80.2019538
364637101,13.0200739,80.2006126
364637102,13.0202152,80.2012557
364637103,13.0194691,80.2055533
364637104,13.0193643,80.2061732
364637106,13.0161619,80.2016801
364637107,13.0160791,80.2023904
364637112,13.0228171,80.2012232
364637113,13.0236691,80.2013518
364637114,13.0218738,80.2022575
364637115,13.0228956,80.2007176
364637116,13.0213446,80.2005998
364637117,13.018522,80.2061785
364637118,13.0179963,80.208689
364873501,13.0240325,80.2068638
364873511,13.0236395,80.2086577
364873512,13.0251916,80.2080664
364873515,13.0238216,80.2077903
364873570,13.0252906,80.2030778
364873579,13.0240177,80.2033889
364873583,13.0239285,80.2041008
364873690,13.0217923,80.2064911
364873701,13.0248768,80.2095428
364879668,13.0101301,80.2086015
364879705,13.0081478,80.2086623
364879713,13.0086176,80.2077551
364879814,13.012957,80.2091419
364879855,13.0116544,80.209224
364879856,13.0101803,80.2093256
365207405,13.0217525,80.199794
365207415,13.0216721,80.2002784
365207462,13.019847,80.1994672
365207513,13.0197894,80.1998576
365207514,13.0185405,80.1992338
365207537,13.0184658,80.1998059
365490095,13.0223526,80.2006534
365490132,13.0222626,80.2014116
365987958,13.0122512,80.2258145
365988846,13.0113903,80.2232821
365988848,13.0066827,80.2207363
365988855,13.0067055,80.2206349
366077726,13.0178503,80.1991001
366077732,13.0177465,80.1996952
366077871,13.0277227,80.2025276
366077872,13.0271853,80.2038234
366078212,13.0269013,80.2034792
366081875,13.0018126,80.2188661
366081876,13.0015381,80.2185906
366081878,12.9989374,80.2170076
366081884,12.9972089,80.2165504
366081887,12.9949281,80.2170866
366081888,12.9954862,80.2152774
366081889,12.9948294,80.2165489
366081890,12.9949737,80.215085
366081891,12.9945511,80.2163949
366081892,12.994747,80.2149828
366081893,12.9942797,80.2162429
366081894,12.9945247,80.2148628
366081895,12.9940533,80.2160889
366081896,12.9951571,80.2127803
366081898,12.994772,80.214199
366081899,12.9944664,80.2148129
366081900,12.9948892,80.2150539
366081901,12.9951305,80.2145093
366081904,12.9951259,80.2151417
366081906,12.9966745,80.2139099
366081907,12.9957516,80.2137248
366081910,12.996469,80.2148701
366081911,12.9960646,80.2147678
366081912,12.9959116,80.2154051
366081913,12.9956227,80.2153211
366081914,12.9957884,80.2146955
366081915,12.9953179,80.2145563
366081916,12.9955422,80.2146307
366081917,12.9953656,80.2152392
366081918,12.9961312,80.216596
366088050,13.0173037,80.1990234
366088051,13.0173723,80.1986359
366088768,13.0223086,80.2016167
366089033,13.0244509,80.2055053
366091277,13.025984,80.2046016
366841490,13.0140965,80.2029733
367133883,13.0236316,80.2033489
367788703,13.0232121,80.2048064
367788714,13.0230856,80.2057067
367788810,13.0231555,80.2051565
367788914,13.0235456,80.2051356
367788916,13.0239619,80.2052115
367788946,13.0250525,80.205223
367788987,13.0236952,80.2042479
367789052,13.0240046,80.2046771
367789234,13.0208216,80.2039102
367871630,13.0223156,80.2032039
367871669,13.0222376,80.20368
368143407,13.022278,80.2012194
368144808,13.0210819,80.2009947
368144912,13.0205571,80.2010021
368367397,13.0189328,80.2036135
368385370,13.0176503,80.206925
368385372,13.0176467,80.207917
368385486,13.0171529,80.2092717
368385488,13.0159685,80.2128841
368386147,13.0125427,80.2118132
368386148,13.0144754,80.2124988
368386157,13.0145302,80.212059
368386197,13.0127038,80.2115383
368389274,13.0165628,80.2130011
368389294,13.0166422,80.2137483
368389724,13.0146945,80.2126915
368389790,13.0148048,80.2117666
368389806,13.0149731,80.2127289
368389907,13.0151325,80.2118428
368389923,13.0152804,80.21278
368390041,13.0154046,80.2118874
368390067,13.0155537,80.2128214
368390296,13.0158813,80.2087719
369149711,13.0141151,80.2080643
369150217,13.0152562,80.2108219
369150269,13.0149161,80.2107772
369150270,13.0155564,80.2108613
369632083,13.0154629,80.2067576
369632085,13.0144872,80.20665
369632092,13.0154158,80.2078933
369632138,13.0147081,80.2107499
369632146,13.0145852,80.2117042
369632165,13.0159857,80.2119549
369643898,13.0216456,80.2062933
369672908,13.0148592,80.2096922
370223894,13.0258395,80.200926
370223900,13.0271445,80.2011321
370223908,13.020454,80.1995754
391847431,13.0159651,80.2109067
391847432,13.0166318,80.2109009
391847433,13.0157166,80.2119266
391847436,13.0161161,80.2093331
391847437,13.016203,80.208664
391847440,13.015607,80.2085905
410668641,13.0235701,80.2648631
410672246,13.0218335,80.2528979
410695946,13.0212936,80.2617662
410703484,13.0213696,80.2455939
410705972,13.0199502,80.2439649
410706083,13.0191787,80.2434273
410709397,13.0196247,80.2448889
416016093,13.0206782,80.2137428
416016127,13.0202381,80.2153456
416838241,12.9818778,80.2527726
416849807,12.9954084,80.2432073
416849871,12.997043,80.2431628
416849961,12.9965296,80.2431746
416850068,12.9950937,80.2422577
416852363,12.9951626,80.241494
416852573,12.9857743,80.2409888
416852633,12.9855969,80.2417514
416852691,12.9859894,80.2410705
416852733,12.9859314,80.2416484
671200714,13.0067165,80.2406158
671200715,13.0068528,80.2406323
996565657,13.0308227,80.2395029
1012658101,13.0204875,80.2615965
1121392666,13.0075844,80.2059253
1141163143,12.9770791,80.2329924
1141163606,12.9753629,80.2308213
1141164395,12.9755596,80.2311357
1141164582,12.9737294,80.2293804
1183430564,13.0066145,80.2440014
1183430596,12.9862277,80.2515745
1183430748,12.9804711,80.2526333
1183430825,12.980078,80.2522717
1183430847,12.9862333,80.2433041
1184617186,12.9958259,80.2432361
1184617250,12.9948066,80.2171837
1197468247,12.98851,80.2059119
1197468250,12.9859104,80.2042914
1197468366,12.9870115,80.2044107
1197468435,12.9882327,80.2037983
1241211260,12.9722102,80.2193469
1241211262,12.9722773,80.2189814
1241211266,12.9723398,80.2184256
1272541153,13.0223082,80.2686967
1272541221,13.0231445,80.2673562
1279913627,13.0211443,80.2622122
1279913694,13.0247332,80.259769
1279913813,13.0247315,80.2592645
1279913826,13.0248701,80.2592961
1279913989,13.0241796,80.2594756
1279914018,13.0246025,80.2597155
1359328247,13.0233141,80.2016217
1364815699,12.9824312,80.2388804
1410202203,13.0223571,80.2528549
1410716401,13.0299351,80.2359737
1411621698,13.0205114,80.2308244
1411621803,13.0211638,80.2255601
1411621892,13.0224416,80.226563
1412280354,13.0199649,80.2164024
1446415915,12.9744758,80.2652219
1446415917,12.9749398,80.2653573
1446415918,12.9752722,80.2569221
1446415927,12.9755234,80.2560212
1446415944,12.9791248,80.2627121
1446415947,12.9792656,80.2616179
1453447496,12.9754511,80.2549308
1453447504,12.9757392,80.2550334
1453466282,12.9741973,80.2651499
1453466285,12.974723,80.2596754
1453466290,12.974876,80.26578
1453466291,12.9752456,80.2586721
1454664553,12.9813002,80.2432847
1454664555,12.9812756,80.2431561
1457503198,12.9692485,80.2204526
1457503207,12.9693189,80.222965
1457503208,12.9698015,80.2229406
1457503214,12.9702862,80.2229162
1457503216,12.9709226,80.2235316
1457503217,12.9711316,80.225604
1457503221,12.9714473,80.2234972
1457503224,12.971617,80.2250879
1457503226,12.9718482,80.222742
1457503227,12.9718728,80.222943
1457503229,12.9719286,80.2234566
1457503237,12.9720962,80.2250348
1457503239,12.9722446,80.2234588
1457503240,12.9722662,80.2229675
1457503242,12.9723584,80.2235031
1457503247,12.9725852,80.2235096
1457503248,12.9726131,80.2229899
1457503249,12.9726187,80.2252901
1457503250,12.9726457,80.2279207
1457503254,12.9729261,80.2235157
1457503257,12.9729592,80.2282217
1457503263,12.9729847,80.2251309
1457503274,12.9742569,80.2260175
1457503275,12.9743171,80.2276306
1457503277,12.9743239,80.2279979
1457503368,12.9757866,80.2296463
1457503500,12.9763685,80.2249129
1457503502,12.9764595,80.2240142
1457503503,12.9767005,80.2225008
1457503505,12.9780161,80.226238
1457503507,12.9784165,80.2263361
1457503509,12.9787684,80.2269142
1457503510,12.9784227,80.2278353
1457503511,12.9783717,80.2252635
1457503516,12.9792349,80.2288231
1457503518,12.9793422,80.2268928
1457521712,12.9788785,80.2417627
1497332702,13.0204702,80.214516
1497332707,13.0196324,80.2132751
1497332734,13.0197838,80.2129962
1528037753,12.9794126,80.2265993
1640633833,12.9775744,80.230222
1640636923,12.9781741,80.2326044
1640636924,12.9781798,80.2330911
1640665331,12.9783938,80.2303537
1640665340,12.9786235,80.229831
1640674279,12.9796393,80.2288446
1640674281,12.9772974,80.2276788
1640674290,12.9796622,80.2274089
1640675574,12.9819648,80.2314569
1641560713,12.9823524,80.229516
1641560714,12.9822147,80.2309494
1641560827,12.9814681,80.2313745
1641560828,12.9814264,80.2302983
1641560829,12.9809355,80.2306045
1641561884,12.9723671,80.225415
1641561885,12.9726799,80.2273606
1641561887,12.9725601,80.2263107
1641563438,12.9731723,80.2235311
1641563439,12.9735514,80.2235034
1641563440,12.9733737,80.2251227
1641563441,12.9737606,80.2250934
1641564598,12.9742974,80.2266091
1641564599,12.9728289,80.2256111
1641564600,12.9734739,80.2267568
1641564602,12.9727709,80.2252326
1641564603,12.9742391,80.2256153
1641564604,12.9727804,80.2235131
1676204864,12.9864388,80.2515309
1676204899,12.9879526,80.2516363
1722523595,13.0132316,80.2222984
1723299453,13.0279981,80.2296258
1730498145,12.9978108,80.2687568
1730498149,12.9981605,80.2600356
1730498151,12.9983108,80.2577665
1730498152,12.9983148,80.2575677
1730498154,12.9987236,80.2600934
1730498180,13.0026237,80.2642254
1730498184,13.0031572,80.2644372
1750638810,13.0232248,80.2680712
1750659211,13.0205019,80.2670403
1751203571,12.977193,80.2190408
1751203573,12.9758898,80.2189812
1751205028,12.9767769,80.2190391
1751205029,12.976792,80.2194252
1751205809,12.9763109,80.2190088
1764122477,12.971629,80.213524
1765260863,12.9772512,80.2330059
1765261170,12.9742782,80.2290902
1765261172,12.9739996,80.2280482
1765262586,12.972625,80.2228224
1768289876,12.9708188,80.2225309
1875599379,13.0234798,80.2400283
1875599381,13.0241317,80.2407493
1875599384,13.0244077,80.2404925
1889993380,12.9738301,80.2195488
1889993384,12.973812,80.2199539
1889993394,12.974749,80.219798
1954341218,13.0103252,80.2278402
1986353938,12.9708735,80.2231087
1986353944,12.9718812,80.2230228
2146414136,12.9801425,80.2283929
2146414137,12.9801764,80.2282523
2146414141,12.9806072,80.2293003
2146417139,12.9809194,80.2293069
2157590806,13.0037109,80.2115162
2157590814,13.0037212,80.2119433
2166739512,12.9690099,80.2163164
2166813753,12.9911958,80.2515475
2166813756,12.9916269,80.2531783
2166836267,12.992026,80.251351
2166836269,12.992267,80.2523381
2166860186,12.9927526,80.2511715
2166860187,12.9930053,80.2521414
2166860188,12.9931233,80.25108
2166860189,12.993207,80.2528904
2166860190,12.9933664,80.2520518
2166860191,12.9935021,80.2509864
2166860192,12.9935769,80.2527879
2166860194,12.9937327,80.2519557
2166860195,12.9939403,80.2526853
2166883101,12.9867133,80.2531061
2166883119,12.9896302,80.2528889
2166883123,12.9897275,80.2522281
2166883128,12.9898232,80.2521598
2166924837,12.9885676,80.2523272
2166924842,12.9893659,80.2534736
2166973524,12.9872813,80.2535273
2166973529,12.9878162,80.2535429
2166973535,12.9896185,80.2534334
2166973537,12.9896408,80.2542177
2166973539,12.9897564,80.2535657
2166973544,12.9897077,80.253281
2167013025,12.9834896,80.2539194
2167013042,12.9851687,80.2539119
2167013044,12.9853168,80.2547261
2167013046,12.9853944,80.253139
2167013048,12.9854233,80.2544661
2167013050,12.9854654,80.253411
2167013054,12.9866318,80.2535962
2167027593,12.9732853,80.2126142
2167027596,12.9733426,80.2119183
2167027604,12.9752217,80.2095962
2167027609,12.9759725,80.2135833
2167027610,12.9759941,80.2125413
2167027611,12.9760344,80.2129794
2167027612,12.9760316,80.2141867
2167027614,12.9763121,80.2111245
2167027627,12.9763642,80.2136293
2167027630,12.9764112,80.2141345
2167027634,12.9765077,80.2119181
2167027689,12.9769079,80.2107404
2167027702,12.9769278,80.2111096
2167027707,12.9770087,80.2118634
2167027717,12.9775255,80.209302
2167027722,12.9775665,80.2100629
2167027727,12.9779429,80.2100678
2167027759,12.9779739,80.2093168
2167027768,12.9785868,80.2170521
2167027772,12.9785906,80.2116397
2167027776,12.9785932,80.2174881
2167027781,12.9788912,80.2112061
2167027785,12.9789769,80.2125556
2167027803,12.979261,80.2073446
2167027807,12.9792803,80.217557
2167027811,12.979287,80.2089558
2167027819,12.9793955,80.2073716
2167027821,12.9794415,80.2177081
2167027825,12.9795109,80.2186029
2167027827,12.9795738,80.2111385
2167027835,12.9804436,80.2126335
2167027849,12.9806808,80.2110627
2167027852,12.9806932,80.2126891
2167027857,12.9807544,80.2086156
2167027860,12.9807972,80.2076095
2167027867,12.9810385,80.2100799
2167027870,12.9810452,80.2098313
2167027874,12.9815697,80.2101332
2167054617,12.9845634,80.2577475
2167054620,12.9857831,80.2579115
2167054621,12.9878964,80.2607055
2167054622,12.987984,80.2599387
2167054623,12.9883089,80.260685
2167054624,12.9883976,80.2599813
2167054629,12.9887879,80.2580362
2167054630,12.9888652,80.2612935
2167148939,12.9757796,80.2163163
2167148944,12.9758552,80.2184046
2167148947,12.9761267,80.2151986
2167148951,12.9761651,80.2170782
2167148954,12.9761855,80.2162909
2167148957,12.976225,80.2170706
2167148962,12.9765375,80.2170377
2167148965,12.9766096,80.2183318
2167148970,12.9769947,80.2149392
2167148972,12.9767775,80.2153643
2167148976,12.9768919,80.2190472
2167148980,12.9769513,80.2143194
2167148985,12.9770213,80.2164195
2167148991,12.9770634,80.2169886
2167148994,12.9770889,80.214315
2167148997,12.9771982,80.2161219
2167149000,12.9771911,80.2163537
2167149016,12.9772296,80.2169641
2167149026,12.977546,80.2169049
2167149030,12.9778537,80.2169036
2167149032,12.9781166,80.2191203
2167149046,12.9802393,80.2183344
2167149063,12.9818737,80.2131141
2167149068,12.9818968,80.2124841
2167149073,12.9823833,80.2063881
2167149075,12.9824459,80.2047434
2167149106,12.9831996,80.2070284
2167149149,12.9840564,80.2154985
2167149156,12.9841594,80.2165558
2167149158,12.9843107,80.2095791
2167149162,12.9843444,80.2104068
2167149164,12.9843541,80.2137503
2167149180,12.9847857,80.2129242
2167149183,12.9847935,80.21166
2167149210,12.9858,80.2083455
2167149212,12.9858919,80.2090937
2167149222,12.9860507,80.2037857
2167149252,12.9871943,80.2085806
2167149303,12.989458,80.2080085
2167149306,12.9894987,80.2093816
2167149309,12.9897552,80.2084734
2167149315,12.9899768,80.207755
2167149324,12.9902326,80.2069656
2167149327,12.990239,80.2081346
2168356844,13.0036069,80.2120106
2168356860,13.0071592,80.204828
2168576074,12.9719875,80.2255222
2168576076,12.9735361,80.2270689
2168576077,12.9737523,80.2280917
2168576080,12.9740286,80.2291262
2168576084,12.9743122,80.2269619
2168576086,12.9743876,80.2234052
2168576088,12.9752323,80.2250547
2168576090,12.9755916,80.2263147
2168576094,12.9758421,80.2271946
2168576097,12.9760377,80.2278877
2168576100,12.9762296,80.2262664
2168576102,12.9764404,80.2269675
2168576106,12.9774046,80.2242216
2168576107,12.9774734,80.2249966
2168576110,12.9781336,80.2235055
2168576111,12.9781672,80.2245012
2168582368,12.9931627,80.2704825
2168591057,12.9806625,80.228085
2168591059,12.9838423,80.2242615
2168591060,12.9838672,80.2263001
2168591066,12.9850134,80.2303034
2168591067,12.9850804,80.2232491
2168591068,12.985078,80.2296124
2168628382,12.9740831,80.2633474
2168628388,12.9743116,80.2632419
2168628390,12.974457,80.2642341
2168628393,12.9747049,80.2641143
2168628433,12.979072,80.2632817
2168628435,12.9791317,80.2635859
2168628442,12.9797866,80.2633431
2168628444,12.9798654,80.2624277
2168628456,12.9808825,80.2661965
2168628462,12.9814504,80.2663607
2168628473,12.982009,80.2668284
2168628476,12.9820927,80.2658803
2168628478,12.9825067,80.2653664
2168628479,12.9829433,80.2666242
2168628480,12.98392,80.2663724
2168628526,12.9963669,80.2719154
2168628529,12.9964041,80.2714912
2168628919,13.0129105,80.2233425
2168628932,13.0129739,80.2259861
2168628935,13.0129495,80.2255752
2168628943,13.0131496,80.2246873
2168628946,13.0131466,80.2241792
2168628952,13.0131956,80.2254913
2168668788,12.9786245,80.2563916
2168668790,13.0141085,80.2246884
2168668803,12.9917536,80.2585866
2168668834,13.0163198,80.2287758
2168668837,13.016658,80.2289273
2168668838,13.0167557,80.2279463
2168668839,13.0169017,80.2260673
2168668842,13.0171933,80.2291671
2168668843,13.0172139,80.2266577
2168668848,13.0173221,80.2264928
2168668849,13.0174684,80.2266248
2168668850,13.0175211,80.2282305
2168668851,13.017539,80.227878
2168668854,13.0175549,80.2271423
2168668857,13.0178364,80.2287709
2168668860,13.018887,80.2301485
2168668861,13.0191625,80.2294141
2168668870,13.0195257,80.2295688
2168668876,13.020281,80.228931
2168668880,13.0210563,80.2292046
2168668882,13.022176,80.2295624
2168668912,13.0255065,80.2270461
2168668916,13.0257014,80.2270616
2168668920,13.0258319,80.2310137
2168668922,13.0258671,80.2256399
2168668925,13.0264246,80.2275123
2168668927,13.0263066,80.2267453
2168668934,13.026593,80.225462
2168668937,13.0265978,80.2271067
2168668966,13.0296281,80.2273717
2168737133,12.9741138,80.2621897
2168960104,12.99193,80.2092867
2168960106,12.9923269,80.2065686
2168960109,12.9933426,80.2068251
2168960112,12.9934462,80.2101086
2168960115,12.9934823,80.2094739
2168960194,12.9971062,80.2119397
2168960212,12.997843,80.2106136
2168960219,12.9982141,80.2120845
2168960226,12.9986336,80.2123059
2168960231,12.9988363,80.2107104
2168960235,12.9991262,80.2100856
2168960236,12.9993856,80.2079622
2168960237,12.9998066,80.2130485
2168960241,12.9999909,80.211602
2168960244,12.9999816,80.2107964
2168960247,13.000596,80.2131585
2168960251,13.000798,80.2118895
2168960252,13.0009268,80.2131985
2172864851,13.0173857,80.2015154
2172864854,13.0177068,80.2007358
2172864868,13.0186847,80.2012804
2172864869,13.0187087,80.200741
2172864871,13.0193705,80.2013709
2172864874,13.0199301,80.2015353
2172864875,13.0213998,80.2025458
2172864895,13.024408,80.2016732
2172869870,13.0002813,80.2627664
2172869874,13.0023673,80.2607476
2172995830,12.9965924,80.2533554
2172995831,12.9969193,80.2532624
2172995833,12.9976327,80.2530485
2172995834,13.0019912,80.2437122
2172995850,13.0027179,80.2450689
2172995851,13.0036622,80.2446811
2172995854,13.0038607,80.2449877
2172995858,13.0040608,80.2446794
2172995861,13.0042762,80.2438676
2172995863,13.0050016,80.2441071
2172995868,13.0050713,80.2431921
2173002867,12.9945443,80.2625476
2173002868,12.9947016,80.261673
2173017133,13.0057306,80.2435592
2173017135,13.0057687,80.2433971
2173017231,13.0148259,80.2445413
2173017243,13.0148845,80.2441237
2173017275,13.0233366,80.2394755
2188756766,13.0174047,80.2718323
2188756773,13.0175662,80.2710494
2188756778,13.0178809,80.2701701
2188756862,13.019964,80.2710419
2188756965,13.0208034,80.269693
2197525463,12.9679817,80.2175777
2197525484,12.9706155,80.2187455
2198054394,13.0072634,80.2381057
2198054401,13.0091482,80.2283395
2212827519,13.0069116,80.2403241
2212827520,13.0069328,80.240213
2212827527,13.0145157,80.2405017
2212827552,13.0179006,80.2411159
2212827553,13.0181099,80.2411727
2212827559,13.0204193,80.2418886
2212827560,13.0210407,80.2421025
2212827590,13.0241214,80.2431284
2215260201,13.01646,80.2532378
2215260219,13.0166127,80.2527815
2215260256,13.0169327,80.2529942
2215260270,13.0171336,80.2530381
2215260274,13.0171122,80.2527364
2215260321,13.0179884,80.2528453
2215260322,13.0180404,80.2516412
2215260330,13.0181646,80.2516986
2215260332,13.0181954,80.252861
2215260333,13.0182581,80.2510915
2215260334,13.0182522,80.2519447
2215260344,13.0183805,80.2518002
2215260348,13.0184202,80.2529097
2215260349,13.018458,80.2507414
2215260350,13.0184368,80.2512158
2215260351,13.0184427,80.2520203
2215260354,13.0185068,80.2518808
2215260358,13.0186613,80.2508749
2215260359,13.0186517,80.2528875
2215260361,13.0186598,80.2519634
2215260362,13.0186706,80.2514696
2215260365,13.0187944,80.2516386
2215260370,13.0188466,80.2520596
2215260371,13.0188784,80.272629
2215260391,13.0196124,80.262125
2215260399,13.0200631,80.2607416
2215260438,13.0241483,80.2583495
2216189371,13.0194444,80.2338637
2216189440,13.0300698,80.2377393
2216290034,13.0241814,80.2656049
2218345758,13.0118888,80.2484713
2218345768,13.0124323,80.2479627
2218345771,13.0125098,80.2485231
2218345781,13.0133463,80.2487961
2218345800,13.013681,80.2474518
2218345819,13.0143899,80.2490091
2218345822,13.0147916,80.2433857
2218345836,13.0150616,80.2470722
2218345850,13.0154513,80.2347918
2218345855,13.0155236,80.2438202
2218345862,13.0157208,80.2480894
2218345867,13.0158267,80.2439283
2218345874,13.0159968,80.2447986
2218345876,13.0160609,80.2472345
2218345890,13.0165101,80.2481415
2218345989,13.0175525,80.2424683
2218346016,13.0180704,80.243379
2218346022,13.0180958,80.2473683
2218346026,13.0181667,80.2426242
2218346030,13.0182825,80.2469052
2218346036,13.0184616,80.2444944
2218346037,13.0184394,80.2447665
2218346060,13.0194599,80.2425638
2218346064,13.0196646,80.2446255
2218346065,13.0197351,80.2442127
2218346081,13.0212081,80.2407064
2218346084,13.0213908,80.2401414
2230781326,12.9697534,80.2159034
2230781347,12.9726705,80.2132621
2230781350,12.9725725,80.2130157
2230781355,12.9733807,80.2132767
2230781367,12.9753342,80.2118168
2230781369,12.9754002,80.2125753
2230781372,12.9756989,80.2137324
2230781378,12.9759882,80.2137668
2230781452,12.9833068,80.2128493
2230785698,12.9826813,80.2194177
2237592459,13.0211986,80.2257563
2237592486,13.0295237,80.2307557
2237592494,13.0301476,80.230686
2237675523,13.017919,80.2181091
2237675526,13.0180724,80.21776
2237675537,13.0182774,80.2178278
2237675542,13.0183451,80.2182153
2237675544,13.0183793,80.2175045
2237675550,13.0184293,80.2178781
2237675551,13.0184756,80.2178934
2237675555,13.0185277,80.2175543
2237675562,13.0186907,80.217609
2237675563,13.0186891,80.2184629
2237675577,13.018984,80.2184033
2237675805,13.0258761,80.2273866
2237675807,13.02629,80.2270471
2237675809,13.0263266,80.2259063
2237675811,13.0263771,80.2264779
2237675813,13.0263873,80.2262028
2237675815,13.0267442,80.2265256
2237675817,13.0267973,80.2262462
2237675819,13.0268473,80.2259754
2237675821,13.0269928,80.2268142
2237675823,13.0272213,80.2255929
2237675825,13.0274428,80.2273319
2237675827,13.0275297,80.226909
2237675829,13.0277482,80.2273311
2237675831,13.0277506,80.2257275
2237675832,13.0278119,80.2269424
2237675834,13.0279864,80.2274989
2237675835,13.0280683,80.2258208
2237675836,13.0280861,80.2262719
2237675838,13.0280888,80.2270987
2237675840,13.0281441,80.2253874
2237675844,13.0282201,80.2258853
2239155973,13.0269243,80.22707
2239155975,13.026969,80.2268119
2239155981,13.027021,80.2274727
2239155983,13.0272154,80.2271178
2239237809,13.019473,80.218914
2239237824,13.0201422,80.2126765
2239237829,13.0202989,80.2136356
2239237834,13.0203571,80.2149568
2241055810,13.006134,80.2117699
2241055860,13.0071172,80.2127401
2241055918,13.0080425,80.2131551
2241058223,13.0090089,80.2116525
2241058261,13.0093888,80.2085791
2241058288,13.0096152,80.2108364
2241058327,13.0100889,80.2076514
2241060224,13.0107335,80.2117406
2241060226,13.0103276,80.2258148
2241062381,13.0115407,80.2075338
2241062385,13.0115476,80.2256785
2241062418,13.0119545,80.2126805
2241062430,13.0121169,80.2245197
2241062473,13.0124705,80.2238534
2241062480,13.0125057,80.2317273
2241063762,13.013842,80.2256626
2241063772,13.0141201,80.2220915
2241063790,13.0142701,80.2141097
2241063800,13.0143933,80.2313948
2241063805,13.0144541,80.2126551
2241063844,13.0146855,80.2275058
2241065633,13.0151269,80.2269283
2241065682,13.0153978,80.2070844
2241065693,13.0154183,80.2097858
2241065695,13.01553,80.2070913
2241065717,13.0156894,80.2080536
2241065718,13.015714,80.2098353
2241065728,13.0158322,80.2071233
2241065780,13.016338,80.2268677
2241065790,13.0164253,80.2142416
2241067975,13.0167769,80.2143818
2241068036,13.0171364,80.2270369
2241068063,13.0172114,80.2258616
2241068107,13.018229,80.2122633
2241068109,13.0183073,80.2123149
2241068110,13.0184126,80.2123842
2241068112,13.0184463,80.2119463
2241068117,13.0185099,80.2124483
2241068120,13.0185264,80.212
2241068135,13.0186288,80.2120686
2241068138,13.0187255,80.2121334
2241068144,13.0194014,80.2116181
2241068148,13.0194185,80.2106836
2241068154,13.0194308,80.2089737
2270289085,13.0186383,80.2591908
2270302194,13.0208593,80.257855
2270302207,13.0234417,80.257103
2270302209,13.0236353,80.2570233
2270302210,13.0237708,80.2585667
2270302212,13.0238045,80.256947
2270302213,13.0238045,80.2575595
2270302214,13.0240708,80.2574372
2270657205,12.9978453,80.2649618
2270657222,13.0026964,80.2604583
2270657223,13.002743,80.2601457
2270657224,13.0030555,80.2605092
2270657225,13.0031103,80.2601401
2270657227,13.0031936,80.2588993
2270657228,13.0033804,80.26056
2270657230,13.0034266,80.2602452
2270657232,13.0036034,80.2589121
2270657236,13.003741,80.2606122
2270657239,13.0037845,80.2602898
2274368824,12.9776314,80.2602975
2274368827,12.9855231,80.2602227
2274368828,12.9862089,80.2602927
2274401009,12.9923306,80.2423244
2274401012,12.9930199,80.2430038
2274401014,12.99306,80.2424836
2274401016,12.9934035,80.2430568
2274401018,12.9934968,80.2425741
2274401022,12.9939347,80.242678
2274401025,12.9943661,80.2427755
2274401028,12.9949686,80.2429124
2274401030,12.9952131,80.2438494
2274401031,12.9954525,80.2430201
2274401033,12.996048,80.2423734
2275098869,13.0191832,80.2033411
2275098870,13.0192448,80.2029292
2275098871,13.0194557,80.2034069
2275098872,13.0195068,80.2027251
2275098876,13.0217241,80.203278
2275098877,13.0219021,80.2019529
2275098883,13.0231821,80.2042131
2407564024,12.9755678,80.2099691
2407564026,12.9755589,80.2103588
2407564028,12.9763794,80.2129448
2407564029,12.9764168,80.213395
2407564048,12.9800806,80.2226675
2407564055,13.019677,80.2531999
2407564056,13.0199409,80.2527608
2407565207,12.9774482,80.2169205
2407565208,12.9774958,80.2176837
2407565209,12.9804894,80.2190936
2407565211,12.9805721,80.2195037
2407565215,12.9816668,80.2195492
2407565221,12.9837954,80.2165805
2407565222,12.98552,80.2152286
2407565225,12.9860023,80.2153798
2407565231,12.9863988,80.2154867
2407565891,12.985474,80.2233612
2407565892,12.9855465,80.2242978
2407565893,12.9857031,80.2299023
2407565895,12.9876696,80.221345
2442518721,12.9861768,80.2229732
2587530829,12.9907693,80.2560579
2623043962,12.9842224,80.217938
2699418581,12.9981807,80.2540899
2987837510,12.9813017,80.2153039
3000047797,12.988739,80.208764
3048092023,13.0256904,80.2302838
3146852560,13.0264761,80.2010338
3146856857,13.0150598,80.2097258
3216996445,13.0253858,80.2654342
3238555683,12.9829656,80.2086777
3265132498,12.9840885,80.2247357
3298604087,12.986069,80.2297223
3298604090,12.9861315,80.2290165
3298604092,12.9865243,80.2290598
3341059147,13.0265277,80.2029624
3341059148,13.0263214,80.2042454
3341059150,13.0266384,80.2023036
3341059151,13.0272883,80.2043929
3341065873,13.0264265,80.2037339
3341065876,13.0270758,80.2039358
3350192367,12.9826471,80.2527501
3388925676,13.0157592,80.2252845
3419458093,12.9861121,80.2271697
3419458094,12.9865585,80.2272503
3419458798,12.9861174,80.21945
3426336738,12.9849623,80.2209088
3426336740,12.9856707,80.22094
3426339340,12.9869278,80.2276903
3426339608,12.9857723,80.2288598
3431404935,12.9841279,80.2221196
3431404936,12.9843099,80.2210238
3493019110,12.9867401,80.2239403
3606391289,12.9847101,80.2561816
3673222594,13.0042344,80.250314
3673352444,12.9819192,80.2343453
3674393186,12.9897621,80.2125722
3674393190,12.9903568,80.2143242
3674393198,12.9918142,80.214623
3674393212,12.9926677,80.2113302
3674401338,12.9923862,80.2072165
3674408070,12.9787874,80.2614766
3674408086,12.9928734,80.2611382
3674408087,12.9960766,80.2592965
3674410071,13.0031092,80.2505
3674466519,12.9851536,80.2091241
3674798191,12.9772798,80.2580253
3701044127,12.9929876,80.2698792
3701044129,12.9926064,80.2693231
3728970243,12.9831044,80.2306858
3774546057,12.9987132,80.2567402
3774546061,12.999231,80.2568314
3875133337,12.981334,80.2160289
3875133338,12.9816751,80.2160014
3875696357,12.9815198,80.2160138
3900810109,12.9945069,80.2616239
3997983572,12.9849713,80.2562188
4113412285,12.9813985,80.2431562
4172729776,12.9832544,80.2252538
4221820417,12.9810607,80.2283255
4221820418,12.9817048,80.2283812
4226494690,12.9816725,80.2307039
4239226795,12.9698294,80.2193056
4239226796,12.9695272,80.2192215
4239255895,12.9737843,80.2292537
4239255900,12.9744838,80.2298264
4239255903,12.9754149,80.2307681
4252220047,12.9711198,80.2268273
4252220048,12.9711645,80.2260035
4252220057,12.9742879,80.2264706
4252220058,12.9743071,80.2268409
4252220059,12.9748861,80.2264216
4252220060,12.9749176,80.226806
4265546764,12.9773388,80.2231302
4265546765,12.977583,80.2235256
4265547662,12.9801266,80.228306
4265654355,12.9864954,80.220413
4265654358,12.9866349,80.2216268
4265654359,12.9866742,80.2215338
4265654360,12.9867024,80.219966
4265654365,12.9872854,80.2183271
4265654366,12.9874128,80.2219662
4265677246,12.9825529,80.2243823
4265677247,12.9832378,80.2194563
4265677248,12.9832445,80.2243439
4275748424,12.9846798,80.2306067
4278233217,12.9798165,80.2243975
4278233218,12.9804605,80.2243727
4278233219,12.9824311,80.2266827
4278233220,12.9831262,80.2231843
4278233221,12.9832337,80.2232963
4278233222,12.983249,80.2247555
4278233223,12.9848023,80.2237835
4278284248,12.9751655,80.228619
4278284249,12.9755993,80.2285718
4278284250,12.9766061,80.2297422
4278284251,12.9778204,80.2239033
4278284253,12.9781434,80.2238867
4278284257,12.9784922,80.2250409
4278284259,12.9788483,80.2248509
4278284260,12.9791712,80.2226527
4279691215,12.9829889,80.227964
4279691216,12.9830325,80.2296753
4279691218,12.9830685,80.229068
4279691221,12.9833674,80.2284399
4279691222,12.9833862,80.2290916
4294218142,12.9747988,80.2215878
4294218143,12.9751715,80.2219211
4294218144,12.97519,80.2215979
4294218147,12.9757854,80.2219418
4294274188,12.9702608,80.2195067
4294274197,12.9753683,80.2273414
4294274199,12.975859,80.2272418
4294274206,12.9782773,80.2303664
4294274209,12.9786188,80.2325189
4294274210,12.9783964,80.2308108
4294274211,12.9788821,80.23251
4294274214,12.9792164,80.2317337
4294274215,12.9792279,80.2304702
4294274216,12.9792312,80.2307838
4294274223,12.9821568,80.2321403
4294274225,12.9823802,80.2321872
4294274228,12.9825931,80.232198
4294274233,12.9827385,80.2318033
4294274234,12.9827613,80.2322116
4294274237,12.982879,80.232227
4294274238,12.9828838,80.2326172
4294274240,12.9830221,80.2316406
4294274247,12.9831677,80.2322825
4300667146,12.9838869,80.2185291
4300667151,12.9850183,80.2185684
4304449135,12.9843056,80.2185792
4314770660,13.0003399,80.2177247
4314770663,13.0001778,80.2163419
4324942496,13.0217151,80.2533169
4324942497,13.0217302,80.2536933
4329339261,12.9868029,80.2320324
4329339264,12.9869675,80.2306994
4335418563,12.9820341,80.2222307
4335418564,12.9820556,80.223015
4335419613,12.9816333,80.2192985
4335419614,12.9822548,80.2199336
4358646185,12.9857586,80.2185585
4392279388,12.9930945,80.2706283
4392279595,12.9928546,80.2705764
4410824052,13.0259592,80.2314274
4413815190,12.9945875,80.2506656
4415623860,13.0193296,80.2294822
4415687771,12.9824769,80.2662163
4450459258,12.9823897,80.2310798
4450459259,12.9824321,80.2306799
4450473918,12.9769934,80.2227628
4450473925,12.9816371,80.2332198
4450536983,12.9769846,80.2258047
4450539389,12.977976,80.225733
4450539390,12.9779831,80.226239
4450539392,12.9782589,80.2253209
4450560887,12.9729228,80.2262577
4450561191,12.974112,80.2232177
4452088812,12.9777141,80.2243294
4452088814,12.977909,80.2247585
4634160961,13.0239723,80.2632999
4839858814,12.9963634,80.2438468
4839873137,13.0058043,80.2519848
4839937391,12.9813092,80.2568145
4839937392,12.9811065,80.2572427
4839937393,12.9801864,80.2558086
4840270422,12.9779885,80.2581272
4841337246,12.9770002,80.2548724
4841378903,12.9930092,80.2431608
4841378906,12.9942307,80.2433213
4842516438,12.9780135,80.2555902
4843254562,13.0046329,80.2512117
4843289228,13.0042928,80.2450045
4843378601,13.0039566,80.2502105
4843378602,12.9862541,80.2530449
4843378603,12.9862114,80.2535616
4843437601,13.0028642,80.2502618
4843437603,13.0022541,80.2514881
4926000719,12.9770668,80.2227498
5124315540,12.9711937,80.2264418
5124315541,12.9721202,80.2263328
5183088716,12.9816964,80.2656046
5225935888,12.9876088,80.2556474
5269116891,13.0221873,80.2070154
5280203475,12.9949165,80.2592927
5280203477,12.9950951,80.2593292
5355073730,12.968753,80.2210887
5355073731,12.9680223,80.2208475
5360153610,13.021919,80.2078821
5388533196,12.9753276,80.2185044
5388533197,12.9753135,80.218275
5388533198,12.9756347,80.2182737
5388533200,12.9750777,80.2187361
5388533203,12.9771813,80.2185856
5406601848,13.0238233,80.2735553
5406601849,13.0240769,80.2734197
5455784934,13.0137705,80.2042473
5456056205,12.9783943,80.2250841
5458075965,13.0094243,80.2038422
5458540726,12.9833932,80.2166119
5458540727,12.9830393,80.2165533
5458687167,12.984273,80.2595336
5458687168,12.9841207,80.2594411
5460773146,13.0107557,80.2248574
5460910299,12.9842823,80.2594446
5528559495,13.0124371,80.2214953
5528559497,13.012364,80.2212602
5528559498,13.0145452,80.224045
5528559500,13.0133321,80.2226458
5562486548,12.9942293,80.2498244
5562486549,12.994403,80.2496895
5733272620,13.0071738,80.2131397
6245793329,13.0242288,80.2286243
6245793330,13.0244507,80.2284818
6245847122,12.9959039,80.2073595
6245904904,12.9799921,80.2176887
6245918932,12.9703114,80.2231885
6245972922,12.9871488,80.2075498
6304903884,12.9838201,80.2063772
6304943208,12.9864345,80.2068069
6304943212,12.9871408,80.206944
6304944533,12.9995469,80.2157458
6305009113,12.9876223,80.2075579
6305009114,12.9876315,80.20858
6305141294,12.9952042,80.2119835
6305144013,12.9858306,80.2156005
6305258154,12.9821204,80.210613
6305275796,13.017142,80.2138491
6305284076,12.9950512,80.2071663
6305292376,13.0191445,80.2465282
6305299479,12.9926272,80.2437866
6305299482,12.9930271,80.2434084
6305299483,12.9924103,80.2432984
6305444564,12.9833195,80.2150025
6305461631,12.9853748,80.2173448
6307225153,12.9710843,80.2251352
6307227168,13.016077,80.2016297
6307234631,12.9841423,80.2070838
6307239350,12.980487,80.2131882
6307239351,12.980692,80.213181
6307292987,13.0174102,80.200748
6307339499,12.9844039,80.212351
6307339504,12.9838975,80.2122063
6307362548,13.013371,80.224298
6318051102,12.9860798,80.2060719
6341503681,12.9850053,80.260864
6341503684,12.9849055,80.2619022
6444634789,13.0090503,80.2220148
6444634790,13.0091239,80.221904
6444819411,12.9950457,80.2166908
6444890773,12.9824138,80.2052949
6444993156,12.9843949,80.2167196
6445033946,12.9829157,80.2098097
6445038355,12.9920818,80.2085752
6445040425,12.9938924,80.2124909
6445046253,12.9855017,80.2096768
6445046255,12.9850165,80.2097091
6445046257,12.984318,80.2097574
6445046904,12.9837655,80.2099873
6445046905,12.9843271,80.2099824
6445060674,13.0159784,80.2115814
6445060676,13.0166444,80.2093129
6445148664,13.0240736,80.2066834
6445153073,13.0159726,80.2082122
6445153074,13.0156714,80.2081707
6445191536,12.9794639,80.2180767
6445277942,12.9807601,80.2224697
6445302904,12.9951261,80.2131002
6445481214,12.9825326,80.2358065
6445481215,12.9821398,80.2357627
6445481216,12.9817643,80.2357496
6445486637,13.0134876,80.2468148
6445651767,12.9798414,80.2195434
6445743573,12.9841625,80.225603
6445743574,12.983754,80.2256132
6445985885,13.004989,80.2481445
6446055847,12.9800612,80.239598
6446097872,13.0065753,80.2528749
6450934128,13.000841,80.2092076
6450947189,12.9861932,80.2498873
6451339709,12.9754137,80.2145152
6451339710,12.9746996,80.2144205
6451636063,13.0098627,80.2590605
6451636068,13.0092828,80.2587131
6451658877,12.9723609,80.2150113
6451660876,12.9709108,80.2188653
6451802676,12.9977449,80.2559049
6489913386,12.9805963,80.2383801
6496066205,13.0089966,80.2081092
6496066206,13.0090173,80.2085706
6496531946,12.9930638,80.2147343
6496890934,13.0204064,80.2438623
6496890935,13.0208126,80.2438404
6496905521,13.0195672,80.2416143
6496915031,13.0131544,80.210275
6496915033,13.0148034,80.2101312
6496965127,13.0136385,80.2257469
6496965128,13.013815,80.2264693
6497435374,13.017193,80.2085198
6497684538,12.9856771,80.2116952
6497689886,12.984646,80.2068082
6497689887,12.9851028,80.2068834
6497873011,12.9905772,80.2146511
6497888143,13.0294859,80.235921
6497888144,13.0289038,80.2363591
6497938465,13.0002991,80.2177932
6498272044,12.9798508,80.2089582
6498272045,12.9798489,80.209375
6498321179,12.9798909,80.2148843
6498321180,12.9795185,80.2148831
6502889951,12.9762582,80.2182454
6502889952,12.9766035,80.2182223
6536963541,12.996024,80.2598314
6536963544,12.9942999,80.2415523
6536963545,12.9948566,80.2416059
6536963546,12.9948187,80.2422095
6536963548,12.9963306,80.2419895
6536963549,12.9963266,80.2423824
6536963550,12.9960744,80.2418097
6536963551,12.9957687,80.2416086
6536963552,12.9940761,80.2605891
6536963580,12.9976334,80.2540702
6547624283,12.9808608,80.2247979
6547624284,12.980895,80.2253603
6547635085,12.9810254,80.2261256
6552436476,12.9817788,80.2259315
6552436477,12.9817648,80.2253171
6583208815,12.9763456,80.2198209
6585596278,13.0203763,80.2374217
6586209794,13.0161584,80.2354311
6586209798,13.018905,80.236558
6588171743,12.9924494,80.2154999
6588259894,12.9782926,80.2247125
6588259895,12.9782125,80.224769
6595530675,12.9801055,80.2370032
6595530678,12.9804853,80.2365531
6595530680,12.9811823,80.2366534
6595580907,12.9754818,80.2234527
6637715204,12.988814,80.206696
6727378286,13.0094047,80.2595885
6773718417,13.0009168,80.2565019
6773718418,13.0011421,80.2568352
6773718422,13.001551,80.2565871
6774041896,12.9866501,80.2516402
6783512455,13.0189207,80.2106835
6786335837,12.976394,80.2124986
6786335838,12.9766867,80.2113587
6786335839,12.9767261,80.2118891
6786335840,12.976313,80.2113962
6786335841,12.9763521,80.2119307
6790387533,12.9906304,80.2117516
6790387534,12.9911588,80.2118957
6790452752,13.0235118,80.2702048
6790452753,13.0228717,80.2694132
6790452754,13.0226213,80.2696231
6790452757,13.0231815,80.270901
6790452764,13.0225867,80.271113
6790452768,13.0221503,80.2713146
6790452769,13.0220787,80.2713793
6795313107,12.9919165,80.2120699
6795313110,12.9898055,80.2147968
6799326136,13.0066016,80.2428757
6801270882,12.9957713,80.2102724
6804537842,12.9832551,80.2575773
6804537846,12.9816298,80.2568805
6804537848,12.9824496,80.2568372
6804537849,12.982875,80.2568776
6804537851,12.9833304,80.2569267
6804537854,12.9834968,80.2554896
6804537857,12.9830193,80.2554354
6812001750,12.9967043,80.2165718
6812001753,12.9953837,80.2169
6816790397,13.0066491,80.2473998
6816790401,13.0066597,80.2476619
6818831853,12.9696917,80.21927
6869017084,13.0120179,80.2236049
6988819699,12.9967252,80.2420995
6988819701,12.9957347,80.2417695
6988819703,12.9942685,80.2431724
6988819704,12.9916785,80.2427727
7016048930,12.9775466,80.215724
7018303439,13.0220722,80.2057096
7018373640,12.9756161,80.2310816
7018971562,13.0023498,80.2641571
7024754331,13.016796,80.202259
7024754332,13.0168268,80.2018811
7024754333,13.0168315,80.2015964
7024968822,12.991548,80.2560688
7025018515,13.0128732,80.2260258
7025018516,13.0127115,80.2264622
7025018517,13.012982,80.2263696
7025018518,13.0137264,80.2261066
7027462127,12.9835167,80.2369367
7030307788,12.9825283,80.211592
7030307789,12.9825165,80.2110864
7030307790,12.9825244,80.2112983
7030307791,12.9828025,80.2112998
7030613348,13.0137601,80.2453281
7035475566,13.028647,80.2276383
7035475567,13.0287077,80.2272178
7035475569,13.0284283,80.2270749
7035475572,13.0296405,80.2272982
7035475575,13.0299323,80.2273414
7035475576,13.0292099,80.2272367
7035475577,13.0287714,80.2271375
7042650198,13.0194083,80.2196381
7043256355,12.9843552,80.2425367
7043256358,12.9848087,80.2424629
7045420774,13.0245672,80.2398337
7045420776,13.024147,80.2402341
7047990709,12.9993219,80.2560894
7047991372,13.0168601,80.2480567
7048509550,13.0206535,80.2696273
7050859133,12.9974211,80.2552758
7101220995,12.9883249,80.251317
7111954110,12.9915416,80.2195552
7111954111,12.9915857,80.2195977
7111954112,12.9914896,80.2196713
7171897980,13.0228936,80.2085114
7172006387,13.0224655,80.2363547
7266494417,12.9890702,80.2169859
7266494418,12.9891825,80.2162966
7266494419,12.9895385,80.2162567
7266494420,12.9894251,80.2173754
7652452428,13.0208849,80.2268175
7800752329,12.9686982,80.2229732
7806646876,12.9782038,80.2162154
7806646878,12.9786456,80.2160284
7806670135,12.9737525,80.2182281
7806670146,12.9893682,80.2177201
7806670150,12.9928011,80.2108392
7806740559,12.9746734,80.2116259
7806740563,12.9746198,80.2110762
7806740567,12.9759394,80.2107616
7806740575,12.9817298,80.211533
7806740576,12.9817102,80.2109996
7806740579,12.9823812,80.2125653
7806766990,12.9890317,80.2083526
7806766991,12.9892312,80.2076226
7806766992,12.9894676,80.2068301
7806767001,12.9866891,80.2136345
7806767005,12.9864169,80.2162661
7806767006,12.9857953,80.2162001
7806767007,12.9864566,80.2167539
7806767040,12.9827256,80.217271
7817675804,12.9693839,80.2159332
7825577542,12.9980476,80.2114069
7825577543,12.9981445,80.2106596
7825577566,13.0098957,80.2059291
7826160025,12.9952039,80.2093796
7826160038,13.0090875,80.216376
7826160040,13.0099544,80.2161866
7826160048,12.9946599,80.2149358
7826160049,12.9948629,80.2144265
7826160050,12.9939392,80.2152023
7826160051,12.9932628,80.2138654
7826394668,13.0108674,80.2088048
7826394669,13.0108257,80.208043
7826394670,13.0113368,80.2087706
7826394671,13.0112971,80.2080081
7826394674,13.0037724,80.2104668
7826394679,13.0048719,80.2103704
7826394680,13.0099908,80.2066681
7826394681,13.0106339,80.2066299
7826394719,12.9940661,80.2088234
7826394720,12.9940711,80.2082957
7826394723,13.0010053,80.2181298
7826394724,13.0014321,80.2172703
7826460018,12.999274,80.2090837
7826460019,12.9993367,80.2086677
7826460021,13.0012335,80.2091649
7826460022,13.0015249,80.2091814
7826460029,13.00201,80.2111849
7826460030,12.9997474,80.2107637
7826460031,12.9998967,80.2102134
8041810500,12.976767,80.2236092
8041810501,12.9764117,80.2236258
8042009288,12.9721644,80.2254773
8042009289,12.9760984,80.2223238
8140811078,12.9875915,80.255758
8140811080,12.9875765,80.2558611
8697656184,12.9705935,80.2186476
9179560423,12.9747577,80.260411
9179560424,12.976934,80.2625555
9179560425,12.9769549,80.2621575
9179560428,12.9780677,80.2610076
9179560429,12.9781644,80.2603624
9179560434,12.9804713,80.2636786
9179560436,12.9805811,80.2624815
9179560441,12.9795794,80.2651567
9179560443,12.9797081,80.2641141
9179560450,12.9786641,80.2661035
9179560461,12.9787506,80.2653608
9179560466,12.9815327,80.2660336
9179560469,12.9809947,80.2656849
9179560472,12.9817571,80.2612263
9179560473,12.9843742,80.26017
9179560475,12.983804,80.2601015
9179560476,12.983536,80.2600599
9179560477,12.9838798,80.2595181
9179560478,12.9834557,80.264817
9179560479,12.9843772,80.2626852
9179560480,12.9857338,80.2619797
9179560481,12.985709,80.2623845
9179560486,12.9879937,80.2622303
9179560487,12.9881035,80.2611605
9179560490,12.9875694,80.260532
9179560491,12.987623,80.2598964
9179560494,12.9878709,80.2581126
9179560495,12.9879929,80.2564713
9179561418,12.9936051,80.262722
9179561420,12.9953033,80.2571464
9179593788,12.9981289,80.2573958
9179593807,13.0055726,80.2584799
9179593810,13.0051878,80.2588931
9179599519,12.9981072,80.262691
9179599520,12.9981778,80.2621894
9179599528,12.9797188,80.2567885
9179599531,12.979147,80.2565414
9179599533,12.9796203,80.2549384
9179599534,12.9794292,80.25454
9179599548,12.9870763,80.2525616
9179599549,12.9869614,80.2533781
9179599558,12.9949151,80.252037
9179599560,12.9945343,80.2521367
9179599563,12.9947488,80.2512672
9179599572,13.0047272,80.2531271
9179599575,13.0083317,80.2502343
9179599577,13.0082793,80.2515241
9179599578,13.0081382,80.2544743
9179599579,13.0073332,80.2514917
9179599582,13.0072129,80.2544166
9179599583,13.0091969,80.2515526
9179599584,13.0091838,80.2519934
9179599586,13.0111484,80.2541274
9179599600,12.9960868,80.2432472
9179599602,12.9963383,80.2432124
9179599603,12.996341,80.2435827
9179599604,12.9938106,80.2420526
9179599613,12.9843291,80.2419198
9181580857,13.0198767,80.2587768
9181580860,13.0196146,80.2577212
9181580865,13.0208854,80.2576252
9181580866,13.0202656,80.2605863
9181580876,13.023171,80.2561217
9181580881,13.0229173,80.2611924
9181580882,13.0221243,80.2609577
9181580883,13.0177591,80.2640912
9181580885,13.0172062,80.2642146
9181580886,13.0197637,80.2684227
9181580899,13.0232024,80.269124
9181580900,13.022988,80.2709795
9181580902,13.0224685,80.2697644
9181580928,13.0184339,80.2457196
9181580929,13.0192487,80.2463174
9181580930,13.0187217,80.24528
9181580934,13.0190928,80.2455288
9181580935,13.0191501,80.2453981
9181580937,13.0197461,80.2451277
9181580951,13.0142109,80.2453043
9181580962,13.0126433,80.2470369
9181580963,13.0126096,80.2462968
9181580966,13.0120873,80.2458345
9181580968,13.011781,80.2479411
9181580971,13.0115432,80.2471579
9181580980,13.009425,80.2603068
9181580982,13.0096341,80.2592391
9181606853,13.0239298,80.2650984
9181606854,13.0243235,80.2653934
9181606856,13.0251144,80.2668157
9189073691,13.0175098,80.2287717
9189073692,13.0162541,80.2259636
9189073711,13.0304527,80.2384307
9189073712,13.0309209,80.2381329
9189109007,13.0226877,80.2095769
9189109013,13.0227748,80.2091052
9189109014,13.0255516,80.2092239
9189133168,13.0224656,80.2405373
9189133171,13.0218899,80.2394136
9189133175,13.0214631,80.239809
9189133178,13.0235017,80.2395537
9189140906,13.0136018,80.2275379
9189140907,13.0139294,80.2256602
9189140910,13.0140862,80.2263551
9189148323,13.0132132,80.2259028
9189148333,13.0220235,80.2083313
9189148334,13.021804,80.2092949
9189148339,13.0245807,80.2028172
9189148353,13.0226093,80.2046603
9189148354,13.0225229,80.2050339
9189148357,13.0209112,80.2053314
9189148358,13.02229,80.2017131
9189148364,13.0206113,80.201666
9189148366,13.0198924,80.202438
9189148368,13.0198819,80.2027612
9189148370,13.0194591,80.2001309
9189148371,13.0185967,80.2031433
9189148374,13.0175279,80.2024851
9189148375,13.0174353,80.2025491
9189148377,13.0179042,80.2020402
9189148378,13.0179052,80.2018528
9189148379,13.0183565,80.2018423
9189148383,13.0174296,80.2015182
9189149390,13.0185108,80.2026444
9189149391,13.0184278,80.2030907
9189157726,13.0193443,80.2016672
9370418225,12.9913927,80.2194492
9502019360,13.0214597,80.2630463
9502019361,13.0215119,80.263157
9502019362,13.0227086,80.2637388
9502019363,13.0232046,80.2640023
9502019364,13.023543,80.2641901
9502019365,13.0238752,80.2643699
9502019366,13.0242465,80.2645974
9502019367,13.0258334,80.265728
9502019368,13.0250443,80.2651938
9502019369,13.0246467,80.2648896
9502019376,13.0224196,80.2635977
9504215829,13.0246012,80.260961
9504215836,13.0244994,80.2616084
9504215837,13.0244564,80.2617425
9504215838,13.0239551,80.2615862
9504215839,13.024638,80.2612593
9504215840,13.0240959,80.2610976
9504215841,13.0243423,80.26118
9504215842,13.0242064,80.2616642
9504215843,13.0240165,80.2623205
9555938654,13.0241196,80.2645047
9571012328,12.9874074,80.2580865
9575558232,12.9680591,80.2176056
9580377276,13.007614,80.2063452
9692745546,13.007757,80.2061468
9728670869,13.0068228,80.2577211
9819235511,12.9876844,80.2558837
9853373923,13.0205896,80.2751364
9853373945,13.0191529,80.2723619
9882536277,12.9789037,80.2605227
9882536278,12.9791269,80.259418
9885084116,13.0183734,80.218775
9885596554,13.0139131,80.2232656
9931546811,13.0065875,80.2526015
10001274214,13.0237238,80.2065898
10004178901,12.9728232,80.2118948
10023438315,13.0235608,80.2055945
10029118614,12.9737547,80.2293111
10041001558,12.9938464,80.2416367
10098223822,12.9710769,80.2268813
10116438776,13.0203632,80.2461097
10120160579,12.9781365,80.2193279
10120160596,12.977206,80.2194883
10120160611,12.97508,80.2204894
10120161726,12.9754853,80.2207189
10120161792,12.9782554,80.2250556
10172868202,13.0119504,80.2450626
10172868207,13.0125716,80.244955
10172868208,13.0119616,80.2452868
10183100347,13.0179803,80.2607532
10183100349,13.0181331,80.2603373
10228331246,13.0037845,80.2503818
10228331247,13.0035055,80.2504314
10228331250,13.0032559,80.2504771
10248730634,12.9946565,80.2706336
10248730637,12.994467,80.2714009
10258358775,12.9964092,80.2611719
10258358776,12.995776,80.2610839
10272969983,12.9892301,80.2596192
10272969985,12.9893416,80.2588458
10280133244,13.0132592,80.2097498
10280133246,13.0131072,80.2097595
10280133247,13.0131716,80.2098294
10280133250,13.0132025,80.2096765
10280133253,13.0131337,80.2096924
10280643072,12.9855962,80.2158424
10280643073,12.9851742,80.2158587
10281683488,12.9850757,80.2521534
10281683489,12.9850484,80.2522508
10281695761,13.0021362,80.2679926
10281695769,13.0006532,80.2670611
10281695771,12.99952,80.2670076
10281695780,13.0000855,80.2667776
10281695784,13.0059873,80.2703378
10281695793,13.0068053,80.2701478
10281826355,12.9746786,80.2203347
10281826356,12.9746256,80.2205119
10282022435,12.9876994,80.2557785
10285678607,13.0008488,80.2709141
10285678608,12.9960295,80.2704433
10285691846,12.9975179,80.2706841
10285691859,12.9972207,80.2711303
10285691898,12.9986312,80.2708137
10285691899,12.9986409,80.2707296
10285691900,12.998649,80.2706602
10285691912,12.9983147,80.2688129
10285691913,12.9981675,80.2699972
10285691914,12.9961092,80.2697534
10285691915,12.9962466,80.2685647
10285691916,12.9976585,80.2699365
10285692039,12.9977196,80.2694645
10285692040,12.9961651,80.2692697
10285692124,12.99659,80.2698119
10285692125,12.9966427,80.26933
10285692131,12.998872,80.2682015
10292613444,12.9959672,80.2705079
10308554921,13.0307464,80.2389274
10308554924,13.0312031,80.239091
10308628820,13.0008946,80.2710428
10308628838,12.9954086,80.270351
10310854925,12.9968561,80.2558123
10310854926,12.9968581,80.2559174
10310854934,12.9968447,80.2556621
10310854936,12.9967052,80.2558262
10548419779,13.0253449,80.2251863
10558591310,12.9917544,80.2082952
10558591311,12.9914575,80.2082196
10558728114,13.0008415,80.2571935
10559615666,12.9994027,80.2689273
10559615667,12.999342,80.2694559
10559615669,12.9992671,80.2701286
10559615692,12.999809,80.2689756
10559615697,12.9972718,80.2686911
10559615698,12.9973305,80.2682024
10559615699,12.9973094,80.2683782
10559615704,12.9967862,80.2686308
10567935614,13.0010115,80.2692864
10567935618,13.0024066,80.2699393
10567935621,13.0018585,80.2717343
10567935625,13.0020263,80.2712762
10567935632,13.0014616,80.2693484
10567935633,13.002152,80.2708343
10567935639,13.001857,80.2695877
10567935648,13.0036616,80.2717001
10567935656,13.0027547,80.270162
10567935663,13.0048863,80.2720887
10567935672,13.0032476,80.2715709
10567935673,13.0028746,80.2728969
10567935674,13.0030222,80.2723721
10567935675,13.0032813,80.272447
10567935694,13.0035024,80.2716461
10567935695,13.0030662,80.2732653
10567935696,13.0027353,80.2732782
10567935705,13.0036103,80.2725498
10567935706,13.0038267,80.2717525
10567938615,13.0031805,80.2728231
10567938638,13.0038796,80.2729892
10567938654,13.0033402,80.2733606
10567938655,13.0031366,80.2733061
10567938656,13.0030421,80.2736458
10567938657,13.0041053,80.2718409
10567938663,13.0043783,80.2740369
10567938665,13.0045713,80.2731568
10567938677,13.0045903,80.2740746
10567938678,13.0046561,80.2737916
10567938684,13.0047565,80.2733646
10570522375,13.0201655,80.2001792
10573743300,12.9975523,80.2667073
10573743301,12.9957684,80.2668576
10573743307,12.9972001,80.2674936
10573743308,12.9970165,80.2668581
10573754110,12.9961052,80.2672413
10573754111,12.9965416,80.2672869
10573754112,12.9963426,80.2672662
10573754113,12.9963756,80.2669182
10573754114,12.999636,80.2661091
10573754115,12.9982729,80.2671835
10573754116,12.998089,80.2665505
10573754118,12.9987513,80.2670496
10573754119,12.9985663,80.2664141
10573754120,12.9992534,80.2669127
10573754121,12.9990726,80.2662694
10573754122,12.9997688,80.2668083
10573754124,12.9997347,80.2651898
10573754134,12.9977128,80.2649458
10573754135,12.9976528,80.2654644
10573754136,12.9996801,80.2656987
10573754137,12.9981987,80.2655275
10573754138,12.9986449,80.2655791
10574362313,13.0215132,80.2309522
10574362323,13.0202085,80.2319349
10574362324,13.0212847,80.2315991
10574362325,13.020433,80.2312928
10574362326,13.0207701,80.2321385
10574362327,13.0209988,80.2314963
10574362328,13.0204653,80.232028
10574362329,13.0206821,80.2313824
10574362330,13.0209078,80.2307311
10574362331,13.021597,80.2307117
10574382721,13.0212368,80.2324374
10574445747,13.023018,80.2305698
10574445770,13.0225082,80.2310715
10574445771,13.0224267,80.2311381
10574445779,13.021653,80.2308329
10574445786,13.0206714,80.2303408
10574445789,13.0231898,80.2306718
10579711463,13.0188383,80.2509983
10579711464,13.0185732,80.2513397
10593460192,13.0073787,80.2041876
10593460209,13.0073035,80.204161
10593460210,13.0073166,80.2042558
10593460219,13.0073085,80.2047431
10593460250,13.0073669,80.2053353
10593460312,13.0083659,80.2040121
10593460327,13.0084448,80.2041208
10593574674,12.9908582,80.2088529
10593574675,12.991192,80.2089805
10593574676,12.9914982,80.2090865
10595278750,13.0166375,80.2101913
10595278751,13.0159757,80.2101912
10610397495,12.9945522,80.2559017
10610397496,12.9945587,80.2559699
10636094301,13.0247098,80.2396275
10669042771,12.9808421,80.2181511
10669042772,12.9808092,80.2174718
10675389371,12.9966741,80.2634135
10675389372,12.996997,80.2634552
10706568149,12.9751279,80.210768
10718017048,12.9800615,80.2320397
10718193946,12.9770374,80.21343
10718193947,12.9770665,80.2139301
10718193949,12.9776294,80.2134653
10718193950,12.9773605,80.2139022
10718193951,12.9773291,80.2134592
10722598783,13.0121759,80.2324487
10738744587,13.0280182,80.226258
10786607273,12.9855939,80.2673789
11032257976,12.9768214,80.2097444
11033772484,13.0161834,80.2088165
11033772486,13.0155866,80.2087199
11033780591,13.0102008,80.2100392
11033780592,13.0101697,80.2099183
11033780593,13.0103255,80.2100196
11033780594,13.0103447,80.2099586
11033781227,13.0100189,80.2068579
11033781228,13.0105761,80.2068143
11033890689,12.9819536,80.2173386
11033995451,13.0188016,80.2032084
11033995452,13.0189029,80.2028377
11036719423,13.0209043,80.2056752
11037122652,12.9916943,80.2560746
11037321202,12.9805793,80.2309456
11037358813,12.9878429,80.2524437
11038534987,13.0031664,80.210287
11038534988,13.0031921,80.2107265
11038535792,12.9803919,80.2644217
11038547512,12.9845225,80.256158
11038553188,13.0076364,80.2065036
11038582811,13.0031994,80.2649729
11039516410,12.997238,80.2107774
11039516411,12.9966923,80.210673
11039527436,12.9995977,80.2089499
11039575610,13.0219349,80.2565547
11039711234,12.9797168,80.2125432
11041568830,12.9866264,80.2242952
11041568831,12.9870904,80.2244637
11041609611,13.0198802,80.2683267
11041651027,13.0229176,80.2687552
11041651028,13.0225725,80.269035
11041722780,12.9954412,80.2640258
11041730091,12.9920942,80.2623491
11042266858,13.0084886,80.2559878
11042266859,13.0089907,80.2560135
11043320024,13.0127635,80.2256389
11043356678,13.0133213,80.2262497
11043356679,13.0130485,80.2259601
11043356680,13.0131529,80.2263092
11043379040,13.0047312,80.2502676
11043419358,13.0252376,80.2078278
11043419359,13.0259748,80.2080087
11043431556,12.9974033,80.2077177
11043522615,13.0117709,80.2478541
11043604982,12.9758119,80.2130117
11043604983,12.9758294,80.2132613
11043604986,12.9758976,80.2134197
11043633900,12.9790112,80.2173379
11043635649,12.9795696,80.216261
11043635650,12.979989,80.2162631
11043646146,12.9782778,80.2192714
11043646148,12.9784288,80.219687
11043723059,12.9820787,80.2125901
11043774096,12.9834037,80.2169085
11043788307,12.9789132,80.2220314
11043868020,13.0245086,80.2660062
11043868028,13.0236941,80.2662793
11043878608,13.0241263,80.2582107
11045711130,13.0201542,80.2599767
11045724646,13.0198164,80.255213
11045724647,13.0204914,80.2553863
11045724648,13.0199567,80.2552509
11045780375,12.9829179,80.2609534
11045780376,12.9825597,80.260919
11045782628,12.9810279,80.2651883
11045842025,12.9850274,80.2556712
11045842034,12.9858481,80.255815
11045842035,12.9855891,80.25579
11046206859,12.9887094,80.2177444
11046206862,12.9885594,80.2184774
11046276522,13.0032224,80.2580436
11046276523,13.002962,80.2580371
11047877883,12.9900165,80.2591328
11047877884,12.9903132,80.2591804
11047952911,12.9866339,80.2621226
11047952912,12.9865554,80.2626674
11050648633,12.9897311,80.2140518
11050648635,12.9900369,80.2138657
11050651533,12.9910729,80.2193372
11050651534,12.9912959,80.2185521
11050659276,12.9862941,80.2413599
11050659283,12.9872056,80.2413514
11050668343,12.9870319,80.2192026
11050668344,12.9878817,80.2195527
11050668379,12.9973977,80.261157
11050668380,12.9974396,80.2607544
11050686280,12.9889225,80.2204784
11050686281,12.9881703,80.2201434
11050695523,12.997087,80.2620221
11050695524,12.9971205,80.2615574
11050703720,12.987436,80.2219036
11050703724,12.9872977,80.221527
11050737789,12.999996,80.2626592
11050737790,13.0000802,80.2620687
11050786440,13.0009025,80.2606435
11050795498,12.9722652,80.2221739
11050814594,13.0018565,80.2583408
11050814595,13.0022183,80.2583421
11050844580,13.0005356,80.2552926
11052083607,13.0043507,80.2438598
11052083612,13.0050332,80.2445852
11052083615,13.0049671,80.2441578
11052083616,13.0047123,80.2441667
11052085400,13.0054657,80.2433059
11052085403,13.0052152,80.2443301
11052089959,12.983064,80.2225553
11052089962,12.9838003,80.2225076
11052133645,12.9848943,80.2318976
11052139364,13.0168228,80.2126896
11052194867,13.0240357,80.2296864
11052194868,13.0234924,80.2293429
11052199789,13.0207299,80.2254189
11052209735,13.0203029,80.2266128
11052209736,13.0199311,80.2264848
11052703591,12.9926946,80.2125704
11052703592,12.9927634,80.2123253
11052710111,12.9864229,80.225386
11052728313,12.9940178,80.2177442
11054051465,12.9795356,80.2107789
11054180300,13.017951,80.2652383
11054180301,13.0178985,80.2652349
11054207603,12.979153,80.2423138
11054207604,12.9788214,80.2422664
11054207606,13.0173036,80.2649577
11054207889,12.9913095,80.2074391
11054217087,12.9799679,80.24278
11054217088,12.9799335,80.2432131
11054226848,12.980461,80.2420476
11054248074,12.9937509,80.2095077
11054248076,12.9941772,80.2091209
11054248078,12.9943093,80.2091191
11054461467,12.9925578,80.2122696
11054461468,12.9923669,80.2121864
11054524287,12.9720509,80.2259094
11054537025,12.9735679,80.2281219
11054635080,12.9729427,80.2271179
11054635081,12.9730901,80.2260306
11054635084,12.9731606,80.2265798
11056205436,13.0178004,80.2028667
11056205439,13.0174231,80.2027151
11056212008,12.9897045,80.2183845
11057770503,12.9907405,80.2517954
11058020272,12.9995532,80.2120077
11058030538,13.0129699,80.2133586
11058030542,13.0143641,80.2124593
11058070789,12.9873,80.2532814
11058070790,12.9871408,80.2532702
11058075115,12.9971379,80.2115439
11058075116,12.9977764,80.2116184
11058075117,12.9971625,80.211326
11058075118,12.9975445,80.2113535
11059186577,12.9726125,80.2190144
11059186578,12.9726589,80.2184971
11059186600,12.9731116,80.2198612
11059288307,12.9731767,80.2210472
11059326364,12.982398,80.2094783
11059326365,12.9823937,80.2099424
11061244968,13.0190214,80.2422595
11061280581,13.0194389,80.2429902
11061400187,12.9917045,80.2706281
11061439562,12.996261,80.2710668
11061455125,13.001309,80.2545424
11061455126,13.001812,80.2545619
11061455127,13.0013019,80.2547573
11061455128,13.0018545,80.2547875
11061455129,13.0013011,80.2550976
11061455135,13.0012893,80.2552624
11064196559,13.0013001,80.2549189
11064196560,13.0017594,80.2549379
11064227029,12.9879696,80.2193054
11064608710,12.9689265,80.2234226
11064683706,12.976227,80.2590409
11064683712,12.9763636,80.2592907
11064683713,12.9761847,80.2592468
11064737255,12.978046,80.2591562
11064737256,12.9779408,80.2603387
11064737257,12.9784685,80.260417
11064737258,12.9785434,80.2598366
11066130865,13.005166,80.2530536
11066130869,13.0052106,80.2546542
11066130875,13.0061542,80.2546836
11066180647,12.9761044,80.2240014
11066180648,12.9758131,80.2240285
11066184597,12.9788466,80.2288175
11066184598,12.9788177,80.2283355
11066208341,12.9752096,80.2280216
11066208345,12.9755441,80.2276898
11066208348,12.9753836,80.2277291
11066208349,12.9754343,80.2279986
11066220327,12.979891,80.2332325
11066220329,12.9799398,80.2322855
11066238270,12.9993756,80.26715
11066273320,12.9743571,80.2640021
11066273324,12.9743791,80.2647882
11066273326,12.9743294,80.2647957
11078052401,13.0223051,80.2040891
11098992199,13.0115454,80.2474339
11098992200,13.0120491,80.2466451
11100965247,13.0036507,80.2207117
11100965248,13.0037964,80.2201035
11101583942,12.9727315,80.2125455
11138662919,12.9796966,80.2546
11143247837,13.0125201,80.2257223
11155218183,13.0066297,80.25582
11155690560,12.9869535,80.2108207
11158572902,13.0065905,80.2575961
11158572903,13.0067779,80.2575987
11158696496,13.0114955,80.2230235
11160175939,13.0122301,80.217488
11171763005,12.9715255,80.2215295
11173435364,12.9862657,80.2517351
11183232599,12.9833506,80.2178496
11183232600,12.9833477,80.2179426
11185858379,12.9798896,80.2147341
11189886678,12.9815534,80.2104428
11189976309,12.9923326,80.2074128
11190008349,12.9930565,80.209189
11190008350,12.9930041,80.2094372
11190008351,12.9931723,80.2100787
11190008352,12.9932319,80.2094587
11190038634,12.993759,80.2091402
11190038635,12.9937586,80.2092313
11190075837,12.9947567,80.2101857
11190075838,12.9948223,80.2095687
11190075839,12.9945144,80.2101635
11190075840,12.9945699,80.2095826
11190315103,13.018682,80.2015456
11190315104,13.0191063,80.2015766
11190343414,13.0173789,80.2021821
11190343415,13.0170155,80.2022079
11190343417,13.0176555,80.2026632
11190343418,13.0179075,80.2025237
11190343419,13.017771,80.2028252
11190343420,13.0179601,80.2026932
11190343421,13.0174465,80.2023197
11190343422,13.0179057,80.2017393
11190366209,13.0163292,80.2031074
11190366210,13.0164493,80.2024957
11190379653,13.0143173,80.2021319
11190379658,13.0148013,80.2020698
11190410009,13.0175029,80.2004826
11190410010,13.0172984,80.2004762
11192341572,12.9756239,80.2115103
11192341573,12.9754526,80.2115316
11192341574,12.9754161,80.2110718
11192479772,12.9753767,80.2147011
11192479773,12.9754498,80.2143338
11192479774,12.9752233,80.2151578
11192479775,12.975227,80.2148497
11217088217,12.9785609,80.2595716
11217099221,12.9783469,80.2657725
11217099222,12.9775294,80.2657201
11217099223,12.9786988,80.2657984
11217099224,12.9787276,80.2655822
11217108047,12.9782725,80.2580743
11217108049,12.9773501,80.2568229
11217108050,12.9765947,80.2574382
11217108052,12.9762019,80.2573651
11217108054,12.9762617,80.2570602
11217108055,12.9761656,80.2575561
11217132749,12.9800582,80.2654862
11217132750,12.9803611,80.2647941
11217132751,12.9800302,80.2647631
11238112987,13.0062298,80.2128039
11238112990,13.0062444,80.2128589
11240698131,13.0201075,80.2044411
11240698136,13.0201674,80.20407
11242928858,13.0183234,80.2430451
11242928859,13.0185847,80.2430751
11250382312,12.9886469,80.2092046
11250382313,12.9907532,80.2078836
11250382314,12.9904976,80.2086308
11250382315,12.9909728,80.2096648
11259219735,12.9850561,80.2103715
11259219736,12.9846948,80.2097419
11259229937,12.9847009,80.2100236
11301565297,12.9795088,80.2146268
11304038196,12.9829472,80.2144292
11306545560,12.9751698,80.2137866
11306885660,12.9841041,80.2658398
11306885661,12.9847864,80.2664068
11306915473,12.9817021,80.2108818
11307033431,12.9801295,80.2101653
11307400830,13.0196551,80.2280987
11328697149,12.9870977,80.2616885
11328787841,12.9893354,80.2662917
11328968586,13.0234297,80.239542
11329022596,12.9842461,80.2060683
11330205225,13.0055663,80.2127879
11330205226,13.0055586,80.2123135
11330511052,12.9918725,80.2095211
11330511053,12.9923353,80.2097277
11367933029,13.0023614,80.2450514
11367933030,13.0040529,80.2438406
11378966123,12.9974713,80.2489887
11378966125,12.9973675,80.2488909
11400037325,13.0059058,80.254669
11402353377,13.0018657,80.25783
11402362181,13.0191221,80.2040784
11402362182,13.01882,80.2039984
11402362183,13.0192052,80.2044081
11402424403,13.019406,80.2042121
11402424404,13.0197165,80.2042714
11402431143,13.0152036,80.2088187
11402474767,13.0164256,80.2093254
11402478338,13.0010583,80.2595284
11402478339,13.0014821,80.2595549
11402484621,13.0002111,80.2586838
11402591043,12.9982653,80.2616806
11402591675,12.9981925,80.2620553
11402593822,12.9747155,80.2284612
11402593823,12.9745872,80.2284794
11402604957,12.9999559,80.264032
11402614786,12.9971455,80.262763
11402614789,12.9971001,80.2631822
11402614790,12.9971089,80.2630807
11402614791,12.9974059,80.2631256
11402614797,12.9973546,80.2628016
11402614798,12.9972491,80.2620526
11402837826,13.0107055,80.2249697
11402842258,13.0144681,80.2327037
11402926020,13.0134008,80.231966
11402926021,13.0133484,80.2325605
11414318734,13.0047283,80.2554185
11414318735,13.0050351,80.2554061
11419390672,12.9864783,80.213507
11419436624,12.9894318,80.2150822
11419436626,12.9904731,80.2116683
11419629607,12.9894002,80.2232277
11419958403,12.9840104,80.2537088
11419958413,12.9834862,80.2542768
11419978120,12.992593,80.2522513
11419978124,12.9926398,80.2522388
11427643628,13.0183567,80.2087605
11427643629,13.0181677,80.2095385
11427643630,13.0177019,80.2089677
11427643631,13.0175589,80.2089495
11427643632,13.017573,80.2087992
11427643633,13.0174706,80.2093552
11427643634,13.0175165,80.2090474
11427643635,13.0180773,80.2110044
11427643639,13.0179763,80.2118567
11427643649,13.0172519,80.2102609
11427643652,13.0177518,80.2105531
11427643657,13.0178559,80.21066
11427643659,13.0176103,80.2109997
11427643660,13.0178147,80.2105231
11427643663,13.0174747,80.2106737
11427643664,13.0170908,80.2101677
11427643666,13.018021,80.2125667
11427643668,13.017831,80.2118606
11427646270,13.0174428,80.2089619
11427763108,13.0154042,80.2014229
11427763109,13.0153811,80.2015411
11427772826,13.0200299,80.2056604
11427779416,13.0184612,80.2050049
11427779417,13.0184325,80.2051417
11428577857,13.0195267,80.2132109
11428577858,13.0198469,80.2131123
11428577859,13.0197556,80.2133443
11428741961,13.0181267,80.2170547
11430490206,12.9727224,80.2129117
11431653775,12.9854029,80.2249456
11431675432,12.9846669,80.2255708
11431675433,12.9841616,80.2255887
11431727600,12.9808214,80.2312235
11431727605,12.9806237,80.2311302
11431727609,12.9805186,80.2311364
11431797652,12.9851122,80.2306873
11431797653,12.9849841,80.2306854
11431834475,12.9845532,80.2297062
11431834478,12.984415,80.2297189
11431834479,12.9843381,80.2303718
11431866539,12.9844648,80.2313996
11433716310,13.0248831,80.203054
11436487447,13.0210792,80.2008059
11436487449,13.0209215,80.2016663
11436575123,13.0186627,80.201709
11436591965,13.0188555,80.2018525
11436607439,13.0215344,80.2014326
11436607440,13.0214304,80.2021239
11436607441,13.0214252,80.2021735
11436622646,13.0205604,80.2007357
11436629011,13.0235775,80.201961
11436629012,13.023267,80.2019
11436634812,13.0218131,80.2016866
11436643484,13.0239846,80.2016014
11465342524,12.9723134,80.2273973
11465342525,12.9714269,80.2264144
11465900503,12.9944672,80.2501241
11465900505,13.0011876,80.2479516
11465900509,12.9948535,80.2495725
11491395648,13.0294231,80.2300938
11491395653,13.0294599,80.230118
11491395656,13.0294815,80.2300885
11491395660,13.0294457,80.2300594
11491457873,12.99234,80.2616592
11491457874,12.9923723,80.2613449
11495765890,12.9816371,80.2528891
11499940376,12.999938,80.2113703
11499940377,12.9991758,80.2113442
11508783004,13.0240527,80.24199
11510668897,13.0068802,80.2484258
11510668900,13.0068365,80.2500356
11548856366,13.0184612,80.2743797
11549375624,12.9824291,80.2186143
11549375625,12.9824323,80.2184654
11578863268,12.9805543,80.2627956
11591482675,12.9952719,80.2436822
11591482680,12.9955968,80.2432191
11591483883,12.9961479,80.2423721
11591483884,12.9961309,80.2427735
11591484194,12.9936192,80.2420171
11591484195,12.9936418,80.2416636
11591485616,12.9909276,80.2609488
11591485617,12.9908628,80.2615502
11591490821,12.9802572,80.2156079
11591490822,12.9807333,80.2155809
11591529924,12.9795467,80.2156282
11591529925,12.9800093,80.2156029
11591529926,12.9795588,80.2159163
11591529927,12.97992,80.2159098
11597822617,12.9807446,80.2609333
11597822618,12.9803935,80.260903
11597834191,12.9807691,80.2602482
11597834192,12.9805289,80.2602083
11598059468,13.0238391,80.229572
11598069169,13.023788,80.2296295
11600959926,13.0043535,80.2570073
11600959927,13.004362,80.2569128
11600959942,13.0041273,80.256966
11600959943,13.0041397,80.2568731
11601245302,12.999804,80.2596931
11601245319,12.9996193,80.2596242
11601245320,12.9996151,80.2596656
11601245322,12.9998084,80.2596437
11601281930,13.0010198,80.2606534
11601281939,13.0009082,80.2605358
11601281940,13.0010249,80.2605468
11601327273,12.9994929,80.2557897
11601327274,12.9987066,80.255788
11602190942,13.0228063,80.2050946
11602191674,13.0217156,80.2041775
11612578760,12.9771334,80.2569127
11612617050,12.9826993,80.2125423
11612617051,12.9824113,80.212877
11612617052,12.98209,80.2129149
11612670134,12.982785,80.2107427
11612670135,12.9824276,80.2107568
11612690771,13.018651,80.2163709
11612690772,13.0190801,80.2161543
11612690773,13.0189919,80.216466
11612693410,12.9775601,80.2609246
11612717416,12.9767255,80.2641731
11612717440,12.9747864,80.2242575
11612748156,12.975391,80.221937
11612763919,12.9800484,80.2120755
11612763920,12.9804028,80.2120461
11612763921,12.9800036,80.2117611
11612763922,12.9803661,80.2117377
11612773137,12.969799,80.2199153
11612773138,12.9694953,80.2197941
11612775782,12.9818937,80.2101469
11612806014,12.9738129,80.225614
11612806383,12.9738876,80.2260216
11612806384,12.9739015,80.2263973
11612806385,12.9734479,80.2260266
11612806386,12.9734879,80.2265063
11612995229,12.9799859,80.2345999
11613006022,12.9799449,80.2384859
11613006023,12.9799881,80.2381668
11613006024,12.9800082,80.2376825
11613006026,12.9795669,80.2380823
11613035212,12.9796397,80.2392275
11613035213,12.9796424,80.2389351
11613035215,12.9795439,80.238926
11618028460,13.0137885,80.2252635
11618263421,13.021742,80.2327642
11618290263,13.022619,80.2300496
11618290264,13.0224519,80.2299842
11618290267,13.0221161,80.2307319
11618290268,13.0227902,80.2296072
11618291869,13.0226364,80.2295395
11618291870,13.0224867,80.2305343
11618372055,12.9856394,80.2138417
11618372056,12.9860687,80.2138453
11618401738,12.9823945,80.2257926
11618401739,12.9820333,80.2258158
11618411723,12.9804905,80.222666
11618417255,12.9795799,80.2165937
11618417256,12.9799167,80.2166019
11618453820,12.9813007,80.21387
11618453821,12.9813328,80.2144246
11622470416,12.9818668,80.2090556
11625863549,13.0143092,80.2457859
11625863550,13.0143406,80.2457848
11625938759,12.9983607,80.2684114
11625938760,12.9978616,80.2683638
11625951330,13.0145818,80.2474794
11625951331,13.0145758,80.2476236
11625951332,13.0150615,80.2472475
11626010093,12.992978,80.2084349
11626010094,12.9921539,80.2082284
11626010095,12.992822,80.2091798
11626010096,12.9919966,80.2089746
11626042857,12.9750545,80.2134337
11626066312,12.9704883,80.2148357
11626066313,12.9705395,80.2145568
11626077024,12.9757331,80.2147317
11626077035,12.9761971,80.2141639
11626085411,13.0045314,80.2596668
11626101438,12.9757856,80.2137793
11626123124,12.9771711,80.2149467
11632563840,13.002593,80.2121087
11632563841,13.0025915,80.2120479
11632563851,13.0027314,80.212101
11632563852,13.0030788,80.2120788
11632563861,13.0034575,80.2120446
11632563863,13.0042167,80.2115585
11632563866,13.0041282,80.2120317
11632563868,13.0016699,80.2114499
11632565794,13.0019711,80.2113151
11634086248,13.015326,80.1984343
11634086249,13.0148696,80.1983486
11634156236,13.015198,80.1989688
11634220593,13.0253562,80.2664585
11634220602,13.0236271,80.2684267
11634287199,13.0246815,80.2610593
11639697316,12.9930313,80.2697807
11639697317,12.9937492,80.2699338
11644227034,12.9812474,80.2386861
11644538267,12.9822902,80.2423686
11644572975,12.9814092,80.2422152
11644643591,12.9796336,80.2411565
11645078611,13.0198962,80.2550409
11645087672,12.9862428,80.255548
11648522719,13.0223283,80.2390473
11648522720,13.0225138,80.2387525
11648530707,13.0235995,80.2399123
11648530708,13.0237462,80.2400607
11648530709,13.0236291,80.240185
11648530710,13.0238587,80.2399336
11648530711,13.0235559,80.2401147
11648530712,13.0234216,80.2402398
11648530713,13.0239929,80.2400703
11648530714,13.0237373,80.2403155
11648530715,13.024217,80.2403177
11648530716,13.0239599,80.2405664
11648530719,13.0238645,80.2401916
11648530720,13.0240923,80.2404296
11648671823,13.0217614,80.2383393
11648725762,13.0209915,80.2464176
11648725767,13.0208938,80.2463612
11648743926,13.0182843,80.2456188
11648743927,13.0186457,80.2458623
11648748802,13.0190173,80.247186
11648748804,13.0187203,80.2472659
11655443007,12.9846862,80.2532981
11668396343,13.0046421,80.2202788
11668396344,13.0045511,80.2209206
11670454698,12.9914629,80.2525619
11693047241,13.0230129,80.2623621
11693047242,13.0228529,80.2628361
11736029912,12.995402,80.2529488
11738746804,13.0129464,80.2077455
11752647820,12.9795946,80.2339549
11752647821,12.9796045,80.233708
11753703527,13.023077,80.22798
11756811344,12.9829629,80.2604482
11756873875,12.9789404,80.2661378
11756873890,12.9792964,80.2600979
11756873891,12.9789985,80.2600045
11756873898,12.9794285,80.2595553
11756873899,12.9782477,80.2593206
11756873900,12.9782634,80.2591415
11756873919,12.9776224,80.2570856
11757025929,12.9810202,80.2418071
11757025930,12.9807432,80.2417561
11757025931,12.9829483,80.2416781
11757025932,12.9828459,80.2420291
11757025933,12.9829754,80.2407771
11757025934,12.9828043,80.2411655
11757025935,12.9827668,80.2431725
11757025939,12.9823952,80.2431834
11757025940,12.982395,80.2429578
11757025942,12.9821419,80.2429658
11757025943,12.9826407,80.242762
11757025944,12.9821781,80.2426305
11757025949,12.9831425,80.2357855
11757025950,12.982582,80.2355831
11757025956,12.9825393,80.2418906
11757025967,12.9803089,80.2428369
11757025968,12.979291,80.2407512
11757720090,12.9846727,80.2666778
11757720109,12.9939183,80.2695223
11757813312,12.9913178,80.2572352
11757813313,12.9913662,80.2568288
11757813314,12.9913385,80.2570533
11757813316,12.9930049,80.2608132
11757813318,12.9928232,80.2614731
11757813352,12.9843056,80.2678916
11757813353,12.9837957,80.2682307
11757813355,12.9840928,80.2673783
11757813357,12.9836862,80.2682102
11757871772,12.9833907,80.2681549
11757871777,12.9847276,80.2665839
11757871817,12.9836992,80.25819
11757871818,12.9837645,80.2576402
11757871819,12.9835541,80.2598892
11757871820,12.9835958,80.2594998
11757871821,12.9837136,80.2598771
11757871822,12.9837514,80.2595098
11757871848,12.9910643,80.2592495
11763071657,12.9841278,80.2289781
11763071658,12.9841357,80.2287608
11763071661,12.9842533,80.2292624
11763071663,12.9842155,80.2296989
11763071664,12.9845806,80.2298619
11763071668,12.9850139,80.2299571
11763079338,13.0225391,80.2702777
11763084271,12.9842833,80.228329
11763084336,12.986678,80.226379
11768230863,12.9698342,80.2152848
11768230864,12.9721078,80.21248
11768865771,12.9734912,80.2209617
11768865791,12.9789872,80.2159685
11768865797,12.9786261,80.2158675
11768865837,12.9793447,80.2126363
11768869712,12.9944221,80.2497747
11770224835,12.9863847,80.2191947
11770224836,12.9861922,80.2191447
11770224837,12.9864108,80.2190284
11770224838,12.9862318,80.2189748
11770224839,12.9863605,80.2216892
11770224840,12.9863233,80.2218139
11770224841,12.9859156,80.2221063
11770224842,12.9861717,80.221771
11770224843,12.9865141,80.2218676
11770224845,12.986991,80.2203669
11770224846,12.9873596,80.2205573
11770224847,12.9882207,80.2207008
11770224848,12.9879964,80.2205954
11770224849,12.9886732,80.222389
11770224859,12.9888541,80.2221745
11770278873,12.9874826,80.2203514
11770278884,12.9864984,80.220843
11770278885,12.9861599,80.221307
11770278892,12.9864252,80.2211273
11770278927,12.9892303,80.2172771
11770278929,12.9894639,80.217091
11770278933,12.9894257,80.217002
11770278945,12.9928755,80.2155027
11770278946,12.9916488,80.2145557
11770278947,12.9918026,80.214179
11770278948,12.9919693,80.214229
11770278949,12.9915852,80.214096
11770278950,12.991425,80.2144647
11770278951,12.992014,80.2147123
11770278953,12.9922392,80.2140941
11770278954,12.9921803,80.2142984
11770278961,12.9912237,80.2138223
11770278962,12.9926716,80.214521
11770278963,12.9929709,80.2128494
11770278968,12.991868,80.2133824
11770278969,12.9915923,80.2132966
11770278970,12.9922077,80.2135031
11770278971,12.9924051,80.2135554
11770291502,12.9849903,80.2167124
11770291505,12.984792,80.2167016
11770291534,12.9857195,80.2136439
11770291540,12.9832065,80.2126501
11770291561,12.9839867,80.2137955
11770378180,12.9887827,80.2159667
11770378182,12.988738,80.2157568
11770378188,12.988311,80.2160433
11770378194,12.986663,80.2167714
11770425259,13.0019273,80.2192229
11770425260,13.0020227,80.2190942
11770425261,13.0017,80.2192417
11770425262,13.0019103,80.2189694
11770425263,13.001649,80.2190968
11770425264,13.0013079,80.2188688
11770425265,13.0015079,80.2185738
11770425266,13.0012243,80.218673
11770425267,13.0013357,80.2184589
11770425268,13.0011289,80.218551
11770605169,13.0012272,80.2183851
11770605170,13.0009826,80.2185336
11770605171,13.0011272,80.2183203
11770605172,13.0009381,80.2183861
11770605173,13.0010192,80.2182493
11770605174,13.0007526,80.2184316
11770605175,13.0009068,80.2181795
11770605176,13.0005219,80.2183123
11770605177,13.0006916,80.2180473
11770605191,13.0024631,80.2198023
11770605192,13.0025718,80.2196297
11770605193,13.0026918,80.2199565
11770605195,13.0028041,80.2197687
11770605201,13.0004965,80.2125791
11770605202,13.0004229,80.2131344
11770605203,12.9988996,80.2119246
11770605249,12.9965005,80.2113345
11770605250,12.9971497,80.2114393
11770663892,12.9955001,80.2438387
11770663893,12.995522,80.2436889
11770663898,12.9959046,80.2427673
11770663899,12.9958889,80.2432394
11770663900,12.9970467,80.2434432
11770663901,12.9965501,80.243513
11770663913,12.9958092,80.2436256
11770790405,12.9943488,80.2513687
11770790430,13.000733,80.2514993
11770790447,13.0024931,80.2504143
11770790448,13.0036561,80.2513088
11770790450,13.0032563,80.2513692
11770790452,13.0024425,80.2505915
11772697237,12.9953061,80.2587265
11772697242,12.9945377,80.2563728
11772697243,12.9945024,80.2565646
11772697252,12.9949167,80.2564144
11772697253,12.9950744,80.2564308
11772697255,12.9947024,80.2571627
11772697256,12.9953636,80.2577367
11772697257,12.995063,80.2577021
11772697258,12.9953871,80.2575704
11772697259,12.9950787,80.2575409
11772701092,13.0018032,80.263541
11772701093,13.0018816,80.2632138
11772701094,13.0009225,80.263761
11772701095,13.0011211,80.2629939
11772701096,13.001385,80.2635571
11772701097,13.0014857,80.263099
11772701098,13.0013275,80.2636725
11772701100,13.0023886,80.2639595
11772701129,12.9973616,80.2614234
11772701152,13.003434,80.2587023
11772701153,13.0032001,80.2586929
11772714201,13.00127,80.2580143
11772714202,13.001862,80.2580036
11772714207,13.0018476,80.25914
11772936278,12.9947964,80.2687244
11772936279,12.9950501,80.2687407
11772936280,12.9950382,80.2689645
11772936281,12.9952846,80.2683947
11772936282,12.9953675,80.2677923
11772936283,12.9944482,80.2688511
11772936284,12.994196,80.268829
11772936289,12.9942476,80.2696967
11772949092,13.0091051,80.264107
11772949093,13.0091678,80.2636403
11772949104,13.0106759,80.2590659
11772949114,13.0099557,80.258245
11772949119,13.0103209,80.2576576
11772949124,13.0106143,80.2576529
11772949125,13.0105411,80.2576308
11773155474,13.0123665,80.2456641
11773155475,13.0127637,80.2463669
11773155476,13.0127272,80.2460825
11773155477,13.0131634,80.246032
11773155488,13.0131218,80.2455327
11773155489,13.0131374,80.2460343
11773155494,13.0125716,80.2456479
11773155507,13.0126932,80.2455099
11773155511,13.0128265,80.2455367
11773155525,13.0136013,80.2453168
11773155530,13.0133622,80.2448246
11773347999,13.0124421,80.2485175
11773348037,13.0063126,80.2473915
11773362692,13.0106286,80.2471715
11773362693,13.0101656,80.2470987
11773362694,13.0118674,80.247598
11773362695,13.0118803,80.2479431
11773362699,13.012347,80.2466343
11773362700,13.0129362,80.247134
11773362708,13.0130656,80.2467947
11773362709,13.0133099,80.2476557
11773362715,13.0131741,80.2479534
11773362720,13.0129192,80.2468912
11773362721,13.0126417,80.2468898
11773362725,13.013558,80.2488395
11773362750,13.0115485,80.2454361
11773362752,13.0120813,80.2466488
11773362762,13.0128487,80.2476087
11774985685,13.0255411,80.2281931
11774985687,13.0253505,80.2279615
11774985688,13.0254686,80.2273119
11774985697,13.0254928,80.2279949
11775267619,13.0165975,80.2257997
11777067312,13.0189102,80.2334493
11777067313,13.0188423,80.2336505
11777067314,13.0190722,80.2333796
11777067315,13.0189502,80.2336909
11777067317,13.018756,80.2338865
11777067330,13.0187456,80.2368262
11777067335,13.0192918,80.2368075
11777067336,13.0190461,80.2371253
11777104032,13.0175304,80.2521121
11777104033,13.0171567,80.2519378
11777104046,13.0185156,80.2472587
11777104048,13.0185979,80.2470293
11777104049,13.0188095,80.2466434
11777104050,13.0184307,80.2475511
11777104051,13.0182769,80.2478906
11778113354,13.0282831,80.235676
11778113355,13.0281596,80.2357827
11782198544,13.0119025,80.2320373
11782227144,13.0121396,80.2316787
11782227148,13.01204,80.232114
11786578558,13.0131415,80.2255098
11786578559,13.0131795,80.2259145
11786602390,13.0133284,80.2258627
11786602391,13.0134427,80.2262068
11786604796,13.0133294,80.2255191
11786614127,12.9814345,80.2587339
11786614128,12.9812122,80.2586763
11789974947,12.9852798,80.2175872
11789974948,12.9850688,80.2175781
11792333842,13.0217456,80.2636805
11792333845,13.0219594,80.263373
11792333860,13.0231097,80.2632862
11792333861,13.0232279,80.2630653
11792333862,13.0233893,80.2627766
11792333863,13.0229085,80.2632299
11792333864,13.0230423,80.2629519
11792333865,13.0232221,80.2626184
11792333866,13.023405,80.2631736
11792333867,13.0225312,80.2635486
11792407173,13.0199189,80.2591073
11792407177,13.0201331,80.2587948
11792407178,13.0200104,80.2583724
11792407179,13.0198176,80.258409
11792407180,13.020533,80.2582008
11792407181,13.02004,80.2581448
11792407182,13.0214415,80.257995
11792407184,13.0228066,80.2560335
11792407188,13.0216502,80.2573498
11792407200,13.0239588,80.2582006
11792407204,13.023782,80.2575675
11792407205,13.0239485,80.2579594
11792407206,13.0236356,80.2579433
11792407207,13.0238764,80.2575265
11792407210,13.0241719,80.2581833
11792407224,13.0231556,80.2555672
11792407233,13.022702,80.2563675
11792407271,13.0195476,80.2583559
11792407272,13.0194591,80.2581193
11792407283,13.0196691,80.2587562
11792407285,13.020014,80.2578528
11792407286,13.0196681,80.2578977
11792407288,13.0195432,80.2587806
11792407294,13.0195812,80.2589692
11792407312,13.0223132,80.2599251
11794889689,13.0225329,80.276736
11794889696,13.0239699,80.2738952
11794889697,13.0240071,80.2738017
11794889744,13.0231712,80.2697732
11794889749,13.0232378,80.2690879
11794924262,12.9832418,80.211158
11794935375,12.9837939,80.2112633
11794935382,12.983051,80.211434
11794953391,12.9804612,80.2123848
11794953392,12.9800937,80.2123939
11794957072,12.98312,80.2110493
11794957073,12.983135,80.2114167
11794964049,12.986429,80.2138254
11794989078,12.9837098,80.2151919
11794989079,12.9841906,80.2151631
11795012983,12.9846238,80.2185526
11795162118,13.0275386,80.2030882
11801132749,12.9896,80.2064329
11801132750,12.9894908,80.2068349
11801178049,13.0266956,80.2267756
11801232124,13.0258321,80.2277763
11801245726,12.9914112,80.2109396
11801245727,12.9909857,80.2108374
11801272291,12.9914776,80.2106911
11801272292,12.99109,80.2105986
11801341350,12.9910732,80.2615648
11801377581,12.9990591,80.21074
11801625127,12.9774763,80.2330323
11806316594,12.9782768,80.2156911
11806341579,12.9799654,80.2168983
11806341580,12.9800775,80.2167783
11806414077,12.9828457,80.2359181
11806414078,12.9825315,80.2358431
11806418890,12.9831392,80.2361469
11806419122,12.985833,80.2533462
11806433640,12.9822418,80.2352056
11806433641,12.982178,80.2353444
11806949018,13.0028454,80.2437609
11806949021,13.0028793,80.2446752
11818417011,12.998188,80.2086617
11818417012,12.9977901,80.2086016
11818432757,12.9983135,80.2078368
11818432758,12.9987324,80.2079422
11821049875,13.0170748,80.2477843
11824333189,13.0215052,80.2002805
11824333190,13.0214878,80.2006074
11824333191,13.022438,80.2006629
11824333192,13.0224704,80.2002737
11824338640,13.0192614,80.2037122
11832488583,12.9779737,80.2191825
11832488587,12.9775489,80.2190806
11832653247,12.9863507,80.2254156
11832653248,12.9866322,80.2254939
11832653249,12.9863616,80.225368
11832685263,12.9847775,80.2281808
11832685264,12.9851312,80.2281917
11832685265,12.9847862,80.2280354
11832685266,12.9850728,80.2280312
11840419786,13.0199916,80.2670558
11840419788,13.0195184,80.2681162
11840514985,13.0232821,80.2678644
11840514986,13.0232981,80.2678709
11840514987,13.0232477,80.2678508
11846911054,13.0062306,80.2115302
11847094892,12.9868914,80.2315417
11925287669,13.003711,80.2120362
11925287670,13.0037973,80.2119457
11925452741,13.023685,80.2744476
11927484700,13.0000798,80.2668745
11936247015,12.9879,80.2513095
11938949875,12.9901027,80.2207226
11941450279,13.0039987,80.2475229
11941450632,12.9766287,80.2129219
11941450633,12.9767053,80.2129148
11944753128,13.0091399,80.2142983
11944753129,13.0092102,80.2142321
12003228032,12.987381,80.2557094
12012274237,13.0072353,80.2379909
12025173020,12.987275,80.2536097
12025614303,13.0193327,80.2577815
12033352013,12.9835555,80.2263764
12033352014,12.9830802,80.2263427
12040953841,12.9782315,80.2161063
12040970369,12.9785948,80.2181389
12041052737,13.0091737,80.2059439
12041284825,13.0027283,80.2120377
12048820658,13.015532,80.2434619
12048840907,13.0159962,80.2446419
12049050872,13.0184496,80.250525
12049269093,13.0189245,80.2614705
12049269105,13.0186947,80.2610411
12060675401,12.9927831,80.2602429
12062541389,12.9899059,80.2647143
12067412556,13.0188823,80.2674489
12067412557,13.0189591,80.2673958
12067413872,12.9932618,80.2071723
12067413873,12.9927415,80.2070388
12067451061,13.0182063,80.2691197
12067451062,13.0182566,80.2691381
12067453469,12.9772893,80.257795
12068011115,12.9890309,80.2695245
12069331922,12.9919105,80.2675336
12069344946,12.9946121,80.2708159
12069421470,13.0173713,80.2438416
12069421474,13.0172012,80.2435216
12069585340,13.0186887,80.2341559
12069585341,13.0192537,80.2342455
12088978423,12.9889769,80.2595891
12088978424,12.9889257,80.26003
12100200896,13.0102738,80.2534973
12100234006,13.0103088,80.2536065
12107403267,13.0065365,80.2484148
12107403268,13.0066761,80.2484049
12124624594,13.0066126,80.2442533
12156971222,13.0065443,80.2551166
12156971224,13.0107556,80.2591859
12156990400,12.9784681,80.225212
12157030704,12.9720987,80.2194508
12157405822,12.9877874,80.2550664
12157405823,12.9878672,80.2550646
12157405824,12.9878475,80.2553931
12157405825,12.9879164,80.2545188
12159256548,13.0077549,80.2061372
12183394019,12.9707377,80.2189424
12183394020,12.9706495,80.2193554
12204815383,12.9931094,80.2109289
12204815385,12.9928789,80.2111172
12213924370,13.0214318,80.2631271
12218183336,13.0035434,80.2502195
12218183337,13.003335,80.2504626
12239526654,12.9821404,80.2376245
12241732009,12.994825,80.2470356
12241732010,12.994368,80.2470286
12244063246,12.981247,80.2210859
12244063247,12.9813188,80.2206863
12284611277,12.9916051,80.2568702
12287859034,13.0131065,80.2245747
12294623164,12.9757042,80.2204375
12294623165,12.9756216,80.2202557
12334925207,12.9814181,80.2432148
12334925218,12.9813111,80.2431316
12368148117,12.9822422,80.2638306
12368148118,12.9822763,80.2633882
12405111321,13.0181779,80.2610063
12405111329,13.0180303,80.2609073
12415838560,12.9837905,80.2095132
12418878941,12.9908988,80.2560597
12418878946,12.9907419,80.2565093
12419970573,12.9821267,80.264339
12419970575,12.9825758,80.2647633
12483820630,12.969783,80.2186821
12483820631,12.9697393,80.2186395
12484349560,13.0065821,80.2516572
12497489526,12.9748014,80.2207545
12497489527,12.9750127,80.2206684
12529115950,13.0237004,80.2001109
12529115951,13.0236259,80.2005005
12541133530,12.9942396,80.2559337
12554417126,13.0157749,80.2044699
12554417127,13.0158749,80.2050022
12612393750,13.0158187,80.2001293
12612393757,13.0156047,80.2000703
12625583466,12.9863668,80.2517749
12625583471,12.9876488,80.2515884
12625583473,12.9877203,80.2514698
12625583481,12.988077,80.2512668
12672943579,12.995765,80.2668883
12672943582,12.995714,80.2676908
12672943583,12.9956964,80.2678328
12672943584,12.9956183,80.2684616
12672943585,12.9954678,80.2697305
12672943586,12.9954246,80.2697277
12684083856,13.0182697,80.2027519
12684083857,13.0180113,80.2029523
12686795213,13.0064135,80.2574518
12686795214,13.0064597,80.257597
12686956010,12.9877625,80.251638
12686956011,12.9878365,80.2516258
12702176405,12.9879886,80.2184435
12702176406,12.9879175,80.2188371
12704454322,13.0252425,80.2299386
12704454323,13.0253817,80.2298378
12707002731,13.0231455,80.205233
12721867639,13.0025628,80.2553162
12721867640,13.002961,80.2553329
12725165090,12.9685244,80.2165066
12725165091,12.9685832,80.2165419
12741357173,13.0128819,80.2077331
12741357177,13.012871,80.2087938
12741357183,13.0129411,80.2087848
12756684689,12.9683524,80.2180831
12756718991,13.0128262,80.2082752
12756718992,13.0115869,80.2083868
12756764775,13.0067933,80.2490148
12756764776,13.0068891,80.249009
12768599308,12.9877668,80.2540888
12768599311,12.9876617,80.2538627
12772575280,12.9849178,80.2532473
12772575283,12.9848648,80.2538714
12833451245,13.0020185,80.244402
12833451246,13.0024665,80.244402
12895275712,12.9812751,80.2432643
12901410643,12.9960193,80.2677001
12901410645,12.9957201,80.2676283
12901410646,12.9956768,80.2676251
12901601245,12.9863404,80.2555276
12989031023,12.9886611,80.2162883
12989236287,12.9804374,80.2616756
12989236288,12.9803871,80.2621883
12989236289,12.9804055,80.2620009
12989236290,12.9806014,80.2620257
12995827016,13.0127351,80.2097833
12995827023,13.0124936,80.2097987
13019074034,12.9780291,80.2268903
13065690352,12.9940776,80.2516278
13065690353,12.9943267,80.2515615
13144750314,12.9827821,80.2658486
13144750315,12.9830779,80.2661009
13284331470,13.0279232,80.2309328
13284331471,13.0279946,80.2309804
13327985346,13.0069162,80.2576776
13350962794,12.977899,80.2590952
13350962795,12.9779076,80.2588164
13399298670,13.0216973,80.2307604
13399298675,13.020699,80.2302561
13399298678,13.023259,80.2307202
13399298679,13.0236441,80.2301021
13399298680,13.0237194,80.2301517
13399298681,13.0230385,80.2308358
13399298682,13.0231122,80.2309016
13433709641,12.98491,80.2521962
13433709642,12.9848875,80.252095
13433709643,12.9846855,80.2521471
13433709644,12.984714,80.2522465
13461863764,13.014522,80.2403994
13571597841,13.0067411,80.2447327
13600662631,13.0247035,80.2609866
13613527394,12.9873436,80.2527083
13613590587,13.0143992,80.2011664
13613590598,13.0142856,80.2011317
13629150675,12.9872021,80.2545795
13757859356,12.9951162,80.2521269
13757859358,12.9948271,80.2520603
13757859360,12.9948585,80.2517751
13774656784,13.0067862,80.2401866
13793703061,12.9865688,80.2180718
13807766819,13.0255227,80.2655241
13875637493,12.9905519,80.2559742
13875637496,12.9907692,80.2556957
13909222840,13.0074661,80.212799
13909222841,13.0076065,80.2125419
13911105867,13.006796,80.2580383
13911105868,13.0069422,80.2579796
13911105869,13.007054,80.2579295
13956904346,13.005419,80.2472623
13966900343,13.0136521,80.2043658
13966900344,13.0149648,80.1995782
13966900348,13.0148471,80.1998572
13966900349,13.014492,80.2011955
13966900351,13.0140258,80.2029528
13966900353,13.0136894,80.2042241
13966900354,13.0141354,80.202543
13980639745,12.9967517,80.257921
13980639746,12.9971101,80.2579567
13987639834,13.0208251,80.2463245
13995027323,12.980704,80.2091812
13995079476,13.0157296,80.2042195
14008099693,12.9784565,80.260939
14008099694,12.9785534,80.2604376
14014630763,12.9744364,80.2230224
14014630764,12.9741116,80.2230143
14049890124,12.9906324,80.2095996
14053105225,13.0232746,80.2064954
14053105226,13.0232608,80.2059742
14091916645,13.0034771,80.2513658
14094110631,13.0066459,80.2466455
14094110632,13.0067631,80.2466301
14094418970,13.0054248,80.2471613
14094418971,13.0047768,80.247305
14104708476,12.9681789,80.2229913
14105192514,12.9810701,80.2461966
14136671924,12.9686929,80.2212239
14137325193,12.9768081,80.2322202
14141791480,12.9737278,80.2291396
14141791481,12.9736546,80.2292551
14141791482,12.9738073,80.2292033
14141791488,12.97369,80.2291992
14141791489,12.9734636,80.2290684
14141791490,12.9734289,80.2291297
14144290611,13.0037129,80.2199663
14144290612,13.0036872,80.220072
14148225602,13.0225595,80.2266405
14148225611,13.0243722,80.2283854
14152948067,12.9912566,80.2076048
14152948068,12.9904771,80.2073727
14152948069,12.9910362,80.2077772
14152948070,12.9911109,80.2075601
14152948071,12.9911938,80.2073233
